"Table S1.Detailed statistic information of the training, test and true external sets in the Mouse-QSTR models  ",,,,,,,,,,,,,,
Mouse-QSTR Model,Compound Information,,,,Mouse-QSTR Model-Descriptor Value,,,,,,Predicted Activity by  Mouse-QSTR,,Model's AD,
Dataset grouping,No.,CID,Status,Exp. endpoint,AATS3p,F10[C-O],minHBint3,P_VSA_charge_10,P_VSA_charge_14,SM1_Dzm,Predicted endpoint,Residual,HAT i/i (h*=0.4375),
Modeling Compounds,1,1017,Test,1.82,1.47854,0,0,0,1.819749,0.997062,1.9478,0.4801,0.0638,
Training 48,2,2347,Train,1.87,1.305874,2,0,4.592385,14.38266,0.997062,1.8453,-0.093,0.067,
 Test 15,3,2391,Train,1.31,1.512541,8,0,10.48686,14.38266,1.139562,1.7942,1.8864,0.1299,
All 63,4,2787,Test,2.47,1.344106,16,3.154215,10.48686,1.819749,1.495593,2.7036,1.0854,0.3884,
,5,2898,Test,1.46,1.399279,8,0,10.48686,14.38266,0.997062,1.8452,1.482,0.1076,
,6,3026,Train,1.9,1.14701258,0,0,0,14.38266095,0.997062316,1.8424,-0.2198,0.0942,
,7,3259,Train,2.32,2.712238,0,0,0,7.19133,4.867744,2.2833,-0.169,0.3785,
,8,4115,Train,2.83,1.784129,0,0,10.48686,0,2.482085,2.931,0.3794,0.0648,
,9,5502,Train,2,1.610901,5,0,2.756748,0,1.282063,1.9783,-0.0824,0.0864,
,10,6623,Train,1.98,1.544731,0,0,0,0,0.498531,1.7111,-1.0391,0.1154,
,11,6626,Train,2.19,1.676833,0,0,0,0,1.622421,2.0993,-0.3411,0.067,
,12,6781,Train,1.56,1.268906,0,0,0,14.38266,0.997062,1.7158,0.5894,0.0773,
,13,6782,Test,1.44,1.2146,0,0,0,14.38266,0.997062,1.7722,1.2604,0.0824,
,14,6785,Train,1.69,1.24849,4,0,0,21.57399,1.495593,1.5745,-0.4445,0.1077,
,15,6787,Train,1.29,1.075888,6,0,0,14.38266,0.997062,1.7092,1.597,0.0899,
,16,6819,Train,1.43,1.146557,4,0,0,21.57399,1.495593,1.6804,0.9713,0.1222,
,17,8343,Train,2.42,1.146398,4,0,0,14.38266,0.997062,1.705,-2.7015,0.0747,
,18,8344,Train,1.95,1.298817,2,0,9.18477,14.38266,1.495593,2.3227,1.4106,0.0778,
,19,8346,Test,1.78,1.083905,6,0,0,14.38266,0.997062,1.7009,-0.3012,0.0882,
,20,8554,Train,1.46,1.549563,0,0,0,14.38266,0.997062,1.4241,-0.1386,0.1151,
,21,8573,Train,2.79,1.409013,0,3.040236,11.7711,8.101205,0.997062,2.7825,-0.0319,0.2759,
,22,10708,Train,1.92,1.550925,0,0,0,2.729623,1.495593,2.0731,0.5719,0.0531,
,23,12442,Train,1.82,2.635932,0,0,0,1.819749,3.641801,1.9817,0.7235,0.3398,
,24,15854,Train,3.25,1.43976,8,0,11.61458,0,1.994125,2.8426,-1.5386,0.074,
,25,18725,Train,0.96,1.143594,20,0,0,21.57399,1.495593,1.131,0.7429,0.3,
,26,20326,Test,3.1,1.561935,0,0,10.48686,0,2.482085,3.1619,0.2376,0.1046,
,27,20327,Train,3.3,1.453556,0,0,10.48686,0,2.482085,3.2745,-0.1004,0.1484,
,28,23871,Train,3.23,1.495308,0,0,10.48686,0,1.820901,2.9219,-1.1578,0.0648,
,29,24072,Train,1.7,1.215444,14,0,9.18477,28.76532,2.24339,1.8296,0.5281,0.2041,
,30,26391,Train,2.84,1.52242,10,2.795496,15.73028,14.38266,1.638094,2.5679,-1.0995,0.1911,
,31,30580,Train,2.42,1.792548,0,0,0,0,2.482085,2.3811,-0.1481,0.0872,
,32,33934,Train,2.15,1.132555,4,0,0,14.38266,0.997062,1.7194,-1.6291,0.077,
,33,36713,Train,2.89,1.533611,0,0,10.48686,0,2.482085,3.1913,1.1637,0.1145,
,34,41819,Train,2.15,1.357948,0,0,10.48686,0,0.498531,2.4463,1.1248,0.0831,
,35,41821,Train,2.67,1.521549,0,0,10.48686,0,1.820901,2.8947,0.8422,0.0601,
,36,65913,Train,2.58,1.57227,0,0,10.48686,0.909874,1.139562,2.4908,-0.3351,0.0635,
,37,70897,Train,2.93,2.173024,8,0,10.48686,23.319,5.094641,2.6372,-1.3312,0.3608,
,38,76302,Test,2,1.74416,0,0,0,0,2.482085,2.4314,1.6455,0.0923,
,39,100191,Train,3.98,1.456375,21,1.336952,23.5422,7.19133,3.865811,3.7768,-0.9117,0.3437,
,40,100570,Test,2.97,1.614651,3,0,15.73028,0,1.597479,2.8604,-0.4124,0.0674,
,41,171260,Test,1.01,1.162186,4,0,0,14.38266,0.997062,1.6886,2.5605,0.0724,
,42,200529,Test,1.18,1.195048,8,0,0,14.38266,0.997062,1.5163,1.2787,0.0863,
,43,202896,Train,1.77,1.654217,4,0,0,0,2.482085,2.3867,2.3801,0.1132,
,44,210559,Test,2.2,1.611591,4,0,0,0,2.482085,2.431,0.8964,0.1229,
,45,214768,Train,3.08,1.660839,0,0,10.48686,0,2.482085,3.0591,-0.0792,0.0786,
,46,214769,Test,3.71,1.502869,0,0,10.48686,0,2.482085,3.2232,-1.8928,0.1265,
,47,767036,Train,2.13,1.440154,2,0,5.243428,0,0.997062,2.2544,0.4647,0.0535,
,48,3034829,Train,2.45,1.501992,17,0,15.07924,3.143299,2.001048,2.5367,0.346,0.1713,
,49,3047066,Train,3.25,1.442238,0,0,10.48686,0,1.820901,2.9771,-1.0325,0.0772,
,50,3047067,Train,2.87,1.470694,0,0,10.48686,0,1.820901,2.9475,0.2921,0.0701,
,51,3047068,Train,2.56,1.371828,0,0,10.48686,0,0.498531,2.4319,-0.4864,0.0841,
,52,3056769,Test,3.83,1.437519,23,1.303471,23.5422,7.19133,3.489718,3.5473,-1.2412,0.3146,
,53,3066198,Train,2.98,1.395837,8,1.255555,20.32267,7.19133,1.388828,2.954,-0.0979,0.0669,
,54,3066711,Test,3.11,1.63375,12,3.785568,15.73028,8.101205,1.495593,2.6652,-1.9888,0.3393,
,55,3066712,Train,2.9,1.601758,8,0,20.32267,7.19133,1.246328,2.5164,-1.5338,0.174,
,56,3066715,Train,2.96,1.592919,11,3.754652,15.73028,0.909874,1.246328,2.8793,-0.3622,0.3442,
,57,3066716,Train,2.92,1.567771,7,0,20.32267,0,0.997062,2.7273,-0.7623,0.1555,
,58,3066718,Train,2.84,1.459527,10,0.642799,20.32267,0,1.282063,2.9498,0.4177,0.0878,
,59,3079007,Train,2.91,1.554478,7,3.422224,20.32267,0,0.997062,3.1688,1.0924,0.2588,
,60,3079008,Test,2.9,1.591695,3,0,20.32267,0,0.747797,2.724,-0.7106,0.1892,
,61,3079009,Train,2.94,1.562579,3,0,15.73028,0,1.408982,2.8264,-0.428,0.0697,
,62,3089902,Train,2.17,1.508167779,16,0,2.756747554,0,2.065594189,2.0717,-0.4211,0.2797,
,63,4485134,Train,4.15,1.547238952,18,1.646246521,45.14911897,7.191330476,2.74192137,4.414,1.2451,0.4061,
, Total Number of True External Compounds = 1913,,,,,,,,,,,,,
,No.,CID,Status,Exp. endpoint,AATS3p,F10[C-O],minHBint3,P_VSA_charge_10,P_VSA_charge_14,SM1_Dzm,Predicted Activity,Residual,HAT i/i (h*=0.4375),Prediction Quality (Proportion of Good and Moderate for Total True External Set=94.4%)
,1,1762,True external,-,1.39295305477811,22,1.87211726173171,35.31330599,7.191330476,2.991186949,4.0735,-,0.301,Good
,2,6779,True external,-,1.14083722252489,0,0,0,14.38266095,0.997062316,1.8489,-,0.0956,Good
,3,6960,True external,-,1.07833305682388,15,0,0,21.57399143,1.495593475,1.3715,-,0.1911,Good
,4,8345,True external,-,1.1045331668383,6,0,9.184769766,14.38266095,1.495593475,2.3865,-,0.0855,Good
,5,8558,True external,-,1.1074911676145,4,0,0,14.38266095,0.997062316,1.7454,-,0.0819,Good
,6,8559,True external,-,1.18172149594035,0,0,0,14.38266095,0.997062316,1.8064,-,0.0874,Good
,7,8561,True external,-,1.1235606093073,4,0,0,14.38266095,0.997062316,1.7287,-,0.0786,Good
,8,8970,True external,-,1.1688795520443,8,0,0,14.38266095,0.997062316,1.5435,-,0.0875,Good
,9,11689,True external,-,1.95908759929161,0,0,6.110208897,7.191330476,2.945692133,2.4826,-,0.0849,Good
,10,14902,True external,-,1.09781992862943,6,0,0,14.38266095,0.997062316,1.6864,-,0.0854,Good
,11,28124,True external,-,1.31869511648721,8,0,9.184769766,21.57399143,1.495593475,1.8374,-,0.1178,Good
,12,28813,True external,-,1.18080617923897,0,0,0,14.38266095,0.997062316,1.8073,-,0.0875,Good
,13,36426,True external,-,1.12282291405291,3,0,4.592384883,14.38266095,1.246327895,2.1175,-,0.0803,Good
,14,39180,True external,-,1.12119001021497,3,0,0,14.38266095,0.997062316,1.7657,-,0.0812,Good
,15,61333,True external,-,1.06424091966885,18,0,0,21.57399143,1.495593475,1.2826,-,0.2514,Good
,16,66539,True external,-,1.22080403842436,2,3.33116300851984,9.184769766,14.38266095,1.495593475,2.8201,-,0.4155,Good
,17,69060,True external,-,1.16681645328191,6,0,9.184769766,14.38266095,1.495593475,2.3218,-,0.0694,Good
,18,69119,True external,-,1.57709157778718,0,0,2.756747554,14.38266095,1.638093653,1.8375,-,0.0777,Good
,19,73717,True external,-,1.08809689470986,12,0,0,21.57399143,1.495593475,1.4649,-,0.1497,Good
,20,73718,True external,-,1.10074186508679,12,0,0,21.57399143,1.495593475,1.4518,-,0.1478,Good
,21,73719,True external,-,1.21500001875368,8,0,0,21.57399143,1.495593475,1.4712,-,0.1084,Good
,22,74432,True external,-,1.71154455192806,0,0,10.48685619,19.63473836,3.829154856,2.9331,-,0.2977,Good
,23,75560,True external,-,1.14513594351239,16,0,0,28.7653219,1.994124633,1.2431,-,0.2436,Good
,24,76389,True external,-,1.55769987204056,0,0,0,14.38266095,3.641801386,2.6523,-,0.278,Good
,25,77861,True external,-,1.42384138787381,0,0,9.184769766,14.38266095,0.997062316,2.0287,-,0.1223,Good
,26,79253,True external,-,1.16769880162665,0,0,0,14.38266095,0.997062316,1.821,-,0.0899,Good
,27,81346,True external,-,1.69097373841306,0,0,0,14.38266095,3.641801386,2.5138,-,0.2161,Good
,28,81724,True external,-,1.18658598450473,0,0,0,14.38266095,0.997062316,1.8013,-,0.0865,Good
,29,82047,True external,-,1.67168255487421,0,3.25908128261785,0,0,1.907421376,2.6453,-,0.4703,Good
,30,83310,True external,-,1.74729525853658,0,0,0,0,1.622421019,2.0261,-,0.0744,Good
,31,84135,True external,-,1.31646176859268,0,0,9.184769766,14.38266095,1.246327895,2.2569,-,0.1006,Good
,32,84206,True external,-,1.0413767477606,8,0,0,14.38266095,0.997062316,1.676,-,0.1066,Good
,33,86117,True external,-,1.15167570372542,8,0,0,14.38266095,0.997062316,1.5614,-,0.0888,Good
,34,86118,True external,-,1.13699207012834,9,0,0,14.38266095,0.997062316,1.5421,-,0.0991,Good
,35,88370,True external,-,1.59561750499664,0,0,0,14.38266095,0.997062316,1.3763,-,0.1315,Good
,36,92344,True external,-,1.12060608396159,8,0,0,14.38266095,0.997062316,1.5937,-,0.0922,Good
,37,95071,True external,-,1.44450777192708,4,3.49435852590462,19.67162596,0,2.120952177,3.8876,-,0.3918,Moderate
,38,95221,True external,-,1.3179011728603,1,0,9.184769766,14.38266095,1.246327895,2.2208,-,0.0885,Good
,39,100045,True external,-,1.48052818829125,3,0,34.02906018,0,0.997062316,3.6633,-,0.3885,Good
,40,101371,True external,-,1.48690637292354,0,0,5.133477332,0,0.747796737,2.1526,-,0.0675,Good
,41,101409,True external,-,1.61702405822857,0,3.06818419675889,0,0,1.495593475,2.4857,-,0.4023,Good
,42,102047,True external,-,1.22118116667762,5,0,4.592384883,14.38266095,0.997062316,1.8297,-,0.0579,Good
,43,102570,True external,-,1.14195897906929,2,0,0,14.38266095,0.997062316,1.7786,-,0.0811,Good
,44,103667,True external,-,1.57372976429614,2,0,0,14.38266095,1.388828074,1.5131,-,0.0834,Good
,45,103767,True external,-,1.12599289761633,5,0,0,14.38266095,0.997062316,1.6917,-,0.0783,Good
,46,103924,True external,-,1.6939525588356,0,0,10.48685619,7.191330476,1.388828074,2.2559,-,0.0991,Good
,47,104048,True external,-,1.33200088522483,8,0,10.48685619,14.38266095,1.495593475,2.1482,-,0.0577,Good
,48,104136,True external,-,1.633854818197,14,0,27.34486228,28.7653219,1.994124633,2.2154,-,0.6057,Good
,49,104162,True external,-,1.59147939968294,4,3.00251497357924,10.48685619,0,1.907421376,3.0996,-,0.2736,Good
,50,104429,True external,-,1.63285746077899,10,0,24.15928733,28.7653219,1.994124633,2.1901,-,0.5375,Good
,51,104473,True external,-,1.09781992862943,6,0,0,14.38266095,0.997062316,1.6864,-,0.0854,Good
,52,105735,True external,-,1.33800571480477,0,0,0,0,1.246327895,2.2756,-,0.0956,Good
,53,105788,True external,-,1.4940867343398,12,0,9.184769766,15.29253543,1.495593475,1.7419,-,0.1234,Good
,54,105801,True external,-,1.41835147248662,12,0,0,44.28435398,4.20085847,1.5734,-,0.6126,Good
,55,105907,True external,-,1.65145155975216,0,0,0,7.191330476,0.997062316,1.5758,-,0.0975,Good
,56,106363,True external,-,1.69364647369784,8,0,13.58832411,15.49968462,3.031311236,2.6106,-,0.1003,Good
,57,107454,True external,-,1.63490626487973,2,0,12.81477635,0,0.783531515,2.3429,-,0.1262,Good
,58,107991,True external,-,1.51676488906288,7,0,17.01453009,7.191330476,2.243390212,2.9348,-,0.0628,Good
,59,108219,True external,-,1.50199174129614,17,0,15.07924107,3.143299138,2.001048249,2.5367,-,0.1713,Good
,60,108406,True external,-,1.59963616222917,0,0,10.48685619,0,1.159715925,2.5043,-,0.0664,Good
,61,109030,True external,-,1.60834199174747,2,0,10.48685619,0,1.348213277,2.5144,-,0.0528,Good
,62,109126,True external,-,1.10823023769935,5,0,0,14.38266095,0.997062316,1.7101,-,0.0815,Good
,63,109238,True external,-,1.21846866130479,4,0.679967267981324,19.67162596,0,1.852063387,3.645,-,0.1661,Good
,64,109377,True external,-,1.17600441052866,32,0,13.77715465,35.95665238,2.492655791,1.3451,-,0.655,Good
,65,109430,True external,-,1.19712178565236,17,0,0,21.57399143,1.495593475,1.179,-,0.2266,Good
,66,109431,True external,-,1.18565390751732,20,0,0,21.57399143,1.495593475,1.0873,-,0.303,Good
,67,110044,True external,-,1.79692049653926,11,0,0,0,2.995576459,2.2368,-,0.2192,Good
,68,110393,True external,-,1.12921035581985,9,0,0,14.38266095,0.997062316,1.5502,-,0.0998,Good
,69,111272,True external,-,1.30686528650994,16,0,18.36953953,28.7653219,2.991186949,2.4892,-,0.287,Good
,70,112193,True external,-,1.40048725195887,6,0,19.67162596,14.38266095,1.495593475,2.6201,-,0.1524,Good
,71,112770,True external,-,1.07898548787792,7,0,0,14.38266095,0.997062316,1.6714,-,0.0929,Good
,72,113063,True external,-,1.61183328571354,4,0,9.835812978,0,1.622421019,2.5363,-,0.0435,Good
,73,113161,True external,-,1.62778683580732,6,0,20.97371238,0,1.780593832,3.0994,-,0.104,Good
,74,113216,True external,-,1.53001033674793,2,0,0,7.191330476,0.997062316,1.6329,-,0.0687,Good
,75,113403,True external,-,1.74140362489313,0,0,0,0,1.764921197,2.0989,-,0.0701,Good
,76,113488,True external,-,1.07898548787792,8,0,0,14.38266095,0.997062316,1.6369,-,0.0987,Good
,77,113489,True external,-,1.07607687804034,8,0,0,14.38266095,0.997062316,1.6399,-,0.0992,Good
,78,113492,True external,-,1.09781992862943,7,0,0,14.38266095,0.997062316,1.6519,-,0.0894,Good
,79,114500,True external,-,1.31430511425034,6,0,28.85639572,14.38266095,1.780593832,3.3169,-,0.3038,Good
,80,114581,True external,-,1.06545524095827,8,0,0,14.38266095,0.997062316,1.651,-,0.1013,Good
,81,115482,True external,-,1.29913852070556,8,0,10.48685619,0,1.907421376,2.89,-,0.1101,Good
,82,116934,True external,-,1.07243295422321,26,0,13.77715465,21.57399143,2.991186949,2.4081,-,0.4086,Good
,83,117006,True external,-,1.32989275276335,2,0,0,7.191330476,0.997062316,1.8409,-,0.0526,Good
,84,117291,True external,-,1.54866015529787,4,0,0,14.38266095,4.395790791,2.8762,-,0.4296,Good
,85,117425,True external,-,1.23425092923246,0,0,0,14.38266095,0.997062316,1.7518,-,0.0801,Good
,86,118190,True external,-,1.37787651893423,4,0,0,14.38266095,3.641801386,2.7011,-,0.3382,Good
,87,118320,True external,-,1.36348408878579,22,0,0,14.38266095,0.997062316,0.8579,-,0.471,Moderate
,88,119530,True external,-,1.43432718532299,4,0,15.07924107,0,0.890296916,2.649,-,0.0812,Good
,89,120307,True external,-,1.63033661816758,0,0,0,0,0.747796737,1.7387,-,0.1113,Good
,90,121550,True external,-,1.44041372653795,9,0,15.73028428,0,1.139562495,2.6202,-,0.0952,Good
,91,121657,True external,-,1.59043346006064,4,0,20.97371238,0,1.907421376,3.2666,-,0.1024,Good
,92,121712,True external,-,1.29245699701663,0,0,0,14.38266095,0.997062316,1.6913,-,0.0764,Good
,93,122297,True external,-,1.70135538520131,12,0,20.97371238,21.57399143,2.406043821,2.3356,-,0.2865,Good
,94,122659,True external,-,1.57532070297315,10,0,11.614578,0,1.994124633,2.6327,-,0.0803,Good
,95,122805,True external,-,1.77398085669146,4,0,28.13458888,7.191330476,1.495593475,2.9952,-,0.3646,Good
,96,124183,True external,-,1.39210550963904,6,0,30.15848214,0,1.282062673,3.5852,-,0.2395,Good
,97,124813,True external,-,1.17671463056384,4,0,0,14.38266095,0.997062316,1.6735,-,0.0705,Good
,98,124986,True external,-,1.54389863219483,3,0,17.01453009,0,1.994124633,3.1857,-,0.0749,Good
,99,125286,True external,-,1.5741671930928,0,2.31623342916992,0,0,1.551481683,2.4623,-,0.2729,Good
,100,125287,True external,-,1.5741671930928,1,0.245293492422246,0,0,1.551481683,2.169,-,0.0723,Good
,101,126021,True external,-,1.8243980201851,0,0,10.48685619,0,0.890296916,2.1448,-,0.1809,Good
,102,127484,True external,-,1.73823353835691,10,0,10.48685619,8.101204949,1.744859054,1.9985,-,0.1226,Good
,103,127485,True external,-,1.73823353835691,0,0,10.48685619,8.101204949,1.744859054,2.3438,-,0.0906,Good
,104,137838,True external,-,1.18497143598418,8,0,0,28.7653219,1.994124633,1.4779,-,0.1909,Good
,105,138795,True external,-,1.2931003710578,0,0,0,28.7653219,1.994124633,1.6418,-,0.2553,Good
,106,152042,True external,-,1.08234887991627,10,0,0,14.38266095,0.997062316,1.5644,-,0.1162,Good
,107,161672,True external,-,1.47671227870837,24,0.126773479934792,20.32266917,0,3.565668459,3.4518,-,0.4435,Good
,108,167737,True external,-,1.10155531460264,0,0,0,14.38266095,0.997062316,1.8897,-,0.1057,Good
,109,169995,True external,-,1.24543347017445,5,3.30747449611357,13.77715465,21.57399143,1.744859054,2.784,-,0.4071,Good
,110,170231,True external,-,2.4672014675862,0,0,0,0,5.021149493,2.8672,-,0.3383,Good
,111,171779,True external,-,1.68847212798389,14,0,0,0,2.995576459,2.2459,-,0.2971,Good
,112,172810,True external,-,1.13449450263989,2,0,0,14.38266095,0.997062316,1.7864,-,0.0826,Good
,113,179810,True external,-,1.16250763160622,0,0,0,14.38266095,0.997062316,1.8263,-,0.091,Good
,114,180551,True external,-,1.29061587081306,0,0,0,21.57399143,1.495593475,1.6688,-,0.1378,Good
,115,181582,True external,-,1.46431131050941,0,0,0,14.38266095,1.846744435,1.91,-,0.0721,Good
,116,182851,True external,-,1.50625604638396,0,0,0,14.38266095,1.846744435,1.8664,-,0.0701,Good
,117,186934,True external,-,1.31429749247366,2,0,0,21.57399143,1.495593475,1.5751,-,0.1168,Good
,118,186935,True external,-,1.26031386607237,4,0,0,21.57399143,1.495593475,1.5622,-,0.1069,Good
,119,186936,True external,-,1.22040571597356,5,0,0,14.38266095,1.246327895,1.7101,-,0.0666,Good
,120,187140,True external,-,1.22169753129594,3,0,0,14.38266095,1.246327895,1.7778,-,0.0679,Good
,121,190983,True external,-,1.88148690621276,0,0,0,30.58507085,2.492655791,1.1983,-,0.4013,Good
,122,191964,True external,-,1.14639822690118,8,0,0,14.38266095,0.997062316,1.5669,-,0.0893,Good
,123,220134,True external,-,1.17480485851132,0,0,0,14.38266095,0.997062316,1.8136,-,0.0886,Good
,124,220773,True external,-,1.46473484100364,4,0,9.184769766,14.38266095,0.997062316,1.8481,-,0.111,Good
,125,220895,True external,-,1.20199576904978,12,0,0,28.7653219,1.994124633,1.3221,-,0.1979,Good
,126,226521,True external,-,1.13255501606848,7,0,0,14.38266095,0.997062316,1.6158,-,0.0841,Good
,127,227217,True external,-,1.10444217479535,6,0,0,14.38266095,1.495593475,1.9126,-,0.1054,Good
,128,230027,True external,-,1.34593900863047,1,0,9.184769766,14.38266095,1.246327895,2.1917,-,0.0888,Good
,129,231208,True external,-,1.21989777700789,6,0,0,14.38266095,1.495593475,1.7927,-,0.074,Good
,130,232053,True external,-,1.43090113115705,4,0,0,14.38266095,0.997062316,1.4093,-,0.0847,Good
,131,235391,True external,-,1.54046048016122,6,0,19.67162596,9.24918362,2.120952177,2.9509,-,0.0994,Good
,132,236032,True external,-,1.76842811214693,0,0,23.54220399,0,2.120952177,3.4521,-,0.1875,Good
,133,236045,True external,-,1.64700428457788,4,0,10.48685619,14.38266095,2.120952177,2.2514,-,0.0806,Good
,134,236781,True external,-,1.55171591304244,8,3.77974117919857,10.48685619,1.819748946,2.619483335,3.3677,-,0.5185,Good
,135,237347,True external,-,1.69905172941966,0,0,0,0,2.904483692,2.6757,-,0.1504,Good
,136,237992,True external,-,1.29190867604978,0,0,0,14.38266095,1.139562495,1.7585,-,0.0748,Good
,137,238615,True external,-,1.72873401849056,0,0,10.48685619,0,1.622421019,2.5865,-,0.0628,Good
,138,239659,True external,-,1.23045874635657,6,0,0,14.38266095,2.247779721,2.1334,-,0.1328,Good
,139,241306,True external,-,1.23937992278999,0,0,0,14.38266095,1.658247084,2.0556,-,0.106,Good
,140,241309,True external,-,1.34452847666514,0,0,0,14.38266095,1.658247084,1.9464,-,0.0799,Good
,141,241314,True external,-,1.5329991596928,0,0,9.184769766,14.38266095,2.980616618,2.8428,-,0.17,Good
,142,242859,True external,-,1.55887178871641,6,0.905989556624767,0,0,2.690952891,2.6276,-,0.2301,Good
,143,244499,True external,-,1.44748611995331,0,0,9.184769766,14.38266095,2.696426553,2.7988,-,0.1602,Good
,144,245354,True external,-,1.58202144355453,16,0,0,14.38266095,1.495593475,1.0711,-,0.2797,Good
,145,245799,True external,-,1.84464359060433,0,0,0,14.38266095,3.641801386,2.3542,-,0.1746,Good
,146,245866,True external,-,1.52679387723794,12,3.66516891115892,10.48685619,1.819748946,3.40301485,3.6076,-,0.6834,Good
,147,249496,True external,-,1.18885819119596,0,0,0,14.38266095,0.997062316,1.799,-,0.0862,Good
,148,249553,True external,-,1.30756192868485,0,0,0,14.38266095,0.997062316,1.6756,-,0.0762,Good
,149,249554,True external,-,1.38936393477672,0,0,4.592384883,14.38266095,1.246327895,1.9441,-,0.0763,Good
,150,249793,True external,-,1.30466243202734,1,0,0,14.38266095,1.246327895,1.7606,-,0.0671,Good
,151,249798,True external,-,1.22374384569785,1,0,0,14.38266095,1.246327895,1.8447,-,0.0776,Good
,152,249800,True external,-,1.1342519487619,2,0,0,14.38266095,0.997062316,1.7867,-,0.0827,Good
,153,249912,True external,-,1.58719846836506,0,0,5.942322504,14.38266095,1.638093653,1.9914,-,0.0906,Good
,154,249923,True external,-,1.36930849529904,1,0,11.24262291,14.38266095,1.495593475,2.3902,-,0.1006,Good
,155,250462,True external,-,1.14816443952117,20,0,9.184769766,28.7653219,2.243390212,1.6924,-,0.2685,Good
,156,250503,True external,-,1.16759202502685,18,0,28.85639572,14.38266095,3.616545652,3.9135,-,0.4304,Moderate
,157,250557,True external,-,1.17631543517446,20,0,18.36953953,28.7653219,2.74192137,2.3702,-,0.3071,Good
,158,250963,True external,-,1.35263487117426,2,0,4.592384883,14.38266095,1.638093653,2.0964,-,0.0587,Good
,159,250964,True external,-,1.22382207401861,0,0,4.592384883,14.38266095,0.997062316,1.9996,-,0.0844,Good
,160,250965,True external,-,1.21726587721649,2,0,4.592384883,14.38266095,1.638093653,2.2371,-,0.0848,Good
,161,251202,True external,-,1.93897438621382,0,0,0,14.38266095,3.641801386,2.2561,-,0.165,Good
,162,252418,True external,-,1.32498827079587,8,0,19.67162596,0,1.907421376,3.3371,-,0.114,Good
,163,254664,True external,-,1.12749684329423,18,0,9.184769766,28.7653219,2.492655791,1.8995,-,0.2521,Good
,164,257492,True external,-,1.71824635057913,0,2.6728845183989,10.48685619,0,1.907421376,3.0648,-,0.2273,Good
,165,257513,True external,-,1.71810356973854,0,0,0,0,1.622421019,2.0565,-,0.0705,Good
,166,257599,True external,-,1.41993335063061,12,0,10.48685619,14.38266095,2.619483335,2.4443,-,0.0855,Good
,167,257655,True external,-,1.50683632606759,10,2.15301603302421,39.34325191,0,3.992638775,5.3383,-,0.5902,Moderate
,168,267999,True external,-,1.55068007995719,4,0,10.48685619,13.52500616,2.405952534,2.5155,-,0.0657,Good
,169,272504,True external,-,1.7783622207412,0,0,0,28.7653219,2.136624811,1.2042,-,0.337,Good
,170,273813,True external,-,1.77270486866515,0,0,0,14.38266095,1.139562495,1.2589,-,0.1968,Good
,171,276088,True external,-,1.30274108574158,0,0,0,14.38266095,0.997062316,1.6806,-,0.0762,Good
,172,280322,True external,-,1.79631490561985,0,0,0,21.57399143,1.887359232,1.3265,-,0.22,Good
,173,281287,True external,-,1.41199440414509,4,0,0,14.38266095,0.997062316,1.429,-,0.0806,Good
,174,284733,True external,-,1.67660973768052,2,0,16.0003513,0,3.158138781,3.5743,-,0.1519,Good
,175,284736,True external,-,1.72889943894991,6,0,16.0003513,0,3.158138781,3.3818,-,0.1084,Good
,176,284737,True external,-,1.745234576927,6,0,16.0003513,0,3.158138781,3.3648,-,0.1053,Good
,177,285065,True external,-,1.63541724504108,8,0,10.48685619,0,2.904483692,3.0068,-,0.1048,Good
,178,285066,True external,-,1.62084978117011,8,2.89772823315911,10.48685619,0,1.907421376,2.9179,-,0.2487,Good
,179,286187,True external,-,1.745234576927,10,0,16.0003513,0,3.158138781,3.2267,-,0.1131,Good
,180,291874,True external,-,1.64487736798036,10,0,5.513495107,0,2.192421733,2.3383,-,0.1124,Good
,181,301221,True external,-,1.36316924604341,4,0,0,0,2.904483692,2.8867,-,0.3174,Good
,182,301232,True external,-,1.62346698854245,8,0,16.0003513,0,4.186546366,3.9032,-,0.3364,Moderate
,183,301402,True external,-,1.61126411168163,16,0,22.77309388,0,2.619483335,3.2564,-,0.181,Good
,184,301403,True external,-,1.73504986818604,0,0,0,0,2.405952534,2.4052,-,0.088,Good
,185,301404,True external,-,1.75520761063414,0,0,6.371149901,1.819748946,2.619483335,2.7477,-,0.0646,Good
,186,301405,True external,-,1.7704853884186,0,0,19.95947401,14.38266095,3.118014493,3.2163,-,0.2694,Good
,187,301406,True external,-,1.76781983340909,0,0,6.371149901,14.38266095,2.619483335,2.2847,-,0.1041,Good
,188,302440,True external,-,1.57121095303239,0,0,0,14.38266095,0.997062316,1.4016,-,0.1225,Good
,189,305636,True external,-,2.1786738875862,0,0.20699356941147,0,0,4.267160088,2.8404,-,0.2506,Good
,190,316221,True external,-,1.54826850917304,0,0,0,14.38266095,0.997062316,1.4255,-,0.1147,Good
,191,336110,True external,-,1.23709584243686,4,0,4.592384883,14.38266095,1.282062673,1.981,-,0.0547,Good
,192,337880,True external,-,1.63789440062003,0,0,6.371149901,14.38266095,1.388828074,1.8443,-,0.1251,Good
,193,347511,True external,-,1.32530272713469,8,0,0,28.7653219,1.994124633,1.3321,-,0.1834,Good
,194,347519,True external,-,1.14786613546945,20,0,9.184769766,28.7653219,2.492655791,1.8092,-,0.274,Good
,195,347522,True external,-,1.16766603414322,12,0,0,28.7653219,1.994124633,1.3578,-,0.2008,Good
,196,350238,True external,-,1.34526329976525,4,0,0,14.38266095,0.997062316,1.4983,-,0.0701,Good
,197,350574,True external,-,1.92775322451203,0,0.224514083824898,0,0,2.944790553,2.485,-,0.117,Good
,198,359019,True external,-,1.75958707718557,0,0,0,14.38266095,0.997062316,1.2059,-,0.2133,Good
,199,363360,True external,-,1.71533007771636,12,0,2.327920156,28.7653219,2.421625168,1.1087,-,0.2867,Good
,200,378586,True external,-,1.83582008490439,0,0,0,14.38266095,1.638093653,1.4264,-,0.1597,Good
,201,382985,True external,-,1.63179925865896,8,0,0,35.52782498,2.635155969,1.0712,-,0.3537,Good
,202,391002,True external,-,1.70907117868843,4,0,0,0,2.120952177,2.1608,-,0.0885,Good
,203,399394,True external,-,1.8436286240229,0,0,0,14.38266095,1.800747262,1.4943,-,0.1452,Good
,204,399395,True external,-,1.77819258811888,6,0,5.243428095,14.38266095,1.388828074,1.4331,-,0.1931,Good
,205,403970,True external,-,2.34682780332865,0,0,0,14.38266095,5.605202257,2.7504,-,0.4431,Good
,206,409915,True external,-,1.28967324354249,4,0,10.48685619,0,2.405952534,3.2711,-,0.1854,Good
,207,413761,True external,-,1.57560969194805,0,0,0,0,2.192421733,2.4711,-,0.1019,Good
,208,415981,True external,-,1.59336089654245,4,3.00197713086757,10.48685619,0,2.192421733,3.2308,-,0.3044,Good
,209,437399,True external,-,1.42760418464379,4,0,0,0,2.405952534,2.5866,-,0.1809,Good
,210,437400,True external,-,1.35957785393527,0,0,0,0,1.907421376,2.5623,-,0.1493,Good
,211,438019,True external,-,1.67836574857578,0,0,6.371149901,14.38266095,1.495593475,1.8521,-,0.129,Good
,212,438027,True external,-,1.59247986837823,20,0,20.79934776,14.38266095,2.243390212,2.345,-,0.2615,Good
,213,470404,True external,-,1.69027753790428,0,0,8.429003045,14.38266095,1.495593475,1.946,-,0.1486,Good
,214,518750,True external,-,1.3256751028518,0,0,0,14.38266095,0.997062316,1.6568,-,0.0763,Good
,215,520132,True external,-,1.14513594351239,16,0,0,28.7653219,1.994124633,1.2431,-,0.2436,Good
,216,520281,True external,-,1.64487873082704,0,0,0,21.57399143,1.495593475,1.3007,-,0.1946,Good
,217,520638,True external,-,1.47912674147256,12,0,15.73028428,21.57399143,1.495593475,1.8703,-,0.2312,Good
,218,520689,True external,-,1.71009492078682,0,0,0,28.7653219,1.994124633,1.2085,-,0.319,Good
,219,526520,True external,-,1.08420057964635,4,0,0,14.38266095,0.997062316,1.7696,-,0.0871,Good
,220,540173,True external,-,1.50648565318583,0,0,0,14.38266095,1.388828074,1.6521,-,0.0759,Good
,221,540670,True external,-,1.58237520128813,0,0,3.185574951,21.57399143,2.136624811,1.8297,-,0.1544,Good
,222,586027,True external,-,1.62350811330612,0,0,0,14.38266095,1.495593475,1.5804,-,0.093,Good
,223,590776,True external,-,1.22675474024479,2,3.15347444141626,11.771102,23.96624991,2.836007181,3.2088,-,0.6718,Good
,224,590783,True external,-,1.31314443598339,0,0,4.592384883,14.38266095,0.997062316,1.9068,-,0.0816,Good
,225,595872,True external,-,1.34064825189055,3,0,0,14.38266095,1.818661882,1.9218,-,0.0682,Good
,226,596028,True external,-,1.24581789516569,1,0,0,14.38266095,1.246327895,1.8218,-,0.0739,Good
,227,605806,True external,-,1.65056964823529,0,0,0,14.38266095,0.997062316,1.3192,-,0.1549,Good
,228,607564,True external,-,1.73089873653458,0,0,0,14.38266095,1.658247084,1.5448,-,0.1132,Good
,229,610205,True external,-,1.34756487886313,4,0,0,21.57399143,1.495593475,1.4715,-,0.1071,Good
,230,610228,True external,-,1.61599556663636,0,0,23.54220399,14.38266095,1.495593475,2.803,-,0.3564,Good
,231,610231,True external,-,1.17850065843471,6,0,0,21.57399143,1.495593475,1.5781,-,0.1094,Good
,232,613072,True external,-,1.54943020245063,0,0,0,14.38266095,0.997062316,1.4243,-,0.1151,Good
,233,613594,True external,-,1.6548874424074,0,0,3.185574951,14.38266095,1.887359232,1.8954,-,0.083,Good
,234,614114,True external,-,1.74744688255982,0,0,0,21.57399143,1.638093653,1.2607,-,0.2245,Good
,235,615877,True external,-,1.24422434151836,0,0,0,29.90169303,3.203796154,2.2175,-,0.4511,Good
,236,616675,True external,-,1.49221315025641,0,0,6.371149901,14.38266095,2.468218208,2.5004,-,0.1104,Good
,237,617078,True external,-,1.41907012287135,0,0,3.185574951,21.57399143,2.136624811,1.9994,-,0.1534,Good
,238,617214,True external,-,1.5128771264618,0,0,3.185574951,14.38266095,1.887359232,2.0429,-,0.0703,Good
,239,617267,True external,-,1.66623854427051,0,0,0,21.57399143,1.495593475,1.2785,-,0.2035,Good
,240,618721,True external,-,1.66744630265624,0,0,10.2850313,14.38266095,1.495593475,2.0655,-,0.157,Good
,241,619986,True external,-,1.81983867604673,0,0,0,14.38266095,0.997062316,1.1433,-,0.2526,Good
,242,621872,True external,-,1.52236136742428,0,0,0,14.38266095,1.495593475,1.6855,-,0.0739,Good
,243,624194,True external,-,1.58744835078873,0,0,8.319052283,14.38266095,1.744859054,2.1637,-,0.1005,Good
,244,625237,True external,-,1.64472665609627,0,0,0,14.38266095,1.139562495,1.3919,-,0.1336,Good
,245,625821,True external,-,1.74548034881411,0,0,0,14.38266095,0.997062316,1.2205,-,0.2049,Good
,246,627580,True external,-,1.75579021039362,0,0,0,14.38266095,0.997062316,1.2098,-,0.211,Good
,247,627582,True external,-,1.75579021039362,0,0,0,14.38266095,0.997062316,1.2098,-,0.211,Good
,248,627583,True external,-,1.75579021039362,0,0,0,14.38266095,0.997062316,1.2098,-,0.211,Good
,249,629557,True external,-,1.17070180106921,24,0,0,28.7653219,2.243390212,1.0569,-,0.4228,Good
,250,629824,True external,-,1.61992111894804,2,0,10.48685619,0,1.622421019,2.6306,-,0.0435,Good
,251,631432,True external,-,1.69998524740215,0,0,0,14.38266095,0.997062316,1.2678,-,0.1794,Good
,252,631667,True external,-,1.7550493340261,3,0,5.243428095,14.38266095,1.246327895,1.4941,-,0.1868,Good
,253,633077,True external,-,1.74922519960836,0,0,10.48685619,0,2.944790553,3.1836,-,0.1059,Good
,254,634543,True external,-,1.86089296357701,4,0,2.756747554,28.7653219,2.38589039,1.2391,-,0.3412,Good
,255,640619,True external,-,1.70429981032829,0,0,2.756747554,14.38266095,1.638093653,1.7053,-,0.1093,Good
,256,650478,True external,-,1.75373254045537,4,0,0,0,2.120952177,2.1144,-,0.0898,Good
,257,660046,True external,-,1.55624691307546,0,3.15837294477712,23.54220399,14.38266095,0.997062316,3.0267,-,0.4309,Good
,258,736307,True external,-,1.59052913970111,0,0,5.243428095,14.38266095,1.246327895,1.7687,-,0.1168,Good
,259,745880,True external,-,1.60968065255683,7,0,3.185574951,14.38266095,1.638093653,1.5841,-,0.0876,Good
,260,838557,True external,-,1.27434935578028,0,0,0,14.38266095,1.246327895,1.8267,-,0.0774,Good
,261,846589,True external,-,1.85344016782608,0,0,0,14.38266095,1.907421376,1.534,-,0.1391,Good
,262,878340,True external,-,1.52090198921583,0,0,16.85800609,14.38266095,1.495593475,2.5569,-,0.1992,Good
,263,900054,True external,-,1.67685417097981,0,0,3.185574951,14.38266095,1.246327895,1.5728,-,0.1405,Good
,264,1017569,True external,-,1.48605556486359,5,0,10.48685619,0,2.049921554,2.866,-,0.0595,Good
,265,1023799,True external,-,1.7321032166761,6,0,2.756747554,0,1.780593832,2.051,-,0.0928,Good
,266,1026564,True external,-,1.52237342474323,6,0,19.60787425,14.38266095,2.005882626,2.7287,-,0.1448,Good
,267,1034761,True external,-,1.48959917226324,16,0,2.756747554,14.38266095,2.136624811,1.6091,-,0.1714,Good
,268,1040650,True external,-,1.80296941649056,0,0,10.48685619,0,2.48208546,2.9114,-,0.0645,Good
,269,1042613,True external,-,1.61804662180786,3,0,23.54220399,0,1.139562495,3.0459,-,0.1933,Good
,270,1046981,True external,-,1.34520907355714,8,0,10.48685619,0,1.622421019,2.7089,-,0.0789,Good
,271,1050418,True external,-,1.54500406001649,10,0.31211360540141,20.97371238,0,1.780593832,3.0863,-,0.0905,Good
,272,1070861,True external,-,1.5602052581504,4,0.493683221548853,10.48685619,0,1.943247441,2.8353,-,0.0417,Good
,273,1072480,True external,-,1.56975651487519,9,2.88691359518852,39.27248828,7.191330476,1.887359232,4.1536,-,0.3666,Moderate
,274,1072481,True external,-,1.47936840899769,4,0,15.73028428,7.191330476,1.388828074,2.6114,-,0.0735,Good
,275,1072485,True external,-,1.45400225474068,4,0,15.73028428,7.191330476,1.388828074,2.6378,-,0.0705,Good
,276,1076662,True external,-,1.58234130179952,3,0.404081861451121,10.48685619,0,2.405952534,3.052,-,0.0706,Good
,277,1077192,True external,-,1.77871550194554,0,0,6.371149901,1.819748946,3.479147776,3.1253,-,0.1646,Good
,278,1098909,True external,-,1.5085640815849,12,0,20.97371238,0,2.904483692,3.5417,-,0.1623,Good
,279,1099234,True external,-,1.70646515964764,12,0,0,28.7653219,2.243390212,0.9145,-,0.3055,Moderate
,280,1106874,True external,-,1.61641755834028,4,0,31.46056857,0,2.120952177,3.8806,-,0.2706,Good
,281,1112352,True external,-,1.35963131246514,12,0,0,0,1.780593832,2.0886,-,0.2331,Good
,282,1113512,True external,-,1.54134143073509,7,0,13.24360374,14.38266095,2.27912499,2.4739,-,0.0707,Good
,283,1113683,True external,-,1.61308899857999,12,2.63937632048434,0,0,1.424562852,1.9886,-,0.4233,Good
,284,1117002,True external,-,1.53103223284626,12,0,10.48685619,0,2.405952534,2.744,-,0.1242,Good
,285,1118988,True external,-,1.6243058970309,16,0,2.756747554,14.38266095,3.458994346,2.0875,-,0.2129,Good
,286,1128204,True external,-,1.49718964622094,4,0,10.48685619,0,0.890296916,2.3467,-,0.0715,Good
,287,1160387,True external,-,1.59360907899232,2,0,4.288273972,0,1.068531872,2.0791,-,0.0672,Good
,288,1160444,True external,-,1.74109088922641,6,0,4.288273972,0,2.192421733,2.3132,-,0.074,Good
,289,1187314,True external,-,1.53868572994933,2,0,15.73028428,14.38266095,1.246327895,2.2946,-,0.1844,Good
,290,1187330,True external,-,1.70145642374799,6,0,43.86487316,7.191330476,2.156778242,4.1224,-,0.682,Moderate
,291,1188219,True external,-,1.59240733070042,5,2.82967771397161,15.73028428,7.191330476,1.531328252,2.8797,-,0.182,Good
,292,1209089,True external,-,1.57574841896419,6,0,0,0.909874473,1.495593475,1.9053,-,0.1001,Good
,293,1211820,True external,-,1.65018801432792,4,0,10.48685619,0,0.641031337,2.0712,-,0.1539,Good
,294,1218923,True external,-,1.49613478994204,4,0,0,14.38266095,1.246327895,1.4581,-,0.0789,Good
,295,1218942,True external,-,1.6904313119133,4,-0.663243345,11.84525743,0,1.871686598,2.592,-,0.0865,Good
,296,1234824,True external,-,1.78376690285438,4,0,0,28.7653219,2.136624811,1.0604,-,0.3147,Good
,297,1238651,True external,-,1.69731400393366,4,0,10.48685619,14.38266095,2.980616618,2.6011,-,0.094,Good
,298,1248746,True external,-,1.6284449093628,18,0,5.942322504,14.38266095,3.458994346,2.1785,-,0.2196,Good
,299,1255708,True external,-,1.36874723045222,4,0.487572875974217,10.48685619,0,1.282062673,2.7243,-,0.0484,Good
,300,1289455,True external,-,1.62727721681882,5,0,20.97371238,14.38266095,1.495593475,2.4861,-,0.2492,Good
,301,1351733,True external,-,1.6374952415653,8,0,10.48685619,14.38266095,2.405952534,2.2565,-,0.0656,Good
,302,1368450,True external,-,1.5788185385046,12,0,10.48685619,14.38266095,2.619483335,2.2792,-,0.0793,Good
,303,1368670,True external,-,1.53222270108804,4,3.32814650735772,10.48685619,0,2.405952534,3.435,-,0.4301,Good
,304,1377550,True external,-,1.69539889167194,10,0,5.513495107,0,2.192421733,2.2858,-,0.1148,Good
,305,1379517,True external,-,1.34514843749692,2,0,17.01453009,24.32147932,2.468218208,2.7775,-,0.3202,Good
,306,1380471,True external,-,1.58408741894992,2,0,5.513495107,0,2.192421733,2.6777,-,0.0625,Good
,307,1380529,True external,-,1.70405955530157,0,0,5.243428095,0,1.622421019,2.3416,-,0.0503,Good
,308,1401084,True external,-,1.6933714814157,8,0,0,14.38266095,1.388828074,1.1816,-,0.1732,Good
,309,1520997,True external,-,1.60422160521663,10,0,27.30877884,0,2.405952534,3.6051,-,0.1669,Good
,310,1548030,True external,-,1.64849193368069,12,0,10.48685619,14.38266095,2.405952534,2.1069,-,0.0936,Good
,311,1619164,True external,-,1.72477222655208,12,0,13.20365867,14.38266095,3.371669582,2.6194,-,0.1125,Good
,312,1623044,True external,-,1.64716064936903,16,0,12.28623769,15.49968462,3.87020074,2.7077,-,0.1923,Good
,313,1634822,True external,-,1.2434277394246,8,0,0,14.38266095,1.282062673,1.5993,-,0.0784,Good
,314,1641045,True external,-,1.66143079278979,8,0,20.97371238,0,1.622421019,2.9214,-,0.1282,Good
,315,1648865,True external,-,1.65419602436366,14,0,11.02699021,0,3.189484049,2.9413,-,0.19,Good
,316,1714942,True external,-,1.60780021381064,12,0,28.72889232,14.38266095,2.856530123,3.3012,-,0.2548,Good
,317,1719703,True external,-,1.72418402698838,4,0,20.97371238,0,2.944790553,3.6127,-,0.1331,Good
,318,1738594,True external,-,1.70361706570958,10,0,0,14.38266095,2.817963009,1.7702,-,0.1121,Good
,319,1869367,True external,-,1.74325075091778,12,0,10.48685619,14.38266095,3.443321712,2.4935,-,0.1133,Good
,320,1898724,True external,-,2.03354087626264,0,3.19451962654806,11.771102,14.38266095,3.546108672,3.1198,-,0.4758,Good
,321,1899734,True external,-,1.66711379339943,8,0,0,14.38266095,1.388828074,1.2089,-,0.1601,Good
,322,2024830,True external,-,1.69173277452091,12,0,20.97371238,0,1.622421019,2.7518,-,0.1801,Good
,323,2054598,True external,-,1.60182711843368,0,0,9.835812978,0,1.622421019,2.6848,-,0.048,Good
,324,2127702,True external,-,1.5006952546477,8,2.81235796013121,28.72889232,0,3.14153048,4.5505,-,0.389,Moderate
,325,2165757,True external,-,1.5026596629169,14,0,5.513495107,14.38266095,2.777656148,2.1066,-,0.1209,Good
,326,2189771,True external,-,1.65419602436366,10,0,11.02699021,0,3.189484049,3.0794,-,0.1427,Good
,327,2195342,True external,-,1.76293562742322,6,0,5.513495107,0,3.22979091,2.8388,-,0.1285,Good
,328,2227627,True external,-,1.23572529904392,0,0,16.36348688,24.32147932,2.468218208,2.9266,-,0.3903,Good
,329,2232593,True external,-,1.32639406620097,4,0,16.36348688,24.32147932,2.468218208,2.6943,-,0.2709,Good
,330,2245412,True external,-,1.65547336781073,12,2.60336352408426,5.513495107,0,2.904483692,2.9166,-,0.4041,Good
,331,2245536,True external,-,1.65756014640841,12,2.38132232831377,5.513495107,0,2.904483692,2.8867,-,0.3663,Good
,332,2259863,True external,-,1.28618571427912,4,0,10.48685619,0,1.622421019,2.9083,-,0.0862,Good
,333,2259864,True external,-,1.38835141704376,0,0,10.48685619,0,1.622421019,2.9403,-,0.0781,Good
,334,2302730,True external,-,1.89654713298561,0,0,9.184769766,0,4.267160088,3.5817,-,0.2861,Good
,335,2302731,True external,-,1.32947626629803,4,0,10.48685619,0,1.622421019,2.8633,-,0.0723,Good
,336,2302732,True external,-,2.4450058396875,0,0,10.48685619,0,5.021149493,3.4315,-,0.303,Good
,337,2306092,True external,-,2.01178200458304,0,0.204820452336472,4.592384883,0,4.267160088,3.2505,-,0.2607,Good
,338,2311516,True external,-,1.63219881952326,16,0,16.0003513,14.38266095,3.40301485,2.7365,-,0.153,Good
,339,2326127,True external,-,2.23124472794097,0,0,0,14.38266095,1.90241632,1.1391,-,0.3999,Good
,340,2342124,True external,-,1.50175427355944,8,2.97544734949827,15.1426965,0,2.690952891,3.658,-,0.3538,Good
,341,2379358,True external,-,1.66575752436637,14,0,20.97371238,14.38266095,2.619483335,2.6609,-,0.1677,Good
,342,2379368,True external,-,1.66164983149313,14,0,10.48685619,14.38266095,3.118014493,2.3572,-,0.1143,Good
,343,2379395,True external,-,1.6409880897278,14,0,20.97371238,14.38266095,2.619483335,2.6867,-,0.1613,Good
,344,2427342,True external,-,1.64092462115496,8,0,5.243428095,7.191330476,2.120952177,2.1066,-,0.0503,Good
,345,2477762,True external,-,1.58746372381064,10,0,10.48685619,14.38266095,2.904483692,2.4725,-,0.0764,Good
,346,2490383,True external,-,1.511227418765,10,0,16.85800609,14.38266095,2.904483692,2.8805,-,0.1095,Good
,347,2538590,True external,-,1.61459529871893,16,0,21.38449806,14.38266095,2.619483335,2.6662,-,0.1778,Good
,348,2649366,True external,-,1.54853594498013,14,0,27.34486228,14.38266095,2.619483335,3.1115,-,0.226,Good
,349,2747933,True external,-,1.71386582958658,0,0,0,14.38266095,1.495593475,1.4865,-,0.1218,Good
,350,2747934,True external,-,1.67384439494748,0,0,0,14.38266095,1.495593475,1.5281,-,0.1076,Good
,351,2748002,True external,-,1.82306065881188,8,0,10.48685619,28.7653219,2.492655791,1.5891,-,0.3593,Good
,352,2751931,True external,-,1.72951676203389,0,0,9.127897455,28.7653219,2.38589039,1.8425,-,0.3826,Good
,353,2752047,True external,-,1.67030345774213,0,0,0,14.38266095,0.997062316,1.2986,-,0.1643,Good
,354,2752912,True external,-,1.80753730945054,8,0,0,28.7653219,1.994124633,0.831,-,0.3616,Moderate
,355,2768817,True external,-,1.61872254586299,0,0,19.78732133,14.38266095,1.282062673,2.5066,-,0.3035,Good
,356,2772130,True external,-,1.19114498429175,0,2.61298834419294,9.184769766,14.38266095,1.282062673,2.7304,-,0.3089,Good
,357,2774890,True external,-,1.64211790026316,4,0,10.48685619,14.38266095,3.443321712,2.8748,-,0.1462,Good
,358,2774891,True external,-,2.00155798,4,0,18.11813241,14.38266095,6.088060781,4.1318,-,0.6693,Moderate
,359,2774892,True external,-,2.02739732465892,4,0,18.11813241,14.38266095,6.088060781,4.1049,-,0.6539,Moderate
,360,2778236,True external,-,2.48567704838657,4,0,19.67162596,0,5.742368192,4.0623,-,0.4224,Moderate
,361,2796568,True external,-,1.78146319228139,3,0.240019625317526,0,14.38266095,2.711197609,1.9111,-,0.0871,Good
,362,2798845,True external,-,1.61767327955721,8,0,10.48685619,15.51903207,5.11121753,3.5014,-,0.5001,Good
,363,2798846,True external,-,1.76866623273552,8,0,19.67162596,0,3.321785256,3.5374,-,0.1311,Good
,364,2827662,True external,-,1.83303941742322,6,0,5.513495107,0,3.606785613,2.9422,-,0.1621,Good
,365,2829698,True external,-,1.63509726920932,12,0,20.97371238,0,2.619483335,3.2769,-,0.123,Good
,366,2829799,True external,-,2.24748059106191,0,0,9.835812978,0,5.021149493,3.6031,-,0.3267,Good
,367,2829870,True external,-,1.31701171602387,12,0,10.48685619,14.38266095,2.619483335,2.5512,-,0.1079,Good
,368,2831288,True external,-,1.49252329487393,3,0,0,0,1.622421019,2.1873,-,0.0842,Good
,369,2831290,True external,-,1.48476269109097,4,0,19.67162596,0,2.120952177,3.409,-,0.1042,Good
,370,2831291,True external,-,1.26620679917696,12,0,10.48685619,14.38266095,2.619483335,2.604,-,0.1242,Good
,371,2831292,True external,-,1.17046759219323,18,0,10.48685619,14.38266095,2.619483335,2.4964,-,0.2151,Good
,372,2831638,True external,-,1.76990965730668,16,0,13.58832411,15.49968462,3.87020074,2.6474,-,0.1816,Good
,373,2831675,True external,-,2.00780910127493,12,0,10.48685619,14.38266095,3.931660184,2.4469,-,0.165,Good
,374,2831680,True external,-,1.70589290593422,18,0,5.942322504,14.38266095,3.835989048,2.2743,-,0.2457,Good
,375,2832539,True external,-,1.57747497683415,8,0,20.97371238,0,2.904483692,3.6082,-,0.1373,Good
,376,2832801,True external,-,1.95243748491037,2,0,5.513495107,0,4.857503018,3.5411,-,0.4015,Good
,377,2832973,True external,-,1.66481255297729,6,0,5.513495107,0,1.907421376,2.3224,-,0.0634,Good
,378,2832997,True external,-,1.81070724251292,2,0,5.513495107,0,3.158138781,2.8938,-,0.1087,Good
,379,2833524,True external,-,1.58627278788277,12,0,10.48685619,14.38266095,2.120952177,2.0383,-,0.0933,Good
,380,2843702,True external,-,1.17075590014254,2,0,11.771102,24.32147932,2.468218208,2.6881,-,0.3037,Good
,381,2843919,True external,-,1.3293556962572,0,0,11.771102,24.32147932,2.468218208,2.5924,-,0.2979,Good
,382,2846891,True external,-,1.6139115298626,12,0,20.97371238,0,2.904483692,3.4322,-,0.1388,Good
,383,2853367,True external,-,1.30012583250834,12,0,10.48685619,14.38266095,2.619483335,2.5688,-,0.1129,Good
,384,2884190,True external,-,1.47435829697315,4,0.771355960096163,19.67162596,0,3.728322069,4.2679,-,0.3951,Moderate
,385,3015053,True external,-,1.08390545933022,5,0,0,14.38266095,0.997062316,1.7354,-,0.0866,Good
,386,3017480,True external,-,1.04352269192237,8,0,0,14.38266095,0.997062316,1.6738,-,0.1061,Good
,387,3018042,True external,-,1.12123451687316,6,0,0,14.38266095,0.997062316,1.6621,-,0.0813,Good
,388,3018101,True external,-,1.57988448917108,8,0,19.67162596,0,1.622421019,2.939,-,0.0987,Good
,389,3020173,True external,-,1.76838483076148,9,0,0,0,2.995576459,2.3355,-,0.1878,Good
,390,3020186,True external,-,1.0683188641203,17,0,0,21.57399143,1.495593475,1.3128,-,0.2293,Good
,391,3020640,True external,-,1.1307512783595,10,0,0,14.38266095,0.997062316,1.5141,-,0.1106,Good
,392,3020641,True external,-,1.14175045087151,8,0,0,14.38266095,0.997062316,1.5717,-,0.0897,Good
,393,3020642,True external,-,1.12599289761633,5,0,0,14.38266095,0.997062316,1.6917,-,0.0783,Good
,394,3020643,True external,-,1.10331951488543,8,0,0,14.38266095,0.997062316,1.6116,-,0.0946,Good
,395,3020703,True external,-,1.22169399082388,5,0,4.592384883,14.38266095,0.997062316,1.8292,-,0.0579,Good
,396,3020873,True external,-,1.17186616840804,5,0,0,14.38266095,1.246327895,1.7605,-,0.0742,Good
,397,3020984,True external,-,1.1534246610904,7,0,0,14.38266095,0.997062316,1.5941,-,0.0817,Good
,398,3020988,True external,-,1.13625086461551,7,0,0,14.38266095,0.997062316,1.6119,-,0.0836,Good
,399,3020993,True external,-,1.11088986573092,10,0,0,14.38266095,0.997062316,1.5347,-,0.1125,Good
,400,3020994,True external,-,1.10931944237636,5,0,0,14.38266095,0.997062316,1.709,-,0.0813,Good
,401,3024584,True external,-,1.07244264253997,7,0,0,14.38266095,0.997062316,1.6782,-,0.0942,Good
,402,3025053,True external,-,2.30455124422756,2,0,9.184769766,14.38266095,4.894321949,2.8668,-,0.3013,Good
,403,3027244,True external,-,1.31810798094596,12,0,0,14.38266095,1.282062673,1.3836,-,0.1317,Good
,404,3034464,True external,-,1.2091727369416,0,0,0,14.38266095,0.997062316,1.7779,-,0.0831,Good
,405,3046467,True external,-,1.20892062937389,12,0,9.184769766,28.7653219,1.994124633,1.7889,-,0.1972,Good
,406,3047433,True external,-,1.2136140986714,16,0,10.48685619,14.38266095,2.619483335,2.5206,-,0.1727,Good
,407,3047436,True external,-,1.2433531568944,12,3.16620414042073,10.48685619,1.819748946,2.619483335,3.4734,-,0.5786,Good
,408,3079365,True external,-,1.2160514686723,8,0,0,14.38266095,1.282062673,1.6277,-,0.0805,Good
,409,3085422,True external,-,1.08423229894225,16,0,0,21.57399143,1.495593475,1.3308,-,0.208,Good
,410,3085542,True external,-,1.07968925085565,6,0,0,14.38266095,0.997062316,1.7052,-,0.0891,Good
,411,3086392,True external,-,1.22257356537749,7,0,14.42819786,14.38266095,1.246327895,2.3833,-,0.0872,Good
,412,3090041,True external,-,1.60491611596809,4,0,20.97371238,0,1.622421019,3.1183,-,0.1115,Good
,413,3090082,True external,-,1.78145399740609,16,0,13.58832411,15.49968462,3.87020074,2.6354,-,0.1817,Good
,414,3090083,True external,-,1.95869140087112,16,0,13.58832411,15.49968462,5.569564977,3.2458,-,0.4086,Good
,415,3091606,True external,-,1.74333476057913,0,0,0,0,2.904483692,2.6297,-,0.1366,Good
,416,3091608,True external,-,1.22678704988107,4,0,10.48685619,0,1.622421019,2.9701,-,0.1094,Good
,417,3091609,True external,-,1.21725149333785,14,0,10.48685619,14.38266095,2.619483335,2.5859,-,0.1531,Good
,418,3091610,True external,-,1.34502304329271,12,0,10.48685619,14.38266095,2.619483335,2.5221,-,0.1004,Good
,419,3091670,True external,-,1.63219881952326,20,0,16.0003513,14.38266095,3.40301485,2.5984,-,0.2123,Good
,420,3093288,True external,-,1.72811856888932,4,0,20.97371238,0,2.944790553,3.6086,-,0.1326,Good
,421,3094534,True external,-,1.52790024319196,25,0,10.48685619,21.57399143,2.74192137,1.683,-,0.365,Good
,422,3094848,True external,-,1.80817154571991,4,0,9.184769766,0,4.765691246,3.7685,-,0.4259,Good
,423,3094939,True external,-,1.51864150197428,22,0,11.45581761,14.38266095,3.418687485,2.4201,-,0.2749,Good
,424,3094943,True external,-,1.71612560466382,14,0,0,14.38266095,3.194957712,1.7954,-,0.1846,Good
,425,3098718,True external,-,1.62812956693845,12,0,13.24360374,7.759516037,5.289913284,3.8561,-,0.5678,Moderate
,426,3099145,True external,-,1.67940146878448,14,0,10.48685619,14.38266095,3.616545652,2.5718,-,0.1449,Good
,427,3100584,True external,-,1.48693629536572,12,0,20.97371238,0,2.904483692,3.5641,-,0.1689,Good
,428,3100585,True external,-,1.48693629536572,8,0,20.97371238,0,2.904483692,3.7022,-,0.1669,Good
,429,3101113,True external,-,1.41605336249068,20,0.564932182192286,19.67162596,0,2.690952891,3.2651,-,0.2594,Good
,430,3101114,True external,-,1.28337395911668,8,0.801035892926835,19.67162596,0,2.904483692,3.9467,-,0.2793,Good
,431,3101117,True external,-,1.24376336551468,4,0.798458517400115,19.67162596,0,2.405952534,3.8925,-,0.2455,Good
,432,3103380,True external,-,1.5026596629169,18,0,5.513495107,14.38266095,2.777656148,1.9685,-,0.1929,Good
,433,3108224,True external,-,1.56607733824816,10,0,39.21574851,0,3.14153048,4.6031,-,0.4227,Moderate
,434,3108225,True external,-,1.56607733824816,10,0,39.21574851,0,3.14153048,4.6031,-,0.4227,Moderate
,435,3108226,True external,-,1.56607733824816,6,0,39.21574851,0,3.14153048,4.7412,-,0.4808,Moderate
,436,3108227,True external,-,1.56607733824816,6,0,39.21574851,0,3.14153048,4.7412,-,0.4808,Moderate
,437,3108370,True external,-,1.68593248378527,16,0,26.48720749,0,4.186546366,4.1032,-,0.3345,Moderate
,438,3108900,True external,-,1.72165782983978,6,0,9.801769079,0,3.189484049,3.0841,-,0.1125,Good
,439,3110314,True external,-,1.99411154171991,4,0,19.67162596,0,5.519680651,4.469,-,0.5403,Moderate
,440,3112570,True external,-,1.69065635655537,12,0,26.48720749,0,4.186546366,4.2364,-,0.3237,Moderate
,441,3112571,True external,-,1.69065635655537,12,0,26.48720749,0,4.186546366,4.2364,-,0.3237,Moderate
,442,3112639,True external,-,1.62346698854244,12,0,16.0003513,0,4.186546366,3.7651,-,0.3314,Good
,443,3116536,True external,-,1.4384572422987,8,0,20.97371238,1.819748946,3.40301485,3.9206,-,0.2616,Moderate
,444,3116630,True external,-,1.33121142972529,8,0,2.756747554,14.38266095,1.887359232,1.9334,-,0.0614,Good
,445,3133153,True external,-,1.37186957543581,4,0.812346632717388,19.67162596,0,2.405952534,3.7612,-,0.17,Good
,446,3135656,True external,-,1.70634964746689,6,0,4.288273972,0,2.192421733,2.3493,-,0.0723,Good
,447,3135662,True external,-,1.70634964746689,6,0,4.288273972,0,2.192421733,2.3493,-,0.0723,Good
,448,3144923,True external,-,1.61796305368327,6,0,10.48685619,14.38266095,0.997062316,1.687,-,0.1928,Good
,449,3152433,True external,-,1.52683085462095,0,0,0,0,2.904483692,2.8547,-,0.2298,Good
,450,3241590,True external,-,1.75230320275582,2,0,4.288273972,0,2.192421733,2.4397,-,0.0526,Good
,451,3261929,True external,-,1.66267220479616,20,0,16.0003513,14.38266095,3.40301485,2.5667,-,0.214,Good
,452,3278893,True external,-,1.79838008953363,16,0,10.48685619,14.38266095,4.318847572,2.7075,-,0.2296,Good
,453,3287671,True external,-,1.17317055635363,6,0,10.48685619,0,1.622421019,2.9567,-,0.1302,Good
,454,3288857,True external,-,1.79080449382967,10,0,20.97371238,0,4.440201454,4.0355,-,0.3038,Moderate
,455,3298510,True external,-,1.41709468844215,16,0,10.48685619,15.49968462,3.87020074,2.854,-,0.2736,Good
,456,3351439,True external,-,1.34323108662295,8,2.52731693538139,9.184769766,14.38266095,2.065594189,2.6518,-,0.221,Good
,457,3359218,True external,-,1.29075902484859,8,1.96778929004041,10.48685619,0,2.405952534,3.3778,-,0.3128,Good
,458,3366128,True external,-,1.72037451772405,4,0,20.97371238,0,3.22979091,3.7499,-,0.1626,Good
,459,3373785,True external,-,1.68058022903103,12,0,15.77662305,0,3.443139138,3.3466,-,0.1695,Good
,460,3415778,True external,-,1.33266926709504,18,0,20.97371238,14.38266095,2.619483335,2.869,-,0.1791,Good
,461,3432026,True external,-,1.55580659158692,0,0,16.60174638,14.38266095,1.282062673,2.4076,-,0.2226,Good
,462,3433535,True external,-,1.81881041100911,12,0,0,14.38266095,5.102379087,2.6496,-,0.435,Good
,463,3437713,True external,-,1.48719885616738,8,3.48140258527734,15.07924107,0.909874473,2.120952177,3.434,-,0.3545,Good
,464,3447295,True external,-,1.62590320873469,0,0,13.67243114,14.38266095,1.495593475,2.2834,-,0.1817,Good
,465,3451253,True external,-,1.86207664300882,12,0,10.48685619,14.38266095,3.820316414,2.5463,-,0.1407,Good
,466,3462372,True external,-,1.58884258790408,6,0,15.07924107,7.191330476,1.871686598,2.6208,-,0.0566,Good
,467,3478018,True external,-,1.33859981329605,12,0,10.48685619,14.38266095,2.120952177,2.2957,-,0.0738,Good
,468,3487916,True external,-,1.6994960651098,10,0,4.288273972,0,2.690952891,2.4514,-,0.1377,Good
,469,3493732,True external,-,1.72006599679374,16,0,10.48685619,14.38266095,2.120952177,1.7612,-,0.2097,Good
,470,3501915,True external,-,1.69649003590911,0,0,0,14.38266095,1.139562495,1.3381,-,0.1565,Good
,471,3507854,True external,-,1.65565087161434,8,0,20.97371238,0,3.728322069,3.9121,-,0.2289,Moderate
,472,3564246,True external,-,1.7008482001722,6,0,4.288273972,0,2.47742209,2.4883,-,0.0813,Good
,473,3581611,True external,-,1.50853933892133,10,0,10.48685619,14.38266095,1.852063387,2.0624,-,0.0729,Good
,474,3609266,True external,-,1.51858403734436,13,0,0,14.38266095,1.495593475,1.2406,-,0.1778,Good
,475,3614055,True external,-,1.51190961128999,6,0,5.243428095,7.191330476,2.120952177,2.3097,-,0.0364,Good
,476,3614976,True external,-,1.32337821329403,19,0.181361334498143,20.32266917,0,3.835087469,3.9166,-,0.4861,Moderate
,477,3625965,True external,-,1.61428825245037,16,0,0,28.7653219,2.777656148,1.122,-,0.2847,Good
,478,3634225,True external,-,1.54731918106101,4,0,18.26481602,14.38266095,1.495593475,2.464,-,0.1809,Good
,479,3701666,True external,-,1.63944209110408,12,0,16.0003513,14.38266095,3.40301485,2.8671,-,0.1273,Good
,480,3706395,True external,-,1.50224070474249,3,0,0,0,1.622421019,2.1772,-,0.0829,Good
,481,3745596,True external,-,1.79979467045537,4,0,10.48685619,14.38266095,3.443321712,2.711,-,0.1233,Good
,482,3752189,True external,-,1.49913784793601,22,0.128456520201027,20.32266917,0,3.565668459,3.4978,-,0.3849,Good
,483,3759984,True external,-,1.24412861456055,4,0.837490977420751,19.67162596,0,2.405952534,3.897,-,0.2468,Good
,484,3760906,True external,-,1.66069303262499,0,0,20.20010504,14.38266095,1.495593475,2.5841,-,0.3027,Good
,485,3769586,True external,-,1.59889283527275,14,0,16.0003513,14.38266095,2.904483692,2.607,-,0.1148,Good
,486,3805113,True external,-,2.09170599493294,12,0,10.48685619,14.38266095,3.931660184,2.3598,-,0.1873,Good
,487,3836060,True external,-,1.32792327441481,12,0,10.48685619,14.38266095,2.619483335,2.5399,-,0.1048,Good
,488,3842648,True external,-,1.62667528880326,12,0,14.69826487,14.38266095,3.40301485,2.8131,-,0.1231,Good
,489,3854389,True external,-,2.28034830935356,0,0,9.835812978,0,5.021149493,3.569,-,0.3189,Good
,490,3895058,True external,-,1.82556629695573,8,0,10.48685619,14.38266095,4.105316771,2.8556,-,0.1667,Good
,491,3923526,True external,-,1.31752173254347,12,0,10.48685619,0,2.405952534,2.9659,-,0.1879,Good
,492,3941060,True external,-,1.70175389360233,16,0,2.756747554,14.38266095,3.835989048,2.1833,-,0.2416,Good
,493,3976209,True external,-,1.34269848915363,10,0.690579800340458,24.32746627,0,2.975953248,4.0759,-,0.2531,Moderate
,494,4056053,True external,-,1.43697400417209,0,0,0,14.38266095,0.997062316,1.5411,-,0.0871,Good
,495,4106066,True external,-,1.96837090066773,8,0,19.67162596,0,5.021149493,4.1245,-,0.3633,Moderate
,496,4126465,True external,-,1.26677734177011,0,0,0,14.38266095,1.846744435,2.1153,-,0.1138,Good
,497,4149757,True external,-,1.35824699877964,6,0,4.288273972,0,1.907421376,2.5778,-,0.1139,Good
,498,4152551,True external,-,2.43334807042435,0,0,0,14.38266095,4.395790791,2.0949,-,0.3008,Good
,499,4155976,True external,-,1.84123499710085,6,0,4.288273972,0,3.22979091,2.6942,-,0.1226,Good
,500,4158909,True external,-,1.57948042774932,10,0,10.48685619,14.38266095,1.282062673,1.7222,-,0.1575,Good
,501,4178021,True external,-,1.77782848193893,12,0,0,43.14798286,2.991186949,0.6749,-,0.611,Moderate
,502,4208526,True external,-,1.21193555216646,8,0.713537107352738,4.592384883,14.38266095,1.887359232,2.2412,-,0.0956,Good
,503,4217226,True external,-,1.60938220305073,11,0,0,14.38266095,1.994124633,1.4484,-,0.1254,Good
,504,4218838,True external,-,1.76012133404108,12,0,10.48685619,14.38266095,3.443321712,2.476,-,0.1137,Good
,505,4304692,True external,-,1.59697320496786,8,0,10.48685619,14.38266095,2.120952177,2.1653,-,0.067,Good
,506,4321781,True external,-,1.36217624921578,10,3.75178933644606,10.48685619,8.101204949,2.619483335,3.2672,-,0.546,Good
,507,4347518,True external,-,1.5178671246477,10,0,10.48685619,14.38266095,1.282062673,1.7862,-,0.13,Good
,508,4351723,True external,-,1.55190712630557,16,0.18592748419386,15.07924107,0,3.067137301,3.1536,-,0.2083,Good
,509,4367778,True external,-,1.61991907592062,4,0,20.97371238,0,1.622421019,3.1027,-,0.1138,Good
,510,4370498,True external,-,1.38360840582788,4,0,0,14.38266095,1.282062673,1.5917,-,0.0599,Good
,511,4425403,True external,-,1.85226544912326,2,0,4.288273972,0,3.158138781,2.7874,-,0.1066,Good
,512,4432412,True external,-,1.16125955029812,13,0,35.31330599,21.57399143,2.243390212,3.5263,-,0.4833,Good
,513,4460573,True external,-,1.61003507569702,0,0,16.60174638,14.38266095,1.282062673,2.3512,-,0.2424,Good
,514,4495639,True external,-,1.47982532411661,16,0,20.99878368,14.38266095,2.872202757,2.9045,-,0.1585,Good
,515,4495640,True external,-,1.73695421232925,16,0,2.756747554,14.38266095,4.120179113,2.2796,-,0.272,Good
,516,4495641,True external,-,1.58882082675508,22,0,2.756747554,14.38266095,2.136624811,1.2988,-,0.3765,Good
,517,4495642,True external,-,1.44545023890028,28,0,21.12628709,14.38266095,3.133687128,2.6548,-,0.4029,Good
,518,4495643,True external,-,1.52616158288908,22,0,13.24360374,14.38266095,2.635155969,2.1382,-,0.2497,Good
,519,4495644,True external,-,1.46567138271432,18,0,2.756747554,14.38266095,2.136624811,1.5649,-,0.2178,Good
,520,4519631,True external,-,1.24585293014814,5,2.82975184079056,13.77715465,21.57399143,1.744859054,2.7238,-,0.3265,Good
,521,4522662,True external,-,1.67443624111765,6,0,0,0,1.622421019,1.8947,-,0.1135,Good
,522,4548722,True external,-,1.87872560728291,12,0,0,14.38266095,0.997062316,0.6677,-,0.4809,Moderate
,523,4551427,True external,-,1.68929558390656,4,0,3.821013931,14.38266095,2.334921911,1.9636,-,0.0614,Good
,524,4589619,True external,-,1.25679067993899,4,0.757961973123187,19.67162596,0,2.405952534,3.8739,-,0.2353,Good
,525,4591686,True external,-,1.68829674564465,0,2.95337899293605,0,0,1.907421376,2.5898,-,0.3983,Good
,526,4599436,True external,-,2.09576855727133,0,0,19.67162596,0,5.021149493,4.2683,-,0.4216,Moderate
,527,4599450,True external,-,1.32237269229335,4,0.785277961858821,19.67162596,0,3.728322069,4.4276,-,0.5348,Moderate
,528,4606001,True external,-,1.727983322445,12,0,15.77662305,0,3.443139138,3.2973,-,0.1582,Good
,529,4653497,True external,-,1.54325621290833,12,2.69481845563484,17.83598863,0,3.31640288,3.8731,-,0.3801,Moderate
,530,4663458,True external,-,1.43565916725437,8,3.36500684132774,10.48685619,8.551645076,3.189484049,3.462,-,0.5514,Good
,531,4714864,True external,-,1.61427528452808,3,0,7.664164017,14.38266095,1.943247441,2.0912,-,0.0699,Good
,532,4855121,True external,-,1.62445306455761,12,0,19.67162596,0,1.622421019,2.7545,-,0.1489,Good
,533,5024137,True external,-,1.51453288483557,16,0,21.5138464,28.7653219,3.40301485,2.6282,-,0.3385,Good
,534,5056868,True external,-,1.46532903668266,2,0,0,0,1.622421019,2.2501,-,0.0853,Good
,535,5071838,True external,-,1.65757494228533,10,0,14.77513016,14.38266095,2.904483692,2.6209,-,0.0925,Good
,536,5082992,True external,-,1.58615337260768,2,0,15.07924107,0,1.871686598,3.0192,-,0.0621,Good
,537,5105077,True external,-,1.51118419178705,12,0,19.67162596,14.38266095,2.619483335,2.8234,-,0.1214,Good
,538,5106227,True external,-,1.66235710813566,10,0,16.0003513,0,2.405952534,2.9611,-,0.0833,Good
,539,5171383,True external,-,1.1946905587579,8,0,0,28.7653219,2.492655791,1.701,-,0.2254,Good
,540,5196803,True external,-,1.4797092550845,15,0,0,21.57399143,1.495593475,0.9544,-,0.2495,Moderate
,541,5205957,True external,-,1.7979483288877,0,0,15.07924107,0,3.321785256,3.5462,-,0.1597,Good
,542,5240590,True external,-,1.71792925363521,6,0,9.801769079,0,2.192421733,2.6218,-,0.0519,Good
,543,5253141,True external,-,1.23208070626913,10,0.660513362473509,19.67162596,0,2.690952891,3.8135,-,0.2542,Good
,544,5257702,True external,-,1.70193043781188,8,0,41.94742476,0,3.244842038,4.7203,-,0.5027,Moderate
,545,5468494,True external,-,1.63179925865896,8,0,0,35.52782498,2.635155969,1.0712,-,0.3537,Good
,546,5472508,True external,-,1.8913028966605,24,0,0,28.7653219,2.777656148,0.5579,-,0.6648,Moderate
,547,6063677,True external,-,1.59697320496786,8,0,10.48685619,14.38266095,2.120952177,2.1653,-,0.067,Good
,548,6420644,True external,-,1.15346579745888,0,0,0,14.38266095,0.997062316,1.8357,-,0.0928,Good
,549,6421085,True external,-,1.15356468856622,1,0,4.592384883,14.38266095,1.246327895,2.1546,-,0.0905,Good
,550,6421088,True external,-,1.15300211350676,5,0,4.592384883,14.38266095,1.246327895,2.0171,-,0.0638,Good
,551,6421093,True external,-,1.08799585301441,5,0,4.592384883,14.38266095,1.246327895,2.0847,-,0.0791,Good
,552,6421094,True external,-,1.08359337405594,5,0,4.592384883,14.38266095,1.246327895,2.0893,-,0.0804,Good
,553,6421095,True external,-,1.07602019781648,5,0,4.592384883,14.38266095,1.246327895,2.0971,-,0.0826,Good
,554,6421096,True external,-,1.09840712082163,4,0,4.592384883,14.38266095,1.246327895,2.1084,-,0.0807,Good
,555,6421097,True external,-,1.40108023174499,0,0,5.243428095,14.38266095,0.997062316,1.849,-,0.0922,Good
,556,6421403,True external,-,1.13158695572518,7,0,4.592384883,14.38266095,1.139562495,1.9204,-,0.0656,Good
,557,6421404,True external,-,1.12413340609613,7,0,4.592384883,14.38266095,1.139562495,1.9281,-,0.0668,Good
,558,6421405,True external,-,1.11749297097208,8,0,4.592384883,14.38266095,1.139562495,1.9005,-,0.0708,Good
,559,6421408,True external,-,1.14001270747974,6,0,4.592384883,14.38266095,1.139562495,1.9462,-,0.0632,Good
,560,6421415,True external,-,1.21596659151854,4,0,4.592384883,14.38266095,1.139562495,1.9363,-,0.0569,Good
,561,6421417,True external,-,1.10617157338352,8,0,4.592384883,14.38266095,1.139562495,1.9123,-,0.0727,Good
,562,6421418,True external,-,1.18858468818255,4,0,4.592384883,14.38266095,1.139562495,1.9647,-,0.0598,Good
,563,6421544,True external,-,1.37405223769937,4,0,23.48546423,14.38266095,1.732640262,3.0243,-,0.2245,Good
,564,6421545,True external,-,1.3839200651551,4,0,5.243428095,14.38266095,0.997062316,1.7287,-,0.0731,Good
,565,6421546,True external,-,1.41179569842211,4,0,5.243428095,14.38266095,0.997062316,1.6997,-,0.079,Good
,566,6421547,True external,-,1.43678764548909,4,0,5.243428095,14.38266095,0.997062316,1.6738,-,0.0852,Good
,567,6421944,True external,-,1.312770549315,4,0,0,14.38266095,0.997062316,1.5321,-,0.0672,Good
,568,6421946,True external,-,1.27347031187436,8,0,0,14.38266095,0.997062316,1.4348,-,0.0884,Good
,569,6421947,True external,-,1.24002374161681,6,0,0,14.38266095,0.997062316,1.5386,-,0.0719,Good
,570,6421949,True external,-,1.18518566943334,8,0,0,14.38266095,0.997062316,1.5266,-,0.0867,Good
,571,6421950,True external,-,1.39502173546064,8,0,0,14.38266095,0.997062316,1.3085,-,0.108,Good
,572,6422008,True external,-,1.44456492389037,5,0,10.48685619,14.38266095,1.246327895,2.0183,-,0.0873,Good
,573,6422046,True external,-,1.44827720759442,4,0,5.243428095,14.38266095,0.997062316,1.6618,-,0.0883,Good
,574,6422047,True external,-,1.47332558894709,4,0,5.243428095,14.38266095,0.997062316,1.6358,-,0.0958,Good
,575,6422283,True external,-,1.20796996870934,10,0,0,14.38266095,1.495593475,1.6669,-,0.1014,Good
,576,6422366,True external,-,1.2819587379924,4,0,0,14.38266095,0.997062316,1.5641,-,0.0657,Good
,577,6422367,True external,-,1.20902830951311,6,0,0,14.38266095,0.997062316,1.5708,-,0.0725,Good
,578,6422368,True external,-,1.24085295762092,6,0,0,14.38266095,0.997062316,1.5378,-,0.0719,Good
,579,6422369,True external,-,1.31837683969708,4,0,0,14.38266095,0.997062316,1.5263,-,0.0676,Good
,580,6422388,True external,-,1.19637711273609,7,0,0,14.38266095,0.997062316,1.5495,-,0.0786,Good
,581,6422389,True external,-,1.28760472873447,4,0,0,14.38266095,0.997062316,1.5582,-,0.0659,Good
,582,6422480,True external,-,1.51939406220063,5,0,9.835812978,14.38266095,1.246327895,1.9069,-,0.1044,Good
,583,6422519,True external,-,1.32270841034734,2,0,5.243428095,14.38266095,0.997062316,1.8614,-,0.0698,Good
,584,6422520,True external,-,1.35070622849796,0,0,5.243428095,14.38266095,0.997062316,1.9013,-,0.0863,Good
,585,6422594,True external,-,1.31336220820979,1,0,10.48685619,14.38266095,1.246327895,2.2928,-,0.0984,Good
,586,6422743,True external,-,1.28662650932438,4,0,5.243428095,14.38266095,1.658247084,2.139,-,0.0557,Good
,587,6422927,True external,-,1.25624629556974,10,0,0,14.38266095,0.997062316,1.3837,-,0.1109,Good
,588,6423157,True external,-,1.16769018216553,6,0,0,14.38266095,1.495593475,1.8469,-,0.086,Good
,589,6423317,True external,-,1.29898529489492,6,0,0,14.38266095,0.997062316,1.4774,-,0.0743,Good
,590,6423325,True external,-,1.22717985222173,8,0,0,14.38266095,0.997062316,1.4829,-,0.0862,Good
,591,6423379,True external,-,1.06930605088095,6,0,0,14.38266095,0.997062316,1.716,-,0.0914,Good
,592,6423380,True external,-,1.06930605088095,7,0,0,14.38266095,0.997062316,1.6815,-,0.0949,Good
,593,6423381,True external,-,1.05914190575804,7,0,0,14.38266095,0.997062316,1.6921,-,0.0972,Good
,594,6423388,True external,-,1.07968925085565,6,0,0,14.38266095,0.997062316,1.7052,-,0.0891,Good
,595,6423389,True external,-,1.06643830993556,6,0,0,14.38266095,0.997062316,1.719,-,0.0921,Good
,596,6423397,True external,-,1.26151467078632,8,0,8.000175648,14.38266095,1.638093653,2.1598,-,0.0531,Good
,597,6423398,True external,-,1.29456762702757,4,0,5.243428095,14.38266095,1.139562495,1.8882,-,0.055,Good
,598,6423399,True external,-,1.37871777142659,2,0,5.243428095,14.38266095,1.846744435,2.2005,-,0.063,Good
,599,6423400,True external,-,1.34615112639349,2,0,5.243428095,14.38266095,1.846744435,2.2343,-,0.0681,Good
,600,6423404,True external,-,1.1410905276267,2,0,0,14.38266095,0.997062316,1.7795,-,0.0813,Good
,601,6423405,True external,-,1.23370079815574,4,0,5.243428095,14.38266095,1.246327895,2.0014,-,0.0553,Good
,602,6423406,True external,-,1.08555063579701,8,0,0,14.38266095,0.997062316,1.6301,-,0.0975,Good
,603,6423415,True external,-,1.12726772816604,6,0,0,14.38266095,1.246327895,1.7724,-,0.0851,Good
,604,6423416,True external,-,1.12102394653216,6,0,0,14.38266095,1.246327895,1.7788,-,0.0866,Good
,605,6423417,True external,-,1.11023923280091,7,0,0,14.38266095,1.246327895,1.7555,-,0.0921,Good
,606,6423418,True external,-,1.18384793210159,3,0,0,14.38266095,1.246327895,1.8171,-,0.0748,Good
,607,6423419,True external,-,1.18730919168941,3,0,0,14.38266095,1.246327895,1.8135,-,0.0741,Good
,608,6423420,True external,-,1.2106048932143,5,0,0,14.38266095,1.246327895,1.7203,-,0.0678,Good
,609,6423421,True external,-,1.19885591566455,5,0,0,14.38266095,1.246327895,1.7325,-,0.0696,Good
,610,6423423,True external,-,1.42579843032074,0,3.17075865753799,35.25656622,14.38266095,1.732640262,4.1123,-,0.624,Good
,611,6423429,True external,-,1.07626186522545,4,0,0,14.38266095,0.997062316,1.7779,-,0.0891,Good
,612,6423430,True external,-,1.30047584852852,0,0,4.592384883,14.38266095,0.997062316,1.9199,-,0.0814,Good
,613,6423431,True external,-,1.12135673527589,5,0,0,14.38266095,0.997062316,1.6965,-,0.0791,Good
,614,6423433,True external,-,1.09549485706123,6,0,0,14.38266095,0.997062316,1.6888,-,0.0859,Good
,615,6423435,True external,-,1.12673194315244,6,0,0,14.38266095,0.997062316,1.6564,-,0.0804,Good
,616,6423443,True external,-,1.23645872180031,2,0,4.592384883,14.38266095,0.997062316,1.9174,-,0.0667,Good
,617,6423444,True external,-,1.21539272543224,2,0,4.592384883,14.38266095,0.997062316,1.9393,-,0.0679,Good
,618,6423445,True external,-,1.19780551745523,2,0,4.592384883,14.38266095,0.997062316,1.9576,-,0.0694,Good
,619,6423446,True external,-,1.12622967103717,4,0,4.592384883,14.38266095,0.997062316,1.9629,-,0.0681,Good
,620,6423447,True external,-,1.41296140471192,0,0,9.184769766,14.38266095,0.997062316,2.04,-,0.1202,Good
,621,6423448,True external,-,1.15013163496245,0,0,0,14.38266095,0.997062316,1.8392,-,0.0936,Good
,622,6423449,True external,-,1.10946027129715,6,0,0,14.38266095,0.997062316,1.6743,-,0.0833,Good
,623,6423452,True external,-,1.07588775141136,4,0,0,14.38266095,0.997062316,1.7783,-,0.0892,Good
,624,6423457,True external,-,1.15175494707868,9,0,0,14.38266095,1.246327895,1.6433,-,0.0965,Good
,625,6423458,True external,-,1.26649118265519,4,0,5.243428095,14.38266095,1.658247084,2.1599,-,0.0592,Good
,626,6423459,True external,-,1.25115639694873,4,0,5.243428095,14.38266095,1.658247084,2.1759,-,0.0623,Good
,627,6423462,True external,-,1.19573599110905,4,0,5.243428095,14.38266095,0.997062316,1.9243,-,0.0607,Good
,628,6423463,True external,-,1.18512565537377,4,0,5.243428095,14.38266095,0.997062316,1.9353,-,0.0615,Good
,629,6423464,True external,-,1.17561928520633,4,0,5.243428095,14.38266095,0.997062316,1.9452,-,0.0623,Good
,630,6423465,True external,-,1.22871294830362,4,0,5.243428095,14.38266095,1.658247084,2.1992,-,0.0673,Good
,631,6423467,True external,-,1.1606911712497,4,0,23.48546423,14.38266095,1.732640262,3.246,-,0.2486,Good
,632,6423470,True external,-,1.30436400301901,2,0,5.243428095,14.38266095,1.658247084,2.1896,-,0.0668,Good
,633,6423475,True external,-,1.26587990561244,4,0,0,14.38266095,1.638093653,1.8806,-,0.0707,Good
,634,6423476,True external,-,1.34390865838648,2,0,5.243428095,14.38266095,1.658247084,2.1485,-,0.0612,Good
,635,6423477,True external,-,1.30436400301901,2,0,5.243428095,14.38266095,1.658247084,2.1896,-,0.0668,Good
,636,6423478,True external,-,1.24947184606488,4,0,5.243428095,14.38266095,1.246327895,1.985,-,0.054,Good
,637,6423479,True external,-,1.2841026070344,0,0,0,14.38266095,0.997062316,1.7,-,0.0766,Good
,638,6423489,True external,-,1.22804560842891,6,0,5.243428095,14.38266095,0.997062316,1.8216,-,0.0589,Good
,639,6423490,True external,-,1.24943608140948,3,0,10.48685619,14.38266095,1.246327895,2.2901,-,0.08,Good
,640,6423491,True external,-,1.23192902728909,4,0,10.48685619,14.38266095,1.246327895,2.2738,-,0.0734,Good
,641,6423493,True external,-,1.11526631173878,4,0,0,14.38266095,0.997062316,1.7373,-,0.0803,Good
,642,6423494,True external,-,1.10875433772434,4,0,0,14.38266095,0.997062316,1.7441,-,0.0816,Good
,643,6423498,True external,-,1.29543258085012,3,0,5.243428095,14.38266095,1.846744435,2.2525,-,0.0697,Good
,644,6423502,True external,-,1.26378156739806,3,0,0,14.38266095,1.658247084,1.9267,-,0.0756,Good
,645,6423507,True external,-,1.21504256122082,4,0,5.243428095,14.38266095,1.658247084,2.2134,-,0.0708,Good
,646,6423508,True external,-,1.36563827132274,2,0,5.243428095,14.38266095,2.319431851,2.4351,-,0.0999,Good
,647,6423509,True external,-,1.33884142228578,3,0,5.243428095,14.38266095,2.319431851,2.4284,-,0.0977,Good
,648,6423511,True external,-,1.2778740946111,4,0,5.243428095,14.38266095,2.319431851,2.4573,-,0.1106,Good
,649,6423512,True external,-,1.31708270128734,2,0,14.36444616,14.38266095,2.214533408,2.9072,-,0.1514,Good
,650,6423513,True external,-,1.45242515607195,0,0,14.36444616,14.38266095,2.214533408,2.8356,-,0.1589,Good
,651,6423514,True external,-,1.17596849146348,4,0,0,14.38266095,0.997062316,1.6742,-,0.0706,Good
,652,6423521,True external,-,1.08399454442922,6,0,0,14.38266095,0.997062316,1.7008,-,0.0882,Good
,653,6423522,True external,-,1.09098904005272,6,0,0,14.38266095,0.997062316,1.6935,-,0.0868,Good
,654,6423523,True external,-,1.45464493233763,0,0,5.243428095,14.38266095,1.846744435,2.1906,-,0.0764,Good
,655,6423525,True external,-,1.36376980402049,0,0,5.243428095,14.38266095,0.997062316,1.8878,-,0.0875,Good
,656,6423526,True external,-,1.51622491669985,0,0,5.243428095,14.38266095,2.319431851,2.3477,-,0.0913,Good
,657,6423527,True external,-,1.3388464742221,0,0,5.243428095,14.38266095,0.997062316,1.9137,-,0.0854,Good
,658,6423535,True external,-,1.21112273520903,2,0,23.48546423,14.38266095,1.732640262,3.2626,-,0.2764,Good
,659,6423536,True external,-,1.28278961225061,2,0,5.243428095,14.38266095,1.658247084,2.212,-,0.0708,Good
,660,6423537,True external,-,1.26755085220462,3,0,5.243428095,14.38266095,1.246327895,2.0007,-,0.0571,Good
,661,6423541,True external,-,1.34825923867818,6,0,8.000175648,14.38266095,1.638093653,2.1387,-,0.047,Good
,662,6423544,True external,-,1.15068190929309,5,0,0,14.38266095,1.246327895,1.7826,-,0.0786,Good
,663,6423545,True external,-,1.14195897906929,5,0,0,14.38266095,1.246327895,1.7916,-,0.0806,Good
,664,6423546,True external,-,1.11537481076817,7,0,0,14.38266095,1.246327895,1.7502,-,0.0908,Good
,665,6423547,True external,-,1.2378296491449,1,0,4.592384883,14.38266095,1.246327895,2.0671,-,0.0738,Good
,666,6423553,True external,-,1.13692784043499,4,0,4.592384883,14.38266095,1.246327895,2.0684,-,0.0708,Good
,667,6423565,True external,-,1.12011087231667,5,0,4.592384883,14.38266095,1.246327895,2.0513,-,0.0709,Good
,668,6423566,True external,-,1.1131862383856,5,0,4.592384883,14.38266095,1.246327895,2.0585,-,0.0725,Good
,669,6423567,True external,-,1.101523697028,5,0,4.592384883,14.38266095,1.246327895,2.0706,-,0.0755,Good
,670,6423568,True external,-,1.09208259211948,5,0,4.592384883,14.38266095,1.246327895,2.0804,-,0.078,Good
,671,6423569,True external,-,1.20527843040724,4,0,16.36348688,14.38266095,0.997062316,2.4882,-,0.1342,Good
,672,6423571,True external,-,1.27461932968328,2,0,16.36348688,14.38266095,0.997062316,2.4852,-,0.159,Good
,673,6423573,True external,-,1.26574724136512,0,0,4.592384883,14.38266095,0.997062316,1.956,-,0.0818,Good
,674,6423579,True external,-,1.48713038132889,0,0,5.243428095,14.38266095,1.846744435,2.1569,-,0.0751,Good
,675,6423580,True external,-,1.33769203433048,2,0,5.243428095,14.38266095,1.846744435,2.2431,-,0.0696,Good
,676,6423581,True external,-,1.29548360323381,0,0,0,14.38266095,0.997062316,1.6882,-,0.0763,Good
,677,6423582,True external,-,1.3896952135868,2,0,0,14.38266095,1.638093653,1.8209,-,0.0595,Good
,678,6423583,True external,-,1.2514826237443,2,0,0,14.38266095,0.997062316,1.6648,-,0.0678,Good
,679,6423584,True external,-,1.39689597828244,1,0,10.48685619,14.38266095,1.246327895,2.2059,-,0.1026,Good
,680,6423593,True external,-,1.16394925858104,3,0,0,14.38266095,0.997062316,1.7213,-,0.0735,Good
,681,6423594,True external,-,1.154628653018,4,0,0,14.38266095,0.997062316,1.6964,-,0.0734,Good
,682,6423595,True external,-,1.21268795107561,0,0,0,14.38266095,0.997062316,1.7742,-,0.0826,Good
,683,6423596,True external,-,1.36988698269413,0,0,5.243428095,14.38266095,0.997062316,1.8814,-,0.0881,Good
,684,6423597,True external,-,1.42785399532211,2,0,5.243428095,14.38266095,1.139562495,1.8188,-,0.0745,Good
,685,6423598,True external,-,1.44433017269731,0,0,5.243428095,14.38266095,1.658247084,2.1132,-,0.0742,Good
,686,6423599,True external,-,1.44648381668519,0,0,0,14.38266095,1.658247084,1.8404,-,0.069,Good
,687,6423607,True external,-,1.10275585103327,8,0,0,14.38266095,0.997062316,1.6122,-,0.0947,Good
,688,6423608,True external,-,1.23374619053442,4,0,0,14.38266095,0.997062316,1.6142,-,0.0661,Good
,689,6423609,True external,-,1.08927415252725,8,0,0,14.38266095,0.997062316,1.6262,-,0.0969,Good
,690,6423610,True external,-,1.09781992862943,8,0,0,14.38266095,0.997062316,1.6173,-,0.0954,Good
,691,6423612,True external,-,1.33243166882857,6,0,5.243428095,14.38266095,1.139562495,1.7798,-,0.0582,Good
,692,6423613,True external,-,1.350183509405,6,0,5.243428095,14.38266095,0.997062316,1.6947,-,0.0707,Good
,693,6423615,True external,-,1.38941077873618,4,0,5.243428095,14.38266095,1.658247084,2.0322,-,0.0463,Good
,694,6423616,True external,-,1.16267123422517,4,0,0,14.38266095,0.997062316,1.6881,-,0.0723,Good
,695,6423621,True external,-,1.43566523299019,4,0,5.243428095,14.38266095,2.319431851,2.2933,-,0.0649,Good
,696,6423622,True external,-,1.3829077386248,4,0,14.36444616,14.38266095,2.214533408,2.7697,-,0.1073,Good
,697,6423623,True external,-,1.13430568607267,8,0,4.592384883,14.38266095,0.997062316,1.8164,-,0.0698,Good
,698,6423624,True external,-,1.14439778551391,8,0,0,14.38266095,0.997062316,1.5689,-,0.0895,Good
,699,6423625,True external,-,1.16413471547388,4,0,0,14.38266095,0.997062316,1.6865,-,0.0721,Good
,700,6423626,True external,-,1.2587973158428,8,0,0,14.38266095,0.997062316,1.4501,-,0.0873,Good
,701,6423629,True external,-,1.1327612758187,8,0,0,14.38266095,1.246327895,1.6976,-,0.0923,Good
,702,6423630,True external,-,1.2654801360276,6,0,16.36348688,14.38266095,0.997062316,2.3566,-,0.125,Good
,703,6423631,True external,-,1.24557044619195,4,0,0,14.38266095,0.997062316,1.6019,-,0.0657,Good
,704,6423633,True external,-,1.30450511456971,6,0,5.243428095,14.38266095,0.997062316,1.7422,-,0.0639,Good
,705,6423639,True external,-,1.20471166994939,5,0,0,14.38266095,1.246327895,1.7264,-,0.0687,Good
,706,6423640,True external,-,1.2555286097413,4,0,4.592384883,14.38266095,0.997062316,1.8285,-,0.0587,Good
,707,6423641,True external,-,1.34150743798388,4,0,5.243428095,14.38266095,0.997062316,1.7728,-,0.0661,Good
,708,6423642,True external,-,1.27764598755314,4,0,5.243428095,14.38266095,0.997062316,1.8392,-,0.0602,Good
,709,6423643,True external,-,1.34564697842143,4,0,5.243428095,14.38266095,1.658247084,2.0777,-,0.0485,Good
,710,6423644,True external,-,1.31131838868935,4,0,5.243428095,14.38266095,0.997062316,1.8042,-,0.0626,Good
,711,6423645,True external,-,1.09334674895094,8,0,0,14.38266095,0.997062316,1.622,-,0.0962,Good
,712,6423651,True external,-,1.29281892985159,6,0,4.592384883,14.38266095,0.997062316,1.7207,-,0.0625,Good
,713,6423652,True external,-,1.38579099782325,4,0,15.07924107,14.38266095,1.246327895,2.3509,-,0.1209,Good
,714,6423653,True external,-,1.33838959767181,2,0,4.592384883,14.38266095,0.997062316,1.8115,-,0.0694,Good
,715,6423657,True external,-,1.44005195886791,0,3.16332023826307,17.01453009,14.38266095,0.997062316,2.8113,-,0.3537,Good
,716,6423658,True external,-,1.28195669840713,0,0,5.243428095,14.38266095,0.997062316,1.9728,-,0.0837,Good
,717,6423659,True external,-,1.3455478963771,0,0,5.243428095,14.38266095,0.997062316,1.9067,-,0.0859,Good
,718,6423660,True external,-,1.25113019706293,0,0,5.243428095,14.38266095,0.997062316,2.0048,-,0.0847,Good
,719,6423662,True external,-,1.23776719723793,6,0,0,14.38266095,1.658247084,1.8501,-,0.0773,Good
,720,6423663,True external,-,1.22372858601452,4,0,0,14.38266095,1.658247084,1.9338,-,0.0822,Good
,721,6423667,True external,-,1.168394463383,6,0,0,14.38266095,1.658247084,1.9222,-,0.0961,Good
,722,6423671,True external,-,1.16022126691763,4,0,0,14.38266095,0.997062316,1.6906,-,0.0726,Good
,723,6423672,True external,-,1.09972680076909,6,0,0,14.38266095,0.997062316,1.6844,-,0.085,Good
,724,6423673,True external,-,1.25815161612286,2,0,5.243428095,14.38266095,0.997062316,1.9285,-,0.0676,Good
,725,6423674,True external,-,1.24952763246407,2,0,23.48546423,14.38266095,1.732640262,3.2227,-,0.2689,Good
,726,6423675,True external,-,1.35014507924432,2,0,14.36444616,14.38266095,2.214533408,2.8728,-,0.1425,Good
,727,6423676,True external,-,1.27355673235832,4,0,9.121018065,14.38266095,2.005882626,2.5152,-,0.0854,Good
,728,6423677,True external,-,1.31930034914094,2,0,0,14.38266095,1.658247084,1.9035,-,0.0691,Good
,729,6423678,True external,-,1.30646790503242,4,0,5.243428095,14.38266095,1.139562495,1.8758,-,0.0554,Good
,730,6423680,True external,-,1.27772849681115,4,0,0,14.38266095,1.638093653,1.8682,-,0.0683,Good
,731,6423685,True external,-,1.22144001834981,2,0,0,14.38266095,0.997062316,1.696,-,0.0698,Good
,732,6423686,True external,-,1.28546513481131,4,0,5.243428095,14.38266095,0.997062316,1.831,-,0.0606,Good
,733,6423687,True external,-,1.32416905880972,4,0,5.243428095,14.38266095,0.997062316,1.7908,-,0.0639,Good
,734,6423688,True external,-,1.3164864306811,2,0,5.243428095,14.38266095,0.997062316,1.8678,-,0.0694,Good
,735,6423689,True external,-,1.28443852250744,3,0,10.48685619,14.38266095,1.246327895,2.2538,-,0.0787,Good
,736,6423690,True external,-,1.47504591139476,0,3.16032979930122,17.01453009,14.38266095,0.997062316,2.7745,-,0.3555,Good
,737,6423691,True external,-,1.27679801068999,2,0,5.243428095,14.38266095,0.997062316,1.9091,-,0.0677,Good
,738,6423692,True external,-,1.38526539844986,0,0,5.243428095,14.38266095,0.997062316,1.8654,-,0.09,Good
,739,6423699,True external,-,1.15767096682676,2,0,0,14.38266095,0.997062316,1.7623,-,0.0782,Good
,740,6423700,True external,-,1.18883813781833,8,0,0,14.38266095,1.246327895,1.6393,-,0.0834,Good
,741,6423701,True external,-,1.17794194053931,8,0,0,14.38266095,1.246327895,1.6506,-,0.0848,Good
,742,6423702,True external,-,1.15401020627511,8,0,0,14.38266095,0.997062316,1.559,-,0.0886,Good
,743,6423704,True external,-,1.10412469812262,8,0,0,14.38266095,0.997062316,1.6108,-,0.0945,Good
,744,6423705,True external,-,1.09970154148635,8,0,0,14.38266095,0.997062316,1.6154,-,0.0951,Good
,745,6423706,True external,-,1.09191678580652,8,0,0,14.38266095,0.997062316,1.6235,-,0.0964,Good
,746,6423713,True external,-,1.12647450823125,9,0,0,14.38266095,1.246327895,1.6696,-,0.1009,Good
,747,6423714,True external,-,1.12027038759411,9,0,0,14.38266095,1.246327895,1.676,-,0.1021,Good
,748,6423715,True external,-,1.11465713558908,9,0,0,14.38266095,1.246327895,1.6819,-,0.1032,Good
,749,6423716,True external,-,1.10489495818902,9,0,0,14.38266095,1.246327895,1.692,-,0.1053,Good
,750,6423719,True external,-,1.22598485685293,5,0,5.243428095,14.38266095,0.997062316,1.8583,-,0.0581,Good
,751,6423722,True external,-,1.27508066628365,4,0,5.243428095,14.38266095,0.997062316,1.8418,-,0.0601,Good
,752,6423723,True external,-,1.37050629973859,5,0,9.835812978,14.38266095,1.246327895,2.0617,-,0.0697,Good
,753,6423724,True external,-,1.42280394366673,5,0,9.835812978,14.38266095,1.246327895,2.0073,-,0.0784,Good
,754,6423725,True external,-,1.30858054575258,7,0,9.835812978,14.38266095,1.246327895,2.057,-,0.0623,Good
,755,6423727,True external,-,1.26448940891455,7,0,9.835812978,14.38266095,1.246327895,2.1028,-,0.0601,Good
,756,6423728,True external,-,1.2468858580128,8,0,9.835812978,14.38266095,1.246327895,2.0865,-,0.0613,Good
,757,6423736,True external,-,1.12026667641539,6,0,0,14.38266095,0.997062316,1.6631,-,0.0814,Good
,758,6423737,True external,-,1.41962773170382,0,0,5.243428095,14.38266095,0.997062316,1.8297,-,0.0953,Good
,759,6423738,True external,-,1.15926929510445,4,0,0,14.38266095,0.997062316,1.6916,-,0.0728,Good
,760,6423739,True external,-,1.12643453239412,6,0,0,14.38266095,0.997062316,1.6567,-,0.0805,Good
,761,6423741,True external,-,1.37996978650413,1,0,10.48685619,14.38266095,1.246327895,2.2235,-,0.101,Good
,762,6423742,True external,-,1.3565315699444,6,0,4.592384883,14.38266095,1.658247084,1.9637,-,0.0447,Good
,763,6423749,True external,-,1.31542204297477,0,0,5.243428095,14.38266095,1.658247084,2.2472,-,0.087,Good
,764,6423750,True external,-,1.35639988841031,0,0,5.243428095,14.38266095,1.658247084,2.2046,-,0.0805,Good
,765,6423751,True external,-,1.43739339053686,0,0,5.243428095,14.38266095,1.658247084,2.1204,-,0.0743,Good
,766,6423752,True external,-,1.35639988841031,0,0,5.243428095,14.38266095,1.658247084,2.2046,-,0.0805,Good
,767,6423758,True external,-,1.20544438406613,4,0,0,14.38266095,0.997062316,1.6436,-,0.0677,Good
,768,6423759,True external,-,1.19577522746719,4,0,0,14.38266095,0.997062316,1.6537,-,0.0685,Good
,769,6423760,True external,-,1.18698508510452,5,0,0,14.38266095,0.997062316,1.6283,-,0.0705,Good
,770,6423761,True external,-,1.1789593029473,5,0,0,14.38266095,0.997062316,1.6366,-,0.0712,Good
,771,6423762,True external,-,1.24740577881492,2,0,0,14.38266095,0.997062316,1.6691,-,0.068,Good
,772,6423763,True external,-,1.22774209757116,6,0,0,14.38266095,0.997062316,1.5514,-,0.072,Good
,773,6423764,True external,-,1.22751041640912,2,0,0,14.38266095,0.997062316,1.6897,-,0.0693,Good
,774,6423765,True external,-,1.21302373825909,4,0,0,14.38266095,0.997062316,1.6357,-,0.0672,Good
,775,6423767,True external,-,1.26225456507166,2,0,0,14.38266095,0.997062316,1.6536,-,0.0673,Good
,776,6423768,True external,-,1.21968429320976,4,0,0,14.38266095,0.997062316,1.6288,-,0.0668,Good
,777,6423769,True external,-,1.2136705190011,2,0,0,14.38266095,0.997062316,1.7041,-,0.0705,Good
,778,6423770,True external,-,1.20003971593798,10,0,0,14.38266095,0.997062316,1.4421,-,0.1081,Good
,779,6423771,True external,-,1.29325831068098,6,0,0,14.38266095,0.997062316,1.4833,-,0.0739,Good
,780,6423772,True external,-,1.27285726031412,6,0,0,14.38266095,0.997062316,1.5045,-,0.0726,Good
,781,6423781,True external,-,1.35349721271831,4,0,5.243428095,14.38266095,2.319431851,2.3787,-,0.0845,Good
,782,6423782,True external,-,1.40342464657555,0,0,5.243428095,14.38266095,1.658247084,2.1557,-,0.0758,Good
,783,6423783,True external,-,1.35848555717565,0,0,5.243428095,14.38266095,1.658247084,2.2024,-,0.0802,Good
,784,6423784,True external,-,1.43791685824838,2,0,5.243428095,14.38266095,0.997062316,1.7417,-,0.0878,Good
,785,6423786,True external,-,1.37364749906451,6,0,5.243428095,14.38266095,0.997062316,1.6703,-,0.0753,Good
,786,6423787,True external,-,1.34603346078199,6,0,5.243428095,14.38266095,0.997062316,1.699,-,0.07,Good
,787,6423794,True external,-,1.06643830993556,7,0,0,14.38266095,0.997062316,1.6845,-,0.0955,Good
,788,6423795,True external,-,1.07588775141136,6,0,0,14.38266095,0.997062316,1.7092,-,0.0899,Good
,789,6423796,True external,-,1.12550837838345,2,0,0,14.38266095,0.997062316,1.7957,-,0.0845,Good
,790,6423797,True external,-,1.14058186200639,6,0,0,14.38266095,0.997062316,1.642,-,0.0785,Good
,791,6423798,True external,-,1.13304423837814,6,0,0,14.38266095,0.997062316,1.6498,-,0.0795,Good
,792,6423799,True external,-,1.24426170918405,3,0,5.243428095,14.38266095,1.658247084,2.2175,-,0.0706,Good
,793,6423808,True external,-,1.12761534857724,6,0,0,14.38266095,0.997062316,1.6554,-,0.0803,Good
,794,6423809,True external,-,1.12106296905516,6,0,0,14.38266095,0.997062316,1.6623,-,0.0813,Good
,795,6423810,True external,-,1.13068814521633,2,0,0,14.38266095,0.997062316,1.7904,-,0.0834,Good
,796,6423811,True external,-,1.22928563620378,6,0,0,14.38266095,0.997062316,1.5498,-,0.0719,Good
,797,6423812,True external,-,1.11429795838604,7,0,0,14.38266095,0.997062316,1.6348,-,0.0866,Good
,798,6423814,True external,-,1.12262767366815,3,0,0,14.38266095,0.997062316,1.7642,-,0.0809,Good
,799,6423816,True external,-,1.0638062737254,8,0,0,14.38266095,0.997062316,1.6527,-,0.1017,Good
,800,6423822,True external,-,1.19300948358824,2,0,0,14.38266095,0.997062316,1.7256,-,0.0729,Good
,801,6423823,True external,-,1.1484495746818,4,0,0,14.38266095,0.997062316,1.7028,-,0.0744,Good
,802,6423824,True external,-,1.22871294830362,4,0,5.243428095,14.38266095,1.658247084,2.1992,-,0.0673,Good
,803,6423825,True external,-,1.29386782053169,3,0,14.36444616,14.38266095,2.214533408,2.8968,-,0.142,Good
,804,6423826,True external,-,1.25639237016898,4,0,14.36444616,14.38266095,2.214533408,2.9012,-,0.1395,Good
,805,6423827,True external,-,1.10406841429265,6,0,4.592384883,14.38266095,0.997062316,1.9169,-,0.0682,Good
,806,6423836,True external,-,1.10496189575716,7,0,0,14.38266095,0.997062316,1.6445,-,0.0881,Good
,807,6423837,True external,-,1.25573550215714,0,3.12381248819305,11.771102,14.38266095,0.997062316,2.7273,-,0.35,Good
,808,6423838,True external,-,1.2087485339818,2,0,0,14.38266095,0.997062316,1.7092,-,0.071,Good
,809,6423839,True external,-,1.16778071163386,3,0,0,14.38266095,0.997062316,1.7173,-,0.073,Good
,810,6423841,True external,-,1.20585723360174,0,0,0,14.38266095,0.997062316,1.7813,-,0.0836,Good
,811,6423842,True external,-,1.24536470601826,6,0,0,14.38266095,0.997062316,1.5331,-,0.0719,Good
,812,6423850,True external,-,1.27722094816818,0,0,0,14.38266095,0.997062316,1.7071,-,0.0769,Good
,813,6423851,True external,-,1.31333918584589,6,0,8.000175648,14.38266095,1.638093653,2.175,-,0.0486,Good
,814,6423855,True external,-,1.13493359064087,4,0,0,14.38266095,0.997062316,1.7169,-,0.0766,Good
,815,6423859,True external,-,1.16647688428949,2,0,0,14.38266095,0.997062316,1.7532,-,0.0767,Good
,816,6423860,True external,-,1.1519988146894,2,0,0,14.38266095,0.997062316,1.7682,-,0.0792,Good
,817,6481345,True external,-,1.69975064256603,8,0,19.67162596,0,2.944790553,3.4327,-,0.109,Good
,818,6481346,True external,-,1.60699684384356,8,0,19.67162596,0,1.907421376,3.0441,-,0.0893,Good
,819,6610909,True external,-,1.59889283527275,14,0,16.0003513,14.38266095,2.904483692,2.607,-,0.1148,Good
,820,6611897,True external,-,1.79296217164803,6,0,5.513495107,0,4.440201454,3.3736,-,0.3545,Good
,821,6612328,True external,-,1.84689823569496,2,0,27.83047797,0,1.907421376,3.4229,-,0.2767,Good
,822,6711651,True external,-,1.65528989200371,2,0,10.48685619,0,1.622421019,2.5938,-,0.0468,Good
,823,9096217,True external,-,1.35913498199813,8,0,10.48685619,14.38266095,2.120952177,2.4125,-,0.0586,Good
,824,9807612,True external,-,1.38704534969644,3,0,28.78563209,0,3.280576816,4.5577,-,0.4407,Moderate
,825,9830397,True external,-,1.46799873700707,3,0,28.78563209,0,2.548452712,4.1312,-,0.2762,Good
,826,9850554,True external,-,1.41552505095351,3,0,28.78563209,0,3.280576816,4.5281,-,0.4216,Moderate
,827,9873088,True external,-,1.45404566472735,3,0,28.78563209,0,3.067137301,4.3882,-,0.3564,Good
,828,9894236,True external,-,1.4540043248312,3,0,28.78563209,0,3.031311236,4.3715,-,0.3501,Good
,829,9894885,True external,-,1.45666659003773,3,0,28.78563209,0,3.067137301,4.3855,-,0.3551,Good
,830,9895349,True external,-,1.54779408798281,3,0,30.14403333,0,4.353680771,4.9625,-,0.6302,Moderate
,831,9916234,True external,-,1.40090059353574,2,0,34.02906018,6.762503079,2.655218113,4.3138,-,0.4637,Good
,832,9937257,True external,-,1.54004285341334,10,0,15.73028428,13.31600552,4.348208956,3.5057,-,0.319,Good
,833,9959091,True external,-,1.3299314958863,2,0,28.78563209,6.762503079,2.655218113,4.1169,-,0.373,Moderate
,834,9960278,True external,-,1.46830826303908,3,0,28.78563209,0,3.067137301,4.3734,-,0.3491,Good
,835,9968960,True external,-,1.52370218290406,2,0.637908650055997,10.48685619,0,1.907421376,2.9436,-,0.0553,Good
,836,10001307,True external,-,1.39829053448848,6,0.331526446282351,10.48685619,0,1.693981862,2.7977,-,0.0583,Good
,837,10001484,True external,-,1.56715133102088,8,2.30813987738275,18.91585923,0,1.495593475,3.1424,-,0.1199,Good
,838,10002194,True external,-,1.64102267684998,8,0,0,3.143299138,2.855610387,2.3244,-,0.1486,Good
,839,10002315,True external,-,1.48396628177386,2,0,9.835812978,0,1.302216104,2.5885,-,0.0444,Good
,840,10003569,True external,-,1.5212559158642,10,0,16.85800609,0,1.994124633,2.9595,-,0.0828,Good
,841,10004199,True external,-,1.66176392710914,2,0,15.07924107,0,1.963400871,2.9835,-,0.0627,Good
,842,10005293,True external,-,1.56947613932256,8,1.53175160908494,13.67243114,0,1.495593475,2.7723,-,0.075,Good
,843,10010188,True external,-,1.56237556005443,8,0,39.34325191,7.191330476,1.638093653,3.7221,-,0.5123,Good
,844,10015450,True external,-,1.55875517562199,0,3.05984293143279,0,0,1.495593475,2.5452,-,0.4146,Good
,845,10020324,True external,-,1.28565150836477,4,0,5.243428095,0.909874473,1.139562495,2.3799,-,0.0669,Good
,846,10022409,True external,-,1.70944147016964,2,0,0,0,0.498531158,1.4709,-,0.1964,Good
,847,10023637,True external,-,1.76514399356683,4,2.71087246252126,9.835812978,7.191330476,1.744859054,2.5155,-,0.2024,Good
,848,10024541,True external,-,1.56760475645251,5,2.10149465610069,8.429003045,0,1.495593475,2.6785,-,0.139,Good
,849,10025697,True external,-,1.62447004587992,9,0,15.73028428,7.191330476,2.243390212,2.6876,-,0.0608,Good
,850,10026593,True external,-,1.4115502517811,2,0,18.95683104,0,1.151320488,3.0639,-,0.1054,Good
,851,10026973,True external,-,1.50709948457385,11,0,18.91585923,21.57399143,2.243390212,2.3898,-,0.2001,Good
,852,10027326,True external,-,1.59737766484849,18,0,2.756747554,0,1.139562495,1.4769,-,0.4286,Good
,853,10027415,True external,-,1.85235838363238,4,0,15.73028428,7.191330476,3.229882197,3.0847,-,0.1028,Good
,854,10028025,True external,-,1.48848417514353,2,0,19.67162596,0,0.641031337,2.7822,-,0.163,Good
,855,10028371,True external,-,1.74538967198367,11,0,17.28101824,14.94117279,2.370217756,2.3546,-,0.1605,Good
,856,10028580,True external,-,1.36158822940602,7,0,0,0,1.388828074,2.076,-,0.1329,Good
,857,10028620,True external,-,1.58278429967177,8,1.48894103385625,18.91585923,0,1.495593475,3.0237,-,0.0729,Good
,858,10030273,True external,-,1.56763709249709,9,0,14.42819786,0,1.388828074,2.5374,-,0.094,Good
,859,10030690,True external,-,1.55599717581011,2,0,19.67162596,0,1.139562495,2.9452,-,0.128,Good
,860,10031160,True external,-,1.51424172649444,14,3.22486225694667,18.48703184,18.48675969,3.595561911,3.4026,-,0.4273,Good
,861,10043684,True external,-,1.59490510275102,5,0,18.91585923,0,1.495593475,2.9286,-,0.0939,Good
,862,10043877,True external,-,1.54812407550471,2,0,33.37801697,0,0.890296916,3.5441,-,0.4164,Good
,863,10044424,True external,-,1.72360228304858,0,0,10.48685619,0,0.747796737,2.1829,-,0.1525,Good
,864,10046140,True external,-,1.55042956365165,8,4.33563488397823,18.91585923,0,1.495593475,3.4132,-,0.436,Good
,865,10046742,True external,-,1.47416490122507,4,0,5.243428095,10.17259859,1.875140441,2.1963,-,0.0298,Good
,866,10049406,True external,-,1.65536445673762,0,0,10.48685619,0,3.143270227,3.3739,-,0.1653,Good
,867,10049518,True external,-,1.686926622307,9,2.38697881741242,10.2850313,0,1.994124633,2.781,-,0.1828,Good
,868,10049519,True external,-,1.56612262404863,12,0,26.21714047,7.191330476,1.495593475,2.8361,-,0.2305,Good
,869,10050234,True external,-,1.40891670533149,11,0,0,7.191330476,1.638093653,1.7478,-,0.1262,Good
,870,10050460,True external,-,1.55527045346009,2,0,9.835812978,0,1.515655618,2.6142,-,0.0413,Good
,871,10050830,True external,-,1.50555228549303,12,2.13946478341004,13.67243114,0,1.744859054,2.8932,-,0.1585,Good
,872,10050886,True external,-,1.50624220111346,8,0,18.26481602,0,1.638093653,2.9502,-,0.0803,Good
,873,10051397,True external,-,1.48774681146862,4,0,19.67162596,0,0.890296916,2.8305,-,0.1305,Good
,874,10051586,True external,-,1.44039896570325,6,0,20.32266917,0,1.139562495,2.9608,-,0.1091,Good
,875,10052208,True external,-,1.67647710459489,0,0,10.48685619,7.759516037,2.700845775,2.8672,-,0.0873,Good
,876,10052359,True external,-,1.41558580727416,6,0,15.73028428,0.909874473,1.638093653,2.9501,-,0.0606,Good
,877,10054525,True external,-,2.06468457565457,6,0.0505831935319689,7.001213063,8.101204949,4.389598123,2.8605,-,0.1777,Good
,878,10056381,True external,-,1.48958552951352,14,0.907425132288603,27.14986362,0,3.698807822,4.2959,-,0.3181,Good
,879,10066776,True external,-,1.62996812002547,2,2.57077336142056,0,0,1.388828074,2.2911,-,0.2955,Good
,880,10067750,True external,-,1.51704412880864,4,2.70200157158706,0,0,1.282062673,2.3058,-,0.3339,Good
,881,10067865,True external,-,1.64297252393826,2,0,20.32266917,7.191330476,1.246327895,2.6808,-,0.1998,Good
,882,10069197,True external,-,1.49552456250525,3,2.12489883824328,8.429003045,0,1.744859054,2.942,-,0.1717,Good
,883,10069314,True external,-,1.62235856333383,5,3.81352457931984,13.67243114,0,1.495593475,3.1062,-,0.365,Good
,884,10071202,True external,-,1.53221884777172,2,0,9.835812978,0,0.641031337,2.2292,-,0.0958,Good
,885,10072100,True external,-,1.44444712917741,12,0,5.243428095,7.191330476,1.887359232,2.0634,-,0.0937,Good
,886,10073488,True external,-,1.45940722282665,8,0,10.48685619,7.191330476,1.388828074,2.2235,-,0.0491,Good
,887,10073501,True external,-,1.55435532095571,9,3.70351749495511,5.243428095,0.909874473,1.139562495,2.391,-,0.4577,Good
,888,10074770,True external,-,1.45266335004394,18,1.66292866508821,16.85800609,0,2.243390212,3.0789,-,0.2191,Good
,889,10075340,True external,-,1.3461391845652,11,0,0,7.191330476,1.638093653,1.813,-,0.1301,Good
,890,10075527,True external,-,1.43439380549651,10,0,0,27.53652765,3.109249545,1.7151,-,0.2141,Good
,891,10075632,True external,-,1.44231269466218,7,0,25.63312277,7.191330476,3.189484049,3.8993,-,0.2548,Good
,892,10075669,True external,-,1.41801655378418,8,0.537771145294912,20.32266917,0,1.388828074,3.0988,-,0.0744,Good
,893,10075781,True external,-,1.41006037557018,18,0,15.73028428,7.191330476,1.638093653,2.3166,-,0.184,Good
,894,10076629,True external,-,1.48493984575576,13,0,26.01531558,0.909874473,1.887359232,3.2836,-,0.1678,Good
,895,10076988,True external,-,2.2152224431875,6,0.104179509046847,7.001213063,8.101204949,5.711967657,3.3291,-,0.4101,Good
,896,10079282,True external,-,1.54707895504804,25,0,17.83598863,14.38266095,4.86797585,3.2939,-,0.5159,Good
,897,10087551,True external,-,1.59494954020846,4,0,9.184769766,0,1.139562495,2.2945,-,0.0681,Good
,898,10087972,True external,-,1.64771028586218,2,0,0,0,0.641031337,1.6017,-,0.1462,Good
,899,10089894,True external,-,1.5921601864842,5,2.49322234277945,0,7.191330476,1.744859054,2.126,-,0.2595,Good
,900,10090028,True external,-,1.63237161193867,5,2.43627819818611,0,0,1.744859054,2.3347,-,0.2991,Good
,901,10091449,True external,-,1.75969270167441,4,0,0,0,2.319431851,2.201,-,0.0934,Good
,902,10094165,True external,-,1.46157570637401,4,0,10.48685619,0,1.139562495,2.5003,-,0.0512,Good
,903,10096120,True external,-,1.36726644559088,4,0,17.01453009,11.99667151,2.610718387,3.1934,-,0.1573,Good
,904,10096504,True external,-,1.4261379161841,16,0,10.48685619,0.909874473,1.388828074,2.2068,-,0.2045,Good
,905,10106658,True external,-,1.52594283369996,0,0,8.429003045,0,1.246327895,2.5152,-,0.0488,Good
,906,10111260,True external,-,1.31629343670416,0,1.77077826388817,10.48685619,0,0.783531515,2.8442,-,0.1314,Good
,907,10112122,True external,-,1.78381932831369,0,2.43965172417563,0,0,0.783531515,1.9008,-,0.3068,Good
,908,10113416,True external,-,1.36759431692768,4,0,9.835812978,0,0.783531515,2.3979,-,0.0637,Good
,909,10114069,True external,-,1.46908250522169,10,3.40707656264649,19.67162596,0,1.658247084,3.4276,-,0.273,Good
,910,10116600,True external,-,1.33701977589984,0,0,19.67162596,0,0.783531515,3.0753,-,0.1463,Good
,911,10116601,True external,-,1.33994054704002,0,0,10.48685619,0,0.783531515,2.5983,-,0.0696,Good
,912,10116686,True external,-,1.59510825434455,8,3.73885114157278,15.07924107,8.66939051,3.224319096,3.5921,-,0.4989,Good
,913,10117100,True external,-,1.45142423758031,6,0.924905583464885,0,5.568911856,2.548452712,2.4756,-,0.188,Good
,914,10118021,True external,-,1.46223581562917,0,1.74765009246432,0,0,3.428270584,3.3852,-,0.6295,Good
,915,10118432,True external,-,1.36469286332368,8,0,15.07924107,7.191330476,0.890296916,2.3257,-,0.0918,Good
,916,10118939,True external,-,1.59842960383104,2,0,10.48685619,15.51903207,3.097030753,2.7867,-,0.1476,Good
,917,10119165,True external,-,1.49047741568074,8,2.3554270891074,23.54220399,13.95383356,2.528390569,3.4499,-,0.2094,Good
,918,10119166,True external,-,1.44809159666308,8,2.36656951850531,23.54220399,13.95383356,2.528390569,3.4954,-,0.2198,Good
,919,10119594,True external,-,1.5920772349666,13,0,31.46056857,0,1.495593475,3.3027,-,0.2987,Good
,920,10120056,True external,-,1.52649306972255,22,3.58835194101111,44.51591637,1.819748946,2.492655791,4.5833,-,0.4429,Good
,921,10121916,True external,-,1.43454665305359,7,0,14.52784955,7.191330476,2.564125347,3.0419,-,0.0818,Good
,922,10126141,True external,-,1.48258593240266,0,2.25397530937651,0,0,1.495593475,2.5236,-,0.2828,Good
,923,10127229,True external,-,1.38551245765016,3,0,15.07924107,0,1.139562495,2.8508,-,0.0685,Good
,924,10127732,True external,-,1.72820911955869,4,0,0,0,0.890296916,1.5655,-,0.1691,Good
,925,10128168,True external,-,1.71501792422942,4,0,0,0,0.890296916,1.5792,-,0.1634,Good
,926,10128251,True external,-,1.75094026602049,4,0,0,0,1.551481683,1.851,-,0.1069,Good
,927,10128517,True external,-,1.72082572452513,4,0,0,7.759516037,1.993663835,1.8112,-,0.0603,Good
,928,10132527,True external,-,1.55566510903612,7,2.38266753742894,0,0.909874473,1.388828074,2.1395,-,0.2917,Good
,929,10133188,True external,-,1.62795028962495,4,0,10.48685619,0,1.139562495,2.3274,-,0.0784,Good
,930,10135233,True external,-,1.56749500428263,9,2.51043236979136,2.756747554,0.909874473,2.029859411,2.5162,-,0.3154,Good
,931,10135283,True external,-,1.53196781402904,6,3.43243719873183,9.835812978,0,1.408981505,2.8795,-,0.3335,Good
,932,10135356,True external,-,1.64838252922786,4,1.05974665470965,23.54220399,0,1.780593832,3.412,-,0.1025,Good
,933,10136636,True external,-,1.89941055682696,2,0,30.27417752,7.191330476,2.238510193,3.3918,-,0.4028,Good
,934,10138344,True external,-,1.41021660898529,4,2.33978308392787,9.835812978,0,0.890296916,2.6959,-,0.1616,Good
,935,10138827,True external,-,1.35767314370446,0,0,10.48685619,0,0.783531515,2.5799,-,0.0687,Good
,936,10139335,True external,-,1.46440297196975,4,0,9.835812978,0,1.032797094,2.4138,-,0.0559,Good
,937,10139750,True external,-,1.70135538520131,10,0,20.97371238,21.57399143,2.406043821,2.4047,-,0.2852,Good
,938,10140962,True external,-,1.4332426977969699,8,0,15.07924107,7.191330476,0.890296916,2.2545,-,0.1092,Good
,939,10141224,True external,-,1.44724304878347,10,0,15.07924107,7.511317714,1.907421376,2.6351,-,0.0564,Good
,940,10141764,True external,-,1.41564021823356,0,0,10.48685619,0,1.907421376,3.0452,-,0.0925,Good
,941,10142083,True external,-,1.44702661015381,12,0,15.07924107,7.511317714,2.156686955,2.6828,-,0.0713,Good
,942,10142154,True external,-,1.74660857512301,0,0,10.48685619,9.011079422,2.243390212,2.5356,-,0.0792,Moderate
,943,10143555,True external,-,1.27829288262247,0,0,10.48685619,0,0.783531515,2.6624,-,0.0758,Moderate
,944,10144497,True external,-,1.17092583003662,10,0,20.97371238,0,1.282062673,3.2029,-,0.1393,Good
,945,10144882,True external,-,1.59673403889676,21,0,0,0,2.492655791,1.8644,-,0.5056,Good
,946,10145517,True external,-,1.38270099846556,5,0,5.243428095,9.58358896,3.212100304,2.9031,-,0.2132,Moderate
,947,10150190,True external,-,1.61786283705298,3,2.39184651872343,0,0,1.495593475,2.2967,-,0.2727,Good
,948,10152092,True external,-,1.39697671652991,3,0,15.07924107,7.759516037,1.993663835,2.9604,-,0.0793,Good
,949,10152160,True external,-,1.54467068163446,14,0.242806146852357,10.48685619,13.95383356,2.528390569,2.2487,-,0.0895,Good
,950,10152224,True external,-,1.67805263906191,4,0,0,0,0.890296916,1.6176,-,0.1488,Good
,951,10153422,True external,-,1.39455371331841,8,3.199668952177,25.01470574,7.191330476,2.813390926,4.1065,-,0.3901,Good
,952,10154443,True external,-,1.63388624092497,4,0,0,0,1.246327895,1.83,-,0.1017,Good
,953,10154699,True external,-,1.69857592367442,0,0,10.48685619,7.191330476,1.388828074,2.2511,-,0.1006,Good
,954,10155101,True external,-,1.54590724708453,4,0,10.37690543,0,0.997062316,2.3403,-,0.0715,Good
,955,10155156,True external,-,1.36210462324593,2,0.282840207759691,10.48685619,0,0.890296916,2.5915,-,0.0524,Good
,956,10155767,True external,-,1.56432693695944,4,0,31.97120704,7.191330476,1.495593475,3.4111,-,0.3667,Good
,957,10156132,True external,-,1.43375546596092,5,0,5.133477332,0,1.246327895,2.2683,-,0.0621,Good
,958,10157854,True external,-,1.73556894134584,0,0,10.48685619,11.89598041,1.92309401,2.294,-,0.1147,Good
,959,10158402,True external,-,1.62538871844946,0,0,9.127897455,1.819748946,2.136624811,2.7991,-,0.0517,Good
,960,10159284,True external,-,1.35844798027133,0,0,10.48685619,0,0.783531515,2.5791,-,0.0687,Good
,961,10159466,True external,-,1.44796175158716,2,0,10.48685619,0,0.641031337,2.3504,-,0.0792,Good
,962,10159612,True external,-,1.85681076034344,2,0,31.55842333,0,2.27424497,3.7765,-,0.3334,Good
,963,10162268,True external,-,2.05212281741886,0,0.1401294871711,8.744034626,7.191330476,3.891066965,2.9814,-,0.16,Good
,964,10162689,True external,-,1.43377633432972,4,0,15.07924107,7.191330476,1.800747262,2.8178,-,0.058,Good
,965,10162745,True external,-,1.31922382541064,0,0,10.48685619,0,0.783531515,2.6198,-,0.0711,Good
,966,10163759,True external,-,1.83520811081846,16,2.22199100942278,0,0,2.619483335,2.1263,-,0.4868,Good
,967,10164066,True external,-,1.5346337429141,16,0.230275778217195,10.48685619,13.95383356,2.528390569,2.1885,-,0.1182,Good
,968,10164673,True external,-,1.47553587204645,8,0.857769406048901,23.54220399,13.95383356,2.528390569,3.2783,-,0.1468,Good
,969,10164937,True external,-,1.52162750374514,16,0,20.97371238,9.920953895,2.74192137,2.9587,-,0.1431,Good
,970,10164938,True external,-,1.52162750374513,22,0,20.97371238,9.920953895,2.74192137,2.7515,-,0.2481,Good
,971,10165778,True external,-,1.57726635757032,14,0,0,7.191330476,2.243390212,1.7523,-,0.1887,Good
,972,10166371,True external,-,1.49357071372045,22,3.59110750346165,39.27248828,1.819748946,2.243390212,4.2307,-,0.3924,Good
,973,10169163,True external,-,1.81860244118483,19,0,34.92875093,7.191330476,5.406722583,4.6104,-,0.5748,Good
,974,10174196,True external,-,1.69065357772348,4,0,9.121018065,0,1.258085889,2.2472,-,0.0827,Good
,975,10174371,True external,-,1.7009753316426,9,0,5.243428095,0,1.139562495,1.8083,-,0.1775,Good
,976,10174790,True external,-,1.79910099044926,4,0,0,0,1.739979034,1.8891,-,0.107,Good
,977,10178201,True external,-,1.48155166445431,6,0,0,7.191330476,1.495593475,1.7783,-,0.0621,Good
,978,10179810,True external,-,1.7317525329074,4,2.02183735486043,28.13458888,7.191330476,1.887359232,3.475,-,0.2276,Good
,979,10181513,True external,-,1.31090420930041,0,1.75388859444655,10.48685619,0,0.783531515,2.8477,-,0.131,Good
,980,10182115,True external,-,1.63900299181345,14,0,20.97371238,15.29253543,1.994124633,2.3637,-,0.2236,Good
,981,10182177,True external,-,1.49334010952464,2,0,10.48685619,0,1.159715925,2.5458,-,0.0501,Good
,982,10184212,True external,-,1.46446642752648,6,0,9.835812978,0,1.907421376,2.7537,-,0.0589,Good
,983,10184221,True external,-,1.32157039578023,0,0,10.48685619,0,0.783531515,2.6174,-,0.0709,Good
,984,10184486,True external,-,1.34559219457933,2,0,19.67162596,0,1.282062673,3.2305,-,0.1164,Good
,985,10185137,True external,-,1.79350647481678,0,0,10.48685619,7.191330476,3.138698144,2.9707,-,0.109,Good
,986,10186331,True external,-,1.49288801251353,16,3.21923723479188,33.37801697,7.191330476,1.994124633,3.7791,-,0.2655,Good
,987,10186423,True external,-,1.49729932001839,6,0,22.42837351,0,1.282062673,3.0769,-,0.1298,Good
,988,10186649,True external,-,1.44809159666308,7,2.36437926269133,23.54220399,13.95383356,2.528390569,3.5296,-,0.2344,Good
,989,10187126,True external,-,2.28333388626666,0,0.189826832905899,10.48685619,7.191330476,5.213436499,3.4556,-,0.3501,Good
,990,10187234,True external,-,1.37914998839707,8,0,20.32266917,7.191330476,1.139562495,2.6978,-,0.1185,Good
,991,10187808,True external,-,1.46712859891508,4,0.577688499595475,13.24360374,0,1.943156154,3.0847,-,0.0591,Good
,992,10188467,True external,-,1.49152931220933,5,0.578443618699788,13.24360374,0,1.943156154,3.0249,-,0.0511,Good
,993,10188746,True external,-,1.6138409177609,6,0,28.72889232,19.63473836,4.707232981,4.1794,-,0.6222,Good
,994,10195017,True external,-,1.41489320401666,2,0,15.07924107,0,0.641031337,2.6217,-,0.1,Good
,995,10195170,True external,-,1.45080780111084,2,0,15.07924107,0,0.641031337,2.5844,-,0.1062,Good
,996,10200226,True external,-,1.58711066104245,2,0,10.48685619,0,0.890296916,2.3223,-,0.0852,Good
,997,10200771,True external,-,1.63889191077493,8,0,0,0,0.997062316,1.5701,-,0.1918,Good
,998,10202488,True external,-,1.23944298748426,0,0,10.48685619,0,0.783531515,2.7028,-,0.0823,Good
,999,10202738,True external,-,1.40426593767806,0,0,10.48685619,0,0.783531515,2.5315,-,0.0686,Good
,1000,10202761,True external,-,1.56569437180363,2,0,10.48685619,7.759516037,1.993663835,2.5826,-,0.0425,Good
,1001,10204938,True external,-,1.49173069995592,4,0,15.07924107,7.191330476,1.800747262,2.7576,-,0.0562,Good
,1002,10205283,True external,-,1.38531648540595,8,0,9.835812978,0,0.641031337,2.1747,-,0.1109,Good
,1003,10205424,True external,-,1.59468667033501,2,0,15.07924107,0,1.963400871,3.0532,-,0.0632,Good
,1004,10205431,True external,-,1.4846944457231,12,0,11.614578,0,1.994124633,2.6578,-,0.1101,Good
,1005,10205593,True external,-,1.8341055196,0,0.0561080148215406,13.67243114,7.191330476,4.039853322,3.5213,-,0.2476,Good
,1006,10205815,True external,-,1.54388007807353,13,0,34.02906018,7.191330476,1.744859054,3.3443,-,0.3413,Good
,1007,10205876,True external,-,1.60124008234304,7,2.00355432505242,5.243428095,13.73836983,2.499579407,2.3754,-,0.1647,Good
,1008,10206758,True external,-,1.40847449531485,4,0,10.48685619,7.191330476,1.800747262,2.6071,-,0.0365,Good
,1009,10207703,True external,-,1.87351640995565,4,0,0,0,3.083856879,2.4402,-,0.1329,Good
,1010,10209386,True external,-,1.50966857577474,7,0.845623837724043,10.48685619,0,2.405952534,3.0446,-,0.0999,Good
,1011,10210082,True external,-,1.39030526671056,7,0,17.83598863,19.63473836,3.595561911,3.2953,-,0.3026,Good
,1012,10211410,True external,-,1.74279333880059,13,0,33.37801697,0,4.247006657,4.5316,-,0.3886,Good
,1013,10212461,True external,-,1.91042447169081,22,0,10.48685619,8.101204949,3.352228945,2.1569,-,0.3467,Good
,1014,10215062,True external,-,1.60078646431231,1,2.5141738889846,10.48685619,0,1.246327895,2.8234,-,0.181,Good
,1015,10217067,True external,-,1.38007001452769,2,0,15.07924107,0,0.641031337,2.6579,-,0.0957,Good
,1016,10217295,True external,-,1.39652440520109,2,0,15.07924107,0,0.641031337,2.6408,-,0.0976,Good
,1017,10217755,True external,-,1.412039452436,3,0,20.32266917,7.759516037,1.993663835,3.2153,-,0.1317,Good
,1018,10217780,True external,-,1.72657149996015,2,0,0,0,1.658155797,1.9953,-,0.0789,Good
,1019,10217823,True external,-,1.73924940748048,4,0,0,0,1.032797094,1.6207,-,0.1542,Good
,1020,10217858,True external,-,1.90832637813207,8,2.4509815383564,10.48685619,8.101204949,3.565759746,3.0486,-,0.2518,Good
,1021,10218040,True external,-,1.70822890240153,13,0,0,7.191330476,1.388828074,1.2511,-,0.2645,Good
,1022,10218159,True external,-,1.80782876208109,4,0,0,0,2.21266645,2.1011,-,0.0944,Good
,1023,10223802,True external,-,1.78859153516292,2,2.6627508313003,19.78732133,0,2.381010371,3.6227,-,0.2125,Good
,1024,10224412,True external,-,1.41632356886107,2,0,10.48685619,0,0.641031337,2.3833,-,0.0746,Good
,1025,10224667,True external,-,1.82517298242847,3,0,43.32952532,0,2.381010371,4.4322,-,0.6403,Good
,1026,10225357,True external,-,1.72347295720204,0,0,10.48685619,8.101204949,1.744859054,2.3592,-,0.0865,Good
,1027,10225427,True external,-,1.39065375475471,4,0,15.07924107,7.191330476,1.139562495,2.5534,-,0.0716,Good
,1028,10225613,True external,-,1.49229325653646,2,0,9.835812978,6.762503079,1.282062673,2.3283,-,0.0455,Good
,1029,10226179,True external,-,1.59303963107457,2,0,10.48685619,7.759516037,1.993663835,2.5542,-,0.0428,Good
,1030,10227576,True external,-,1.25919142134137,0,0,10.48685619,0,0.783531515,2.6822,-,0.0788,Good
,1031,10227815,True external,-,1.33275453906726,2,0,19.67162596,0,1.282062673,3.2438,-,0.1183,Moderate
,1032,10228889,True external,-,1.52712311392269,19,0.239538412119902,10.48685619,13.95383356,2.528390569,2.0939,-,0.1766,Moderate
,1033,10230491,True external,-,1.53674906783962,11,2.38006320261916,32.66322206,13.95383356,2.753679363,3.8773,-,0.2839,Moderate
,1034,10231736,True external,-,2.04948289526415,6,0.0525973183373975,7.001213063,8.101204949,4.888129281,3.1097,-,0.2666,Moderate
,1035,10244763,True external,-,1.60805133189342,0,0,10.48685619,0,0.747796737,2.303,-,0.1068,Moderate
,1036,10246127,True external,-,1.66020439181111,2,0,0,0,0.890296916,1.7052,-,0.1194,Good
,1037,10246180,True external,-,1.56496108104188,4,0,0,0,0.747796737,1.6685,-,0.1296,Moderate
,1038,10247482,True external,-,1.70652123419366,4,0,33.7920588,0,1.388828074,3.5649,-,0.3994,Moderate
,1039,10250383,True external,-,1.58317205939993,0,0,20.97371238,0,1.495593475,3.2197,-,0.1451,Good
,1040,10251149,True external,-,1.79499858560975,0,0,6.371149901,14.38266095,2.817963009,2.3493,-,0.1115,Good
,1041,10251406,True external,-,1.50485559071867,4,0,15.07924107,0,0.890296916,2.5757,-,0.0933,Good
,1042,10251563,True external,-,1.77899899535264,8,2.48024424373204,10.48685619,0,1.495593475,2.5088,-,0.2008,Good
,1043,10251986,True external,-,1.53629779166064,4,0,20.97371238,0,1.495593475,3.1303,-,0.1094,Good
,1044,10252856,True external,-,1.5608595593392,7,3.72420682750992,5.243428095,0.909874473,1.139562495,2.4558,-,0.4449,Good
,1045,10253317,True external,-,1.72296106129662,7,0,40.55673408,14.38266095,2.243390212,3.6778,-,0.6887,Good
,1046,10253593,True external,-,1.37132158380743,6,0,20.32266917,7.191330476,1.388828074,2.8916,-,0.1047,Good
,1047,10254343,True external,-,1.72043084578606,2,0,15.07924107,0,1.820900693,2.8559,-,0.0717,Good
,1048,10254769,True external,-,1.64087760114213,4,0,15.07924107,0,1.622421019,2.7767,-,0.0647,Good
,1049,10254896,True external,-,1.36406285273036,7,0,0,10.17259859,2.12440602,2.0531,-,0.089,Good
,1050,10256683,True external,-,1.49840708528782,13,0,35.40191024,7.191330476,1.638093653,3.4125,-,0.369,Good
,1051,10257675,True external,-,1.56518922111534,6,2.33258296185893,22.65058932,0.909874473,2.690952891,3.9356,-,0.2148,Good
,1052,10258494,True external,-,1.67844643791376,25,0,12.7422998,14.38266095,3.240452528,2.1335,-,0.3567,Good
,1053,10258688,True external,-,1.6761536397829,28,0,12.7422998,14.38266095,3.489718107,2.1489,-,0.4611,Good
,1054,10269767,True external,-,1.50064452477394,4,0,5.133477332,0,1.246327895,2.2334,-,0.0555,Good
,1055,10270987,True external,-,1.68176272619552,4,0,3.185574951,0.909874473,1.495593475,2.0286,-,0.07,Good
,1056,10271303,True external,-,1.63538502866449,4,0,12.81477635,0,0.926031694,2.3399,-,0.1143,Good
,1057,10271974,True external,-,1.45172886519382,7,0,10.37690543,0,0.997062316,2.3346,-,0.078,Good
,1058,10273115,True external,-,1.60823062543897,3,0.626170651169092,10.48685619,0,1.907421376,2.8197,-,0.0395,Good
,1059,10273812,True external,-,1.29888377153892,0,0,10.48685619,0,0.783531515,2.641,-,0.0731,Good
,1060,10274079,True external,-,1.41637489042282,0,0,10.48685619,0,0.783531515,2.5189,-,0.069,Good
,1061,10276183,True external,-,1.94044559767274,0,0,10.48685619,7.191330476,2.151681899,2.3565,-,0.1228,Good
,1062,10277497,True external,-,1.36578871019754,9,1.20445922790689,32.09377116,0,1.780593832,3.9924,-,0.1871,Good
,1063,10279093,True external,-,1.47710092659748,8,3.7001308309035,15.07924107,0.909874473,2.120952177,3.4718,-,0.404,Good
,1064,10279550,True external,-,1.48775380509823,20,0,20.97371238,16.2024099,2.243390212,2.3977,-,0.2398,Good
,1065,10281016,True external,-,1.94617655073881,7,0.125951335111058,10.48685619,8.101204949,3.728413356,2.8293,-,0.1048,Good
,1066,10282003,True external,-,1.55182168425411,31,0,34.02906018,23.39374037,3.240452528,2.8337,-,0.6594,Good
,1067,10286405,True external,-,1.45617122075407,2,0,0,0,0.498531158,1.7341,-,0.1099,Good
,1068,10286905,True external,-,1.66815496007525,4,0,0,0,1.638093653,1.9776,-,0.0882,Good
,1069,10288130,True external,-,1.4655304568613,2,0,15.07924107,0,0.641031337,2.5691,-,0.1093,Good
,1070,10288345,True external,-,1.73423044837586,2,0,0,0,1.032797094,1.6949,-,0.1284,Good
,1071,10288652,True external,-,1.52243446843057,4,0,0,0,0.890296916,1.7793,-,0.1075,Good
,1072,10288880,True external,-,1.69807067095031,10,0,5.448820934,0,1.282062673,1.854,-,0.1773,Good
,1073,10288902,True external,-,1.77525142432933,4,0,0,0,1.551481683,1.8258,-,0.1133,Good
,1074,10288986,True external,-,1.54467068163446,16,0.23998375892913,10.48685619,13.95383356,2.528390569,2.1793,-,0.1188,Good
,1075,10292217,True external,-,1.52644552712707,5,0,5.243428095,8.66939051,2.349694814,2.3832,-,0.0419,Good
,1076,10293701,True external,-,1.57504237363074,4,0,10.48685619,0,1.139562495,2.3824,-,0.0657,Good
,1077,10294051,True external,-,1.33113568610481,0,0,10.48685619,0,0.783531515,2.6075,-,0.0701,Good
,1078,10294698,True external,-,1.39837303620684,6,0,0,0,1.139562495,1.9558,-,0.1142,Good
,1079,10294913,True external,-,1.33031825817889,0,1.76720889150943,10.48685619,0,0.783531515,2.8292,-,0.1281,Good
,1080,10295068,True external,-,1.82100951100607,0,0,10.48685619,7.191330476,2.096010014,2.4546,-,0.0861,Good
,1081,10296263,True external,-,1.46990136076123,4,0,15.07924107,7.191330476,1.139562495,2.4711,-,0.0833,Good
,1082,10297288,True external,-,1.38530283361779,0,1.80742901220438,10.48685619,0,1.907421376,3.3026,-,0.2117,Good
,1083,10297910,True external,-,1.33015016437735,0,0,19.67162596,0,0.783531515,3.0824,-,0.1464,Good
,1084,10299578,True external,-,1.67328222732667,14,0,20.97371238,14.38266095,2.868748914,2.7697,-,0.1601,Good
,1085,10300032,True external,-,1.48818877378717,4,0,20.32266917,7.191330476,1.800747262,3.0318,-,0.1111,Good
,1086,10300641,True external,-,1.36022459717635,4,0,10.48685619,0,1.907421376,2.9647,-,0.0846,Good
,1087,10301329,True external,-,2.0593621221875,0,0.147555579633983,10.48685619,8.101204949,4.389598123,3.2652,-,0.237,Good
,1088,10301645,True external,-,1.45899144165612,6,0,9.835812978,0,1.907421376,2.7594,-,0.0598,Good
,1089,10302008,True external,-,1.40839986959652,9,0.938490564067036,23.54220399,13.95383356,2.777656148,3.4402,-,0.1681,Good
,1090,10302347,True external,-,1.2663707943209,0,0,10.48685619,0,0.783531515,2.6748,-,0.0776,Good
,1091,10303168,True external,-,1.49074495719358,23,1.65096841184386,10.48685619,0,2.74192137,2.7696,-,0.4627,Good
,1092,10304031,True external,-,1.15921306084022,10,0,20.97371238,0,1.282062673,3.2151,-,0.1422,Good
,1093,10308828,True external,-,1.53323517305659,4,0,5.243428095,0,1.246327895,2.2052,-,0.057,Good
,1094,10309149,True external,-,1.61046058056474,2,0,0,0,1.981905841,2.2674,-,0.0794,Good
,1095,10310500,True external,-,1.73600690873557,4,0,0,0,1.032797094,1.624,-,0.1529,Good
,1096,10310713,True external,-,1.7311258732154,6,0,0,0,0.890296916,1.4934,-,0.2042,Good
,1097,10310779,True external,-,1.71762371843528,4,0,9.121018065,0,1.258085889,2.2191,-,0.0917,Good
,1098,10310991,True external,-,1.72759225159625,10,0,5.243428095,0,1.139562495,1.7461,-,0.2115,Good
,1099,10316624,True external,-,1.41186394837131,5,1.43159674920867,4.592384883,0,2.136624811,2.8584,-,0.1995,Good
,1100,10317916,True external,-,1.72363556004651,8,0,0,0,1.638093653,1.7818,-,0.1558,Good
,1101,10318144,True external,-,1.7775839626693,0,0,5.243428095,7.191330476,2.014186776,2.1909,-,0.0565,Good
,1102,10320239,True external,-,1.77257294794,7,0,4.592384883,7.191330476,1.994124633,1.9114,-,0.0764,Good
,1103,10321482,True external,-,1.55843524828949,14,3.72017986486776,8.000175648,0.909874473,1.638093653,2.5915,-,0.4884,Good
,1104,10324220,True external,-,1.54073196384856,12,0,9.835812978,28.18500912,1.75178267,1.3851,-,0.2957,Good
,1105,10324483,True external,-,1.49745592836326,14,0,36.05295345,7.191330476,1.638093653,3.4126,-,0.3873,Good
,1106,10324725,True external,-,1.62215847713233,5,0,37.84566553,0,2.192421733,4.203,-,0.4098,Good
,1107,10325981,True external,-,1.30643948168408,14,0,20.97371238,21.57399143,1.744859054,2.3678,-,0.2207,Good
,1108,10326098,True external,-,1.6087440315965,9,0,19.67162596,0,2.013305187,3.0572,-,0.0917,Good
,1109,10333643,True external,-,1.55644106885245,0,3.05044453095474,8.429003045,0,1.744859054,3.0979,-,0.3292,Good
,1110,10335300,True external,-,1.58525367416771,0,0,5.243428095,0,0.747796737,2.0561,-,0.0862,Good
,1111,10335638,True external,-,1.29118414374318,0,0,15.07924107,0,0.641031337,2.8193,-,0.1047,Good
,1112,10336447,True external,-,1.55149854918718,2,0,5.243428095,0,0.890296916,2.0888,-,0.0712,Good
,1113,10336602,True external,-,1.56367162944844,0,2.9294438331522,8.429003045,0,1.495593475,2.9587,-,0.282,Good
,1114,10336603,True external,-,1.67441616503748,1,2.60163193699687,15.73028428,7.191330476,1.495593475,2.8874,-,0.2001,Good
,1115,10336746,True external,-,1.56869376117834,3,2.45923241483172,0,0,1.246327895,2.2396,-,0.2802,Good
,1116,10338798,True external,-,1.77092039289832,5,0,0,0,1.246327895,1.6531,-,0.1552,Good
,1117,10339383,True external,-,1.4920162362766,2,0,20.97371238,7.191330476,1.495593475,2.9878,-,0.1502,Good
,1118,10340893,True external,-,1.63292235834366,4,0,15.73028428,0,0.890296916,2.4762,-,0.1374,Good
,1119,10341182,True external,-,1.45332606215054,8,2.83593004152755,15.07924107,0,0.997062316,2.8955,-,0.1945,Good
,1120,10341452,True external,-,1.66961186909211,10,0,10.48685619,0,2.049921554,2.5026,-,0.0887,Good
,1121,10344953,True external,-,1.41902372169326,8,0,5.243428095,17.00869966,2.492194993,2.1592,-,0.0775,Good
,1122,10345222,True external,-,1.70185201524031,10,0,12.37034472,14.38266095,2.492655791,2.2583,-,0.0919,Good
,1123,10345983,True external,-,1.39593589763542,16,0,10.48685619,7.191330476,1.388828074,2.0132,-,0.1625,Moderate
,1124,10346046,True external,-,1.48525864106617,6,0,0,30.51779577,3.595561911,1.921,-,0.3174,Moderate
,1125,10346088,True external,-,1.52614753329132,11,0,40.77938935,7.191330476,2.065594189,3.9301,-,0.4805,Moderate
,1126,10346097,True external,-,1.59556713790193,9,0,18.91585923,0,1.495593475,2.7898,-,0.1125,Moderate
,1127,10346630,True external,-,1.448943613713,6,0,25.56609726,7.191330476,1.388828074,3.0815,-,0.1912,Good
,1128,10347444,True external,-,1.48150450944204,10,0,0,37.70912624,3.844827491,1.6458,-,0.4299,Good
,1129,10347459,True external,-,1.38826050896947,7,0,15.73028428,7.191330476,1.638093653,2.719,-,0.0542,Good
,1130,10350429,True external,-,1.29887187263286,7,0,0,0,1.032797094,1.9747,-,0.1378,Good
,1131,10358251,True external,-,1.65156553743628,0,2.62710875707335,10.48685619,7.191330476,1.495593475,2.6783,-,0.2096,Good
,1132,10361807,True external,-,1.51704412880864,4,2.38193537633684,0,0,1.282062673,2.2658,-,0.2791,Good
,1133,10362368,True external,-,1.55003205388771,9,2.82674700547027,0,0,1.495593475,2.2144,-,0.4057,Good
,1134,10362665,True external,-,1.62410811715262,6,0,10.48685619,0,0.890296916,2.1458,-,0.1237,Good
,1135,10363265,True external,-,1.63787128796841,2,0,22.25795819,0,2.096010014,3.4408,-,0.1348,Good
,1136,10363411,True external,-,1.59785720698171,8,1.46360925035566,5.243428095,0,1.673828431,2.3827,-,0.1299,Good
,1137,10364091,True external,-,1.5661893664635,6,2.08551667574593,13.67243114,0,1.495593475,2.914,-,0.1076,Good
,1138,10364168,True external,-,1.36821598828227,4,0,5.243428095,0,1.139562495,2.3267,-,0.0612,Good
,1139,10364206,True external,-,1.49453518833256,4,2.10404563766454,8.429003045,0,1.994124633,3.0224,-,0.1905,Good
,1140,10368950,True external,-,1.74306896741141,8,0,9.121018065,7.191330476,2.255148205,2.2633,-,0.0563,Good
,1141,10369030,True external,-,1.62900596941722,15,0,44.68633169,7.191330476,2.136624811,3.92,-,0.612,Good
,1142,10369384,True external,-,1.3461391845652,14,0,0,7.191330476,1.638093653,1.7094,-,0.1903,Good
,1143,10369420,True external,-,1.48207298864109,4,0,10.48685619,0,1.032797094,2.4291,-,0.0586,Good
,1144,10369870,True external,-,1.53220091343938,4,0,20.97371238,0,0.997062316,2.9014,-,0.1453,Good
,1145,10369916,True external,-,2.00644910107246,4,0,10.48685619,0,2.492655791,2.5668,-,0.0922,Good
,1146,10369969,True external,-,1.3998656722127,18,0,28.79264402,0.909874473,2.005882626,3.3982,-,0.2516,Good
,1147,10370473,True external,-,1.50533226869258,12,0,16.85800609,0,1.994124633,2.9069,-,0.1039,Good
,1148,10372421,True external,-,2.33084409914269,0,2.43846193837237,0,0.909874473,5.143587528,3.3384,-,0.6957,Good
,1149,10372893,True external,-,1.60791185647509,17,0.609667521128002,35.02093404,8.101204949,3.82551033,4.2074,-,0.3285,Good
,1150,10373340,True external,-,1.74789248336048,4,0,20.97371238,0,4.420855278,4.2782,-,0.3795,Good
,1151,10383226,True external,-,1.56118236903957,1,0,42.04527951,0,1.282062673,4.1955,-,0.6542,Good
,1152,10383474,True external,-,1.66932683700943,3,0,25.64790834,0,1.531328252,3.2845,-,0.204,Good
,1153,10386463,True external,-,1.48825177068025,3,4.47896380534771,9.835812978,0,0.890296916,2.9167,-,0.5649,Good
,1154,10386850,True external,-,1.50805891346109,9,2.68533387617608,13.67243114,0,1.495593475,2.9458,-,0.1884,Good
,1155,10387246,True external,-,1.48407549997745,6,0,20.32266917,7.191330476,1.388828074,2.7744,-,0.1184,Good
,1156,10387965,True external,-,1.94162612358934,2,0,0,0,1.653150741,1.7695,-,0.1422,Good
,1157,10388371,True external,-,1.44955969116239,12,0,5.243428095,14.38266095,1.638093653,1.684,-,0.098,Good
,1158,10389467,True external,-,1.49629752942774,0,0,10.48685619,19.63473836,3.804212693,3.1452,-,0.3812,Good
,1159,10389717,True external,-,1.56087829392373,6,2.01936374144208,8.429003045,0,1.495593475,2.6407,-,0.1335,Good
,1160,10389845,True external,-,1.65447064649026,8,0,23.07941672,7.191330476,1.887359232,2.9037,-,0.1561,Good
,1161,10390557,True external,-,1.43523536395623,6,0,0,20.34519718,2.859983966,1.9933,-,0.1432,Good
,1162,10391909,True external,-,1.35621112621738,9,0,5.243428095,20.28750924,2.726778956,2.1822,-,0.1237,Good
,1163,10392866,True external,-,1.59474090451094,8,0,0,0,0.997062316,1.616,-,0.1778,Good
,1164,10393458,True external,-,1.39912554798892,12,2.31056102790026,10.48685619,7.191330476,2.797809579,3.0956,-,0.2862,Good
,1165,10393875,True external,-,1.51096821848018,8,2.44760428935745,15.73028428,0.909874473,1.780593832,3.1545,-,0.1477,Good
,1166,10394435,True external,-,1.48187861383762,5,0,17.83598863,8.101204949,2.884421549,3.3497,-,0.1375,Good
,1167,10401107,True external,-,1.60679843753846,0,2.98191917989418,8.429003045,0,1.495593475,2.9205,-,0.2832,Good
,1168,10403144,True external,-,1.3913149049092,2,0,10.48685619,0,0.498531158,2.3426,-,0.0836,Good
,1169,10403248,True external,-,1.53021948343285,0,0,15.62033352,0,0.747796737,2.6488,-,0.1245,Good
,1170,10404106,True external,-,1.55700383891154,0,3.87686717703821,5.243428095,0,0.997062316,2.6866,-,0.4883,Good
,1171,10404805,True external,-,1.50256263048558,5,0,9.184769766,0,1.139562495,2.356,-,0.0585,Good
,1172,10406053,True external,-,1.36522889967392,1,0,20.32266917,0,1.139562495,3.2115,-,0.1324,Good
,1173,10406176,True external,-,1.58879673518607,0,0,10.48685619,0,0.641031337,2.2731,-,0.1139,Good
,1174,10407959,True external,-,1.79730337515463,4,0,0,4.275822538,2.156686955,1.9327,-,0.0731,Good
,1175,10408060,True external,-,1.7716751054972,5,2.50977135062065,5.243428095,0,1.246327895,2.2365,-,0.2422,Good
,1176,10408763,True external,-,1.50600613284948,2,0,15.07924107,0,0.641031337,2.527,-,0.1192,Good
,1177,10410438,True external,-,1.39860541577249,4,0,12.59256053,0,1.282062673,2.741,-,0.0529,Good
,1178,10410775,True external,-,1.18167369103043,0,0,10.48685619,0,1.032797094,2.8793,-,0.1067,Good
,1179,10411572,True external,-,1.51721901657499,4,0,0,0,0.783531515,1.7348,-,0.1153,Good
,1180,10411734,True external,-,1.61063738701759,11,0,20.86376162,7.191330476,2.243390212,2.8978,-,0.1069,Good
,1181,10412485,True external,-,1.38805781470729,6,0,25.56609726,7.191330476,1.388828074,3.1448,-,0.1829,Good
,1182,10414824,True external,-,1.56675469006326,16,0,20.97371238,0,1.246327895,2.5677,-,0.2584,Good
,1183,10415347,True external,-,1.57991137047554,9,0,19.67162596,0,1.388828074,2.7952,-,0.1238,Good
,1184,10415751,True external,-,1.46908625797164,21,0.346838099092434,49.41232814,0,1.673828431,4.2073,-,0.6762,Good
,1185,10415872,True external,-,1.56518922111534,6,2.34471194402263,22.65058932,0.909874473,2.690952891,3.9371,-,0.2162,Good
,1186,10417068,True external,-,1.43715966393977,21,0,17.83598863,8.101204949,2.884421549,2.8437,-,0.2341,Good
,1187,10426459,True external,-,1.65486828795852,2,2.45296978450885,23.54220399,0,1.139562495,3.3487,-,0.1974,Good
,1188,10428269,True external,-,1.71190176245492,6,0,0,0,1.388828074,1.7465,-,0.1366,Good
,1189,10428270,True external,-,1.6092022458119,2,0,33.37801697,0,0.890296916,3.4806,-,0.44,Good
,1190,10428974,True external,-,1.77392567075037,0,0,0,0,0.747796737,1.5895,-,0.167,Good
,1191,10429039,True external,-,1.47705237067389,4,0,5.243428095,0,1.139562495,2.2136,-,0.0578,Good
,1192,10431635,True external,-,1.47364549464248,8,0,5.243428095,7.191330476,1.388828074,1.9381,-,0.0561,Good
,1193,10431792,True external,-,1.66636396101342,0,1.49390410754194,10.48685619,7.191330476,2.266906198,2.8819,-,0.1106,Good
,1194,10433271,True external,-,1.53332670497442,4,0,0,0,0.783531515,1.7181,-,0.1185,Good
,1195,10433309,True external,-,1.48936255129918,10,0,0,7.191330476,1.638093653,1.6987,-,0.111,Moderate
,1196,10433978,True external,-,1.48751255252991,2,0,15.07924107,0,0.641031337,2.5462,-,0.1144,Moderate
,1197,10434209,True external,-,1.46412900763643,8,0,10.48685619,14.38266095,0.997062316,1.7778,-,0.1304,Moderate
,1198,10436284,True external,-,1.99626732824242,0,0,0,0,2.492655791,2.1743,-,0.1001,Good
,1199,10436416,True external,-,1.37051235072906,2,0,36.27337233,0,0.926031694,3.8948,-,0.4508,Good
,1200,10437059,True external,-,1.46571671841821,18,0,15.73028428,7.191330476,1.638093653,2.2587,-,0.1962,Moderate
,1201,10438316,True external,-,1.71256377275989,4,0,0,0,0.997062316,1.6317,-,0.1482,Moderate
,1202,10451928,True external,-,1.47360112937919,3,0,15.07924107,0,0.747796737,2.5761,-,0.0995,Good
,1203,10452028,True external,-,1.61355201202681,4,0,5.243428095,7.191330476,1.744859054,2.0973,-,0.0326,Good
,1204,10452241,True external,-,1.57713032623163,0,4.27878248012905,0,9.672420734,1.744859054,2.4486,-,0.6907,Good
,1205,10452664,True external,-,1.72521277642847,6,0,0,0,1.638093653,1.8492,-,0.122,Good
,1206,10453327,True external,-,1.54904837348167,0,0,10.48685619,0,1.302216104,2.6236,-,0.0542,Good
,1207,10454935,True external,-,1.46428114330689,6,0,9.835812978,0,1.622421019,2.6206,-,0.051,Good
,1208,10455160,True external,-,1.47959983371156,1,0,17.83598863,0,1.068531872,2.9312,-,0.107,Good
,1209,10455861,True external,-,1.6042677141695,13,0,0,7.191330476,1.638093653,1.4757,-,0.1947,Good
,1210,10456208,True external,-,1.47572769227043,4,0,10.48685619,7.759516037,2.349694814,2.7736,-,0.0547,Good
,1211,10457167,True external,-,1.5108630385102,9,2.05303191153745,8.429003045,0,1.495593475,2.5933,-,0.1614,Good
,1212,10459147,True external,-,1.49494987967864,7,0,19.67162596,0,0.997062316,2.7693,-,0.1278,Good
,1213,10459629,True external,-,1.36667454613806,11,0,0,17.36392907,2.373671599,1.7713,-,0.1209,Good
,1214,10460236,True external,-,1.55344674697588,16,0,20.97371238,0,1.246327895,2.5815,-,0.2531,Good
,1215,10461683,True external,-,1.45966413135574,5,0,17.83598863,7.191330476,2.635155969,3.2888,-,0.1157,Good
,1216,10462701,True external,-,1.31716598036677,4,1.21879690765612,5.243428095,0,0.783531515,2.3656,-,0.1012,Good
,1217,10462832,True external,-,1.56664413738113,14,0,17.83598863,7.191330476,3.207489956,3.1345,-,0.1362,Good
,1218,10467773,True external,-,1.52594283369996,0,0,8.429003045,0,1.246327895,2.5152,-,0.0488,Good
,1219,10471083,True external,-,1.64354895848679,2,0,5.243428095,0,0.641031337,1.8765,-,0.1277,Good
,1220,10471697,True external,-,1.6746567036276,1,2.52778917442796,10.48685619,7.191330476,1.495593475,2.6073,-,0.1872,Good
,1221,10473298,True external,-,1.6432160981672,0,1.29378712107146,23.54220399,0,1.780593832,3.5848,-,0.1518,Good
,1222,10473839,True external,-,1.72159293291899,4,0,0,0,1.907421376,2.048,-,0.0881,Good
,1223,10474189,True external,-,1.59369104979297,4,2.3567912150922,2.756747554,0,1.282062673,2.3253,-,0.2263,Good
,1224,10474889,True external,-,1.76944524740697,4,0,4.592384883,7.191330476,1.495593475,1.7851,-,0.0966,Good
,1225,10475843,True external,-,1.5156241754946,7,5.26161095187357,23.50824412,0,1.495593475,3.8366,-,0.6515,Good
,1226,10477546,True external,-,1.65272815998762,5,1.62917587914852,10.48685619,0,1.282062673,2.5374,-,0.0917,Good
,1227,10477736,True external,-,1.59159677784747,8,0,5.243428095,0,1.139562495,1.9565,-,0.1212,Good
,1228,10478055,True external,-,1.72174633669231,9,0,5.243428095,0,1.246327895,1.8366,-,0.1717,Good
,1229,10478775,True external,-,1.82946904372169,2,0,0,7.191330476,1.846744435,1.719,-,0.0852,Good
,1230,10478993,True external,-,1.54400857667492,6,0,20.32266917,7.191330476,2.050012841,3.0213,-,0.0968,Good
,1231,10479423,True external,-,1.51875069666381,10,0,30.80952536,7.191330476,1.638093653,3.258,-,0.2723,Good
,1232,10482808,True external,-,1.59145519178709,22,0,32.9152297,7.191330476,2.38589039,3.2264,-,0.3813,Good
,1233,10483004,True external,-,1.45229969731385,8,0,16.85800609,29.90169303,3.203796154,2.595,-,0.3457,Good
,1234,10483662,True external,-,1.54117528571615,12,2.07943228581335,2.756747554,0.909874473,2.38589039,2.5525,-,0.3293,Good
,1235,10484622,True external,-,1.39973041791682,21,0,17.83598863,7.191330476,2.635155969,2.7986,-,0.2333,Good
,1236,10485082,True external,-,1.50949412045363,24,0,0,28.7653219,4.994090601,1.991,-,0.6605,Good
,1237,10491007,True external,-,1.73266126128328,1,0,5.243428095,0,0.747796737,1.8684,-,0.1439,Good
,1238,10494036,True external,-,1.79268829505618,0,0,10.48685619,0,0.498531158,1.9946,-,0.2382,Good
,1239,10497655,True external,-,1.76637743979986,0,0,10.48685619,0,1.749248563,2.6067,-,0.064,Good
,1240,10497706,True external,-,1.47547274699938,4,0,0,0,1.388828074,2.0613,-,0.0878,Good
,1241,10497912,True external,-,1.67920880059385,0,0,10.48685619,0.909874473,0.997062316,2.313,-,0.1027,Good
,1242,10498467,True external,-,1.71169927449382,6,0,2.756747554,0,1.531328252,1.9556,-,0.1032,Good
,1243,10498819,True external,-,1.51148599860314,0,0,10.48685619,0,0.641031337,2.3534,-,0.0927,Good
,1244,10499130,True external,-,1.77512603012071,0,0,0,0,0.747796737,1.5882,-,0.1676,Good
,1245,10499867,True external,-,1.58412617656524,8,0,0,0,1.744859054,1.9767,-,0.1333,Good
,1246,10500239,True external,-,1.49767101695368,7,0,22.25795819,7.191330476,1.246327895,2.759,-,0.1597,Good
,1247,10500461,True external,-,1.60815152561797,5,0,35.31330599,7.191330476,1.994124633,3.7366,-,0.4125,Good
,1248,10500478,True external,-,1.43257275335389,7,2.11898915691328,5.243428095,7.191330476,1.495593475,2.3301,-,0.151,Good
,1249,10502882,True external,-,1.79039964135542,11,0,5.243428095,0,2.067927461,2.0804,-,0.1569,Good
,1250,10503296,True external,-,1.76802575886274,6,2.78752062192354,0,8.101204949,2.136624811,2.0961,-,0.3214,Good
,1251,10503943,True external,-,1.77294464798095,7,2.78049626334789,0,14.38266095,2.136624811,1.8307,-,0.328,Good
,1252,10503944,True external,-,1.7715570959619,7,0,0,7.191330476,2.136624811,1.7421,-,0.0931,Good
,1253,10503989,True external,-,1.62468561644408,15,0,1.55073396,0,2.868748914,2.2984,-,0.2961,Good
,1254,10504370,True external,-,1.44349359575437,2,0,19.67162596,0,0.641031337,2.829,-,0.1521,Good
,1255,10504421,True external,-,1.69142090677535,0,0,6.371149901,14.38266095,2.817963009,2.4569,-,0.1106,Good
,1256,10505429,True external,-,1.56438776115848,4,0,19.67162596,0,1.032797094,2.8175,-,0.1345,Good
,1257,10505532,True external,-,1.6301925072955,2,0,44.79178985,0,1.872216818,4.5069,-,0.6972,Good
,1258,10505758,True external,-,1.54108522816966,8,0,40.77938935,7.191330476,2.065594189,4.0182,-,0.5126,Good
,1259,10506295,True external,-,1.56145994783018,4,0,19.67162596,0.909874473,1.282062673,2.9045,-,0.1123,Good
,1260,10506543,True external,-,1.47830359061033,12,0,26.01531558,0.909874473,1.638093653,3.2085,-,0.1704,Good
,1261,10506902,True external,-,1.56642261280911,16,1.12821013506239,0,7.191330476,2.27912499,1.8522,-,0.2736,Good
,1262,10506910,True external,-,1.56352083187677,2,0,42.86687781,0,1.032797094,4.0844,-,0.6944,Good
,1263,10507171,True external,-,1.54555383626679,4,0,10.48685619,0.909874473,1.56706303,2.5803,-,0.0384,Good
,1264,10508072,True external,-,1.62599843546424,16,1.13127024647483,0,7.191330476,3.128807108,2.188,-,0.3261,Good
,1265,10508208,True external,-,1.63565984770419,10,0,19.67162596,0,1.818661882,2.9037,-,0.1118,Good
,1266,10508319,True external,-,1.55427473739115,18,0,0,0,0.997062316,1.3128,-,0.4738,Good
,1267,10508705,True external,-,1.66345776889684,6,0,19.67162596,7.191330476,1.907421376,2.7969,-,0.1139,Good
,1268,10509643,True external,-,1.7855048011335,18,0,23.22915599,28.7653219,4.974741251,3.101,-,0.4859,Good
,1269,10516034,True external,-,1.68823860890374,2,0,10.48685619,0,0.747796737,2.1506,-,0.1411,Good
,1270,10523436,True external,-,1.61901384022222,0,2.72524846870119,6.371149901,14.38266095,1.780593832,2.3877,-,0.282,Good
,1271,10524067,True external,-,1.70535244424005,5,0,5.243428095,0,1.495593475,2.1083,-,0.0794,Good
,1272,10524204,True external,-,1.53658880048433,2,0,15.07924107,0,1.032797094,2.6784,-,0.087,Good
,1273,10524452,True external,-,1.62502337572756,4,0,23.54220399,0,2.067927461,3.4382,-,0.1341,Good
,1274,10524665,True external,-,1.63094232903576,4,0,0,0,1.360016913,1.8862,-,0.0945,Good
,1275,10525280,True external,-,1.56958806120609,7,2.33598715540422,5.243428095,0,1.032797094,2.2559,-,0.2156,Good
,1276,10526071,True external,-,1.61705410543395,2,0,10.48685619,7.191330476,0.997062316,2.0836,-,0.1091,Good
,1277,10526917,True external,-,1.52355597098538,8,3.76821484943145,15.07924107,0.909874473,0.997062316,2.9065,-,0.3367,Good
,1278,10527473,True external,-,1.52868738041186,6,0,9.835812978,0,0.747796737,2.1447,-,0.109,Good
,1279,10528074,True external,-,1.58754644171148,8,0,14.77513016,0,1.175297273,2.4693,-,0.1094,Good
,1280,10528079,True external,-,1.56173549029922,2,0,14.42819786,0,0.890296916,2.5521,-,0.1007,Good
,1281,10528342,True external,-,1.78648779400824,4,0,26.72777894,14.38266095,2.492655791,3.1184,-,0.3384,Good
,1282,10529129,True external,-,1.53618984500592,14,3.41573820969914,15.07924107,13.87451736,3.117553695,3.1694,-,0.3883,Good
,1283,10529655,True external,-,1.28560641264723,0,0,19.67162596,0,0.783531515,3.1287,-,0.1487,Good
,1284,10530011,True external,-,1.65875477850525,10,0,9.184769766,7.191330476,2.548452712,2.4223,-,0.0582,Good
,1285,10531201,True external,-,1.58867978638841,4,0,19.67162596,0,1.032797094,2.7922,-,0.1417,Good
,1286,10531204,True external,-,1.61189825297415,6,0,15.07924107,7.191330476,1.907421376,2.6135,-,0.0587,Good
,1287,10531319,True external,-,1.52425382130151,14,0,15.07924107,13.87451736,3.117553695,2.7549,-,0.1218,Good
,1288,10532520,True external,-,1.51589585337058,12,0,19.67162596,0,0.997062316,2.5749,-,0.1879,Good
,1289,10532530,True external,-,1.7738579781822,4,-0.99395013,19.67162596,0.909874473,2.532780078,3.1444,-,0.1828,Good
,1290,10532588,True external,-,1.6754174699552,23,0,0,7.191330476,3.100724555,1.7404,-,0.4911,Good
,1291,10532962,True external,-,1.66512933219329,20,0,41.94742476,14.38266095,3.367280073,3.8864,-,0.556,Good
,1292,10533336,True external,-,1.64243126923077,18,0,0,0,2.696426553,2.0158,-,0.3988,Moderate
,1293,10539812,True external,-,1.74339773190304,0,0,10.48685619,0,0.997062316,2.2789,-,0.1246,Moderate
,1294,10544200,True external,-,1.28860941834335,2,0,15.07924107,0,0.890296916,2.8695,-,0.0845,Good
,1295,10545112,True external,-,1.23978073261612,3,0,5.243428095,7.191330476,0.997062316,2.1706,-,0.0442,Good
,1296,10546860,True external,-,1.77392567075037,0,0,0,0,0.747796737,1.5895,-,0.167,Good
,1297,10547567,True external,-,1.6145512001654,4,0,5.243428095,0,1.818661882,2.3883,-,0.0491,Moderate
,1298,10548645,True external,-,1.64140445464102,0,0,6.371149901,14.38266095,2.480437,2.3511,-,0.0941,Moderate
,1299,10550354,True external,-,1.64924300908816,0,0,26.21714047,0,1.744859054,3.5381,-,0.2306,Good
,1300,10550572,True external,-,1.32176001765603,6,0.804913681464973,30.15848214,0,1.780593832,3.992,-,0.2028,Good
,1301,10550927,True external,-,1.78473184203809,7,0,0,0,1.887359232,1.8694,-,0.1374,Good
,1302,10551406,True external,-,1.5582876801737,4,0,5.243428095,0,1.46029763,2.2792,-,0.0515,Good
,1303,10551983,True external,-,1.65099699269007,8,3.75948305582282,10.48685619,1.819748946,3.479147776,3.664,-,0.6516,Good
,1304,10552303,True external,-,1.4390706769632,13,0,15.62033352,0,2.243390212,2.994,-,0.1284,Good
,1305,10552800,True external,-,1.61879836090914,12,0,23.54220399,14.38266095,2.243390212,2.7355,-,0.1985,Good
,1306,10553417,True external,-,1.60221417201823,13,2.50531335064841,0,14.38266095,2.635155969,1.9996,-,0.3499,Good
,1307,10553857,True external,-,1.81318560089757,13,0,5.243428095,7.191330476,2.156686955,1.7716,-,0.1744,Good
,1308,10553993,True external,-,1.35193708128715,13,0.798537207198229,10.48685619,0,1.531328252,2.5865,-,0.1343,Good
,1309,10554542,True external,-,1.53980936811173,10,0,20.97371238,22.4838659,2.243390212,2.4639,-,0.256,Good
,1310,10555050,True external,-,1.52500158053369,2,3.56020387221912,22.42837351,0.909874473,1.673828431,3.7818,-,0.345,Good
,1311,10556494,True external,-,1.72295745397315,6,0,19.67162596,7.191330476,2.532780078,3.0275,-,0.1015,Good
,1312,10556537,True external,-,1.41778883168204,24,0,17.83598863,8.101204949,2.884421549,2.7602,-,0.3122,Good
,1313,10556843,True external,-,1.68145579681185,14,0,0,0,2.696426553,2.1134,-,0.2775,Good
,1314,10557643,True external,-,1.32405772207509,21,0,6.371149901,30.94613747,4.67651108,2.3895,-,0.5651,Good
,1315,10566770,True external,-,1.82033628294736,0,0,10.48685619,0,0.498531158,1.9658,-,0.2568,Good
,1316,10567252,True external,-,1.35792409063269,2,0,0,7.191330476,0.997062316,1.8117,-,0.0516,Good
,1317,10567446,True external,-,1.58370873822057,0,0,10.48685619,0,1.320130723,2.5959,-,0.056,Good
,1318,10568440,True external,-,1.59526051951079,2,0,28.78563209,0,1.569396303,3.5757,-,0.2549,Good
,1319,10568869,True external,-,1.39404792598986,1,0,22.25795819,0,1.032797094,3.2315,-,0.1605,Good
,1320,10569319,True external,-,1.55931355934864,0,0,10.48685619,0,0.997062316,2.4702,-,0.0709,Good
,1321,10570077,True external,-,1.32918648597633,0,0,9.835812978,0,0.641031337,2.5093,-,0.0724,Good
,1322,10570660,True external,-,1.92168818316098,0,0,10.48685619,0,2.374607265,2.7378,-,0.0748,Good
,1323,10571210,True external,-,1.81133126631049,0,0,10.48685619,0,0.498531158,1.9752,-,0.2506,Good
,1324,10572598,True external,-,1.70481425712801,4,0,0,0,0.747796737,1.5232,-,0.18,Good
,1325,10573282,True external,-,1.75918547364215,4,0,5.243428095,0,0.747796737,1.7372,-,0.186,Good
,1326,10573404,True external,-,1.54861061344751,2,0,9.835812978,0,0.498531158,2.1456,-,0.1196,Good
,1327,10573604,True external,-,1.77799091134246,3,0,23.54220399,8.101204949,1.994124633,2.9892,-,0.228,Good
,1328,10573773,True external,-,1.60874223610237,2,0,19.60787425,0,1.00882031,2.8259,-,0.1535,Good
,1329,10574428,True external,-,1.48195538348224,11,2.33185013860346,13.67243114,0,1.744859054,2.9763,-,0.1717,Good
,1330,10575693,True external,-,1.78952802766336,7,0,23.54220399,14.38266095,2.243390212,2.7307,-,0.2685,Good
,1331,10575733,True external,-,1.69451655692063,10,0,0,0,1.887359232,1.8596,-,0.1778,Good
,1332,10575787,True external,-,1.83242998340288,2,0,10.48685619,0,1.408890218,2.3099,-,0.1123,Good
,1333,10577096,True external,-,1.53986570253786,3,0,5.243428095,0,1.943156154,2.5586,-,0.0555,Good
,1334,10578628,True external,-,1.55728983427169,8,0,16.85800609,0,1.994124633,2.9911,-,0.0691,Good
,1335,10578682,True external,-,1.6589110591466,14,0,0.899690748,7.191330476,3.046983871,2.0896,-,0.203,Good
,1336,10578744,True external,-,1.54691666118667,17,0,20.97371238,28.7653219,2.243390212,1.9899,-,0.4062,Good
,1337,10578778,True external,-,1.601411699,10,0,3.185574951,21.57399143,4.687170837,2.6573,-,0.3879,Good
,1338,10578820,True external,-,1.70629653090552,16,0,7.777959834,14.38266095,2.492655791,1.8095,-,0.1728,Good
,1339,10579330,True external,-,1.83809037316268,23,0,0,0,3.032027204,1.7968,-,0.6138,Good
,1340,10579437,True external,-,1.44945299136676,24,0,3.185574951,14.38266095,2.492655791,1.5632,-,0.3938,Good
,1341,10579749,True external,-,1.35867040766607,6,0,6.371149901,14.38266095,2.817963009,2.5955,-,0.1287,Good
,1342,10580212,True external,-,1.58411057907038,4,0,39.34325191,0,0.997062316,3.7954,-,0.5614,Good
,1343,10580215,True external,-,1.53813763436676,12,0,34.02906018,0,0.997062316,3.2927,-,0.3913,Good
,1344,10591176,True external,-,1.55703639770055,2,0,13.67243114,0,1.246327895,2.6844,-,0.0659,Good
,1345,10592358,True external,-,1.62974491025111,1,0,10.48685619,0,1.495593475,2.5956,-,0.0503,Good
,1346,10593244,True external,-,1.50918002908971,0,0,15.73028428,0.909874473,1.246327895,2.8768,-,0.0888,Good
,1347,10594505,True external,-,1.42702766527227,0,2.71227163201871,0,0,1.424562852,2.6054,-,0.3799,Good
,1348,10595900,True external,-,1.24576482730237,2,0,9.835812978,0,0.641031337,2.5269,-,0.0717,Good
,1349,10596671,True external,-,1.60393532111731,8,0,0,0,1.744859054,1.9561,-,0.1339,Good
,1350,10596792,True external,-,1.82266576778592,4,0,10.48685619,0,0.997062316,2.0584,-,0.1828,Good
,1351,10596886,True external,-,1.5840388890198,7,2.42166469675032,8.429003045,0,1.495593475,2.6324,-,0.1849,Good
,1352,10597573,True external,-,1.60196242787698,8,0,0,0,1.994124633,2.0747,-,0.1345,Good
,1353,10598670,True external,-,1.49209939889267,4,0,10.48685619,0,1.92309401,2.8349,-,0.0515,Good
,1354,10599727,True external,-,1.54261276961374,8,0,26.19929986,0,1.246327895,3.1387,-,0.1962,Good
,1355,10600368,True external,-,1.53473019470792,10,0,14.42819786,0.909874473,1.495593475,2.5544,-,0.0889,Good
,1356,10600481,True external,-,1.60222863914226,9,0,10.48685619,0,1.388828074,2.298,-,0.0993,Good
,1357,10600692,True external,-,1.6174399727566,10,0,11.771102,7.191330476,1.92309401,2.3063,-,0.0659,Good
,1358,10600864,True external,-,1.74646053165812,9,0,0,7.191330476,2.136624811,1.6991,-,0.1158,Good
,1359,10601187,True external,-,1.52434791912276,13,2.01067188673158,8.429003045,0,1.994124633,2.669,-,0.2248,Good
,1360,10601275,True external,-,1.73921203254596,12,0,5.243428095,0,2.120952177,2.1239,-,0.1641,Good
,1361,10601673,True external,-,1.52614753329132,11,0,40.77938935,7.191330476,2.065594189,3.9301,-,0.4805,Good
,1362,10602330,True external,-,1.64000465531115,10,0,0,22.4838659,3.714546104,1.9654,-,0.2085,Good
,1363,10602531,True external,-,1.46621009044841,14,0,16.85800609,14.38266095,1.994124633,2.3635,-,0.1213,Good
,1364,10603114,True external,-,1.51936661766787,4,0,19.67162596,0.909874473,1.673828431,3.1314,-,0.0894,Good
,1365,10603363,True external,-,1.60581883399219,4,0,15.07924107,0.909874473,1.907421376,2.9138,-,0.0525,Good
,1366,10603738,True external,-,1.68862139134275,2,0,6.371149901,14.38266095,3.639562574,2.775,-,0.1781,Good
,1367,10603840,True external,-,1.56163669884218,18,0,36.56359192,14.38266095,2.884421549,3.5594,-,0.4099,Good
,1368,10603875,True external,-,1.64781834637661,11,0,20.32266917,7.191330476,1.638093653,2.5482,-,0.1619,Good
,1369,10604072,True external,-,1.45501830023661,22,0.753834761078336,20.97371238,0,1.780593832,2.8207,-,0.2858,Good
,1370,10604293,True external,-,1.63131617254882,6,0,19.67162596,7.191330476,2.604432208,3.1562,-,0.0969,Good
,1371,10604320,True external,-,1.6554602432346,10,0,15.73028428,7.191330476,2.299187133,2.6469,-,0.0695,Good
,1372,10604632,True external,-,1.58908808331774,2,0,42.64765286,0,2.531162774,4.7471,-,0.6165,Good
,1373,10614463,True external,-,1.48793985217609,2,0,9.835812978,0,0.747796737,2.3252,-,0.0745,Good
,1374,10617427,True external,-,1.61834666536335,4,0,10.48685619,0,0.747796737,2.1542,-,0.1232,Good
,1375,10617728,True external,-,1.63750230214335,2,0,10.48685619,0,1.123889861,2.3792,-,0.0754,Good
,1376,10617963,True external,-,1.73765194699826,2,2.4435830639336,4.592384883,7.191330476,1.495593475,2.1926,-,0.2059,Good
,1377,10619152,True external,-,1.46819068448908,7,0,22.25795819,7.191330476,1.246327895,2.7896,-,0.1518,Good
,1378,10619473,True external,-,1.69317657269319,2,0,5.243428095,0,1.175297273,2.0748,-,0.0801,Good
,1379,10619795,True external,-,1.82756624460874,0,-0.030884104,10.48685619,0,2.623872845,2.9483,-,0.0707,Good
,1380,10619815,True external,-,1.8023111274,0,0,10.48685619,0,1.820900693,2.6029,-,0.0681,Good
,1381,10620050,True external,-,1.5320232846214,2,0,9.835812978,0,0.783531515,2.2961,-,0.0802,Good
,1382,10620308,True external,-,1.68583028593526,4,0,10.48685619,0,0.997062316,2.2006,-,0.1149,Good
,1383,10620416,True external,-,1.53096036346115,10,3.76682343668045,5.243428095,0.909874473,1.246327895,2.4386,-,0.4853,Good
,1384,10620728,True external,-,1.2516826288494,2,0,9.835812978,0,0.641031337,2.5208,-,0.0711,Good
,1385,10622234,True external,-,1.55137667775452,11,0,47.08440799,0,2.243390212,4.5699,-,0.6059,Good
,1386,10623513,True external,-,1.6469837660638,8,0,0,0,0.997062316,1.5617,-,0.1946,Good
,1387,10623996,True external,-,1.51061798454548,7,0,9.835812978,14.38266095,1.744859054,2.0801,-,0.0633,Good
,1388,10624124,True external,-,1.70429337819103,9,0,9.184769766,14.38266095,2.243390212,2.0093,-,0.0884,Good
,1389,10624938,True external,-,1.5200535271418,12,3.41705114241766,15.07924107,13.87451736,3.117553695,3.2554,-,0.3986,Good
,1390,10624939,True external,-,1.54080136105431,12,3.41461572218444,15.07924107,13.87451736,3.117553695,3.2335,-,0.3899,Good
,1391,10624979,True external,-,1.47967250643958,10,0,15.07924107,7.191330476,0.997062316,2.1871,-,0.1288,Good
,1392,10625023,True external,-,1.4447794900224,11,0,18.91585923,0,1.495593475,2.8775,-,0.1092,Good
,1393,10625395,True external,-,1.52614753329132,13,0,40.77938935,7.191330476,2.065594189,3.8611,-,0.4716,Good
,1394,10625691,True external,-,1.52137615843284,10,0,15.07924107,13.87451736,3.010788295,2.8461,-,0.1029,Good
,1395,10625987,True external,-,1.60399412862385,13,0,0,7.191330476,2.38589039,1.8256,-,0.168,Good
,1396,10626209,True external,-,1.67033766231258,10,0,0,7.191330476,2.548452712,1.9363,-,0.1181,Good
,1397,10626842,True external,-,1.5641359298388,20,1.12373072504993,0,7.191330476,2.528390569,1.8325,-,0.3974,Good
,1398,10627050,True external,-,1.54278970678334,4,0,15.07924107,5.295647773,1.424562852,2.5965,-,0.0671,Good
,1399,10627461,True external,-,1.51886762324989,0,0,19.67162596,0.909874473,1.282062673,3.0869,-,0.1328,Good
,1400,10628047,True external,-,1.62884323977326,15,3.29313690346229,20.32266917,11.46715301,2.421625168,3.0546,-,0.2578,Good
,1401,10628101,True external,-,1.53035937360316,20,0,20.97371238,0,2.492655791,3.0502,-,0.2567,Good
,1402,10628306,True external,-,1.58159358514203,7,0,10.48685619,4.275822538,2.602193397,2.8028,-,0.0555,Good
,1403,10628322,True external,-,1.79408193571904,16,0,20.97371238,0,0.997062316,2.2149,-,0.4464,Good
,1404,10628740,True external,-,1.64202051323872,24,3.31051612358102,25.56609726,14.61045215,3.781642081,3.5263,-,0.4371,Good
,1405,10634550,True external,-,1.69736644038678,0,0,23.19525185,0,0.747796737,2.866,-,0.2945,Good
,1406,10637930,True external,-,1.64577462181477,3,0,23.54220399,0,1.246327895,3.067,-,0.1901,Good
,1407,10637944,True external,-,1.44053660404105,0,0,0,0.909874473,0.997062316,2.0199,-,0.0682,Good
,1408,10639253,True external,-,1.49353719180384,2,0,27.70677912,0,0.747796737,3.2415,-,0.2852,Good
,1409,10642118,True external,-,1.5290758348681,4,0,5.243428095,0,1.994124633,2.5592,-,0.0617,Good
,1410,10642970,True external,-,1.44728196203011,0,2.72290090682704,5.243428095,0,1.424562852,2.8563,-,0.3023,Good
,1411,10643925,True external,-,1.4055745009221,10,0,10.48685619,7.191330476,1.638093653,2.3269,-,0.0516,Good
,1412,10644277,True external,-,1.58615522023079,8,2.73914846769721,0,0,1.887359232,2.3836,-,0.3954,Good
,1413,10644341,True external,-,1.51114689493564,8,0,15.07924107,0,1.246327895,2.5976,-,0.086,Good
,1414,10644437,True external,-,1.55212607803597,8,2.38896513729053,13.02138793,0,1.495593475,2.8639,-,0.1486,Good
,1415,10644607,True external,-,1.55596524667253,6,2.11843520715816,2.756747554,7.191330476,1.638093653,2.1746,-,0.1689,Good
,1416,10645415,True external,-,1.41383297769451,4,0,10.48685619,0,1.388828074,2.6665,-,0.0478,Good
,1417,10645998,True external,-,1.62378979373854,8,0,0,0,0.997062316,1.5858,-,0.1867,Good
,1418,10646149,True external,-,1.46477232336124,4,0,10.48685619,7.191330476,1.96116206,2.6236,-,0.035,Good
,1419,10646238,True external,-,1.51286850394592,12,0,28.13458888,6.762503079,2.136624811,3.3055,-,0.1892,Good
,1420,10647202,True external,-,1.70026547273893,7,0,40.77938935,0.909874473,2.065594189,4.1122,-,0.4958,Good
,1421,10647977,True external,-,1.60516087002618,8,0,26.72777894,14.38266095,2.243390212,3.0521,-,0.2564,Moderate
,1422,10648923,True external,-,1.64943272334417,10,0,0,22.4838659,2.978968158,1.6117,-,0.1511,Moderate
,1423,10648986,True external,-,1.62165401264667,14,0,0,14.38266095,2.243390212,1.4486,-,0.1726,Moderate
,1424,10649002,True external,-,1.74059565565581,6,0,15.73028428,0,0.747796737,2.2287,-,0.2319,Moderate
,1425,10649095,True external,-,1.50293579521049,15,0,23.54220399,7.191330476,2.708958797,3.2275,-,0.1513,Moderate
,1426,10649426,True external,-,1.53541368289362,4,0,19.67162596,0,0.747796737,2.7143,-,0.1605,Good
,1427,10649573,True external,-,1.79176930210344,12,0,1.55073396,14.38266095,3.118014493,1.8299,-,0.1411,Moderate
,1428,10650200,True external,-,1.98418128326573,8,0,20.97371238,0,2.247779721,2.8784,-,0.191,Good
,1429,10650614,True external,-,1.44317567663251,9,0,26.01531558,7.191330476,1.638093653,3.1237,-,0.1706,Good
,1430,10650764,True external,-,1.59935098380819,16,1.13042343074509,0,7.191330476,2.940309757,2.1274,-,0.3115,Good
,1431,10651221,True external,-,1.52742719624399,18,0,31.97120704,14.38266095,2.74192137,3.2913,-,0.3165,Good
,1432,10651229,True external,-,1.58469010990166,6,0,19.67162596,7.191330476,1.907421376,2.8788,-,0.0974,Good
,1433,10651476,True external,-,1.70714253253813,6,0,24.15928733,7.191330476,2.406043821,3.2162,-,0.1616,Good
,1434,10651580,True external,-,1.50998418647791,8,3.49594823379793,19.67162596,0.909874473,1.673828431,3.44,-,0.277,Good
,1435,10651803,True external,-,1.63571611346843,16,1.11708608932485,0,7.191330476,3.378072687,2.2927,-,0.3545,Good
,1436,10651866,True external,-,1.53255942573362,0,0,15.73028428,0,3.05137338,3.7292,-,0.2251,Good
,1437,10661943,True external,-,1.52371945503537,0,0,0,7.191330476,0.997062316,1.7085,-,0.064,Good
,1438,10662399,True external,-,1.55043118548307,3,2.70397638271308,0,0,1.744859054,2.5223,-,0.3595,Good
,1439,10666340,True external,-,1.6928369004663,0,2.96663958253447,10.48685619,7.191330476,1.531328252,2.6945,-,0.2626,Good
,1440,10666563,True external,-,1.66218345164245,3,0,28.13458888,7.191330476,1.495593475,3.146,-,0.3198,Good
,1441,10666565,True external,-,1.76200242291954,5,0,35.31330599,0,1.495593475,3.6011,-,0.4414,Good
,1442,10668421,True external,-,1.30438527590883,2,0,9.835812978,0,0.641031337,2.466,-,0.0676,Good
,1443,10668816,True external,-,1.44807737994234,4,0,5.243428095,0.909874473,0.997062316,2.1445,-,0.0578,Good
,1444,10669561,True external,-,1.6761742930693,4,0,5.243428095,7.191330476,2.050012841,2.1749,-,0.0329,Good
,1445,10670001,True external,-,1.79220599074335,5,0,33.37801697,7.191330476,1.994124633,3.4455,-,0.4239,Good
,1446,10670370,True external,-,1.71521242618181,0,0,16.85800609,14.38266095,1.994124633,2.5881,-,0.2164,Good
,1447,10670607,True external,-,1.64782695454545,6,0,0,0,1.820900693,2.0151,-,0.1058,Good
,1448,10671149,True external,-,1.25161791607176,11,0,10.48685619,10.33462961,2.357079229,2.676,-,0.1072,Good
,1449,10672465,True external,-,1.6101940015625,12,2.75370843498891,0,14.38266095,2.136624811,1.8238,-,0.3512,Good
,1450,10672839,True external,-,1.42215223596485,8,0,18.91585923,0,1.495593475,3.0046,-,0.0864,Good
,1451,10673201,True external,-,1.72631957017326,9,0,23.54220399,7.191330476,2.548452712,3.1275,-,0.1424,Good
,1452,10673208,True external,-,1.54678665017779,7,0,15.73028428,0,1.139562495,2.5787,-,0.0973,Good
,1453,10673347,True external,-,1.61753695083079,16,0,0,14.38266095,2.635155969,1.567,-,0.2076,Good
,1454,10673418,True external,-,1.78783142307964,10,0,3.185574951,14.38266095,2.74192137,1.8115,-,0.1051,Good
,1455,10673551,True external,-,1.42164950025543,4,0,15.07924107,7.191330476,0.997062316,2.4546,-,0.086,Good
,1456,10673753,True external,-,1.84348822694573,12,0,0,0,2.345275593,1.8498,-,0.2369,Good
,1457,10673963,True external,-,1.61892937961861,15,0,0,7.191330476,2.27912499,1.6911,-,0.2169,Good
,1458,10674493,True external,-,1.43456401262698,6,0,6.371149901,14.38266095,2.817963009,2.5167,-,0.101,Good
,1459,10674733,True external,-,1.6224875864077,16,0,0,0,0.997062316,1.311,-,0.4231,Good
,1460,10675058,True external,-,1.66900784529815,6,0,27.34486228,8.101204949,1.994124633,3.1951,-,0.2393,Good
,1461,10675159,True external,-,1.53325848961953,4,0,39.34325191,0,0.997062316,3.8482,-,0.5417,Good
,1462,10675221,True external,-,1.83914765624183,20,0,11.771102,0,3.388058184,2.6731,-,0.3237,Good
,1463,10676244,True external,-,1.53507236100606,2,0,36.35698034,0,2.780428353,4.5952,-,0.4634,Good
,1464,10676337,True external,-,2.06354917977698,4,0,8.429003045,7.191330476,4.894321949,3.2667,-,0.2754,Good
,1465,10683488,True external,-,1.61808178948235,0,0,5.243428095,0,0.498531158,1.9054,-,0.1279,Good
,1466,10685027,True external,-,1.51904578927459,2,2.7513139649043,0,0,1.744859054,2.5954,-,0.3808,Good
,1467,10686082,True external,-,1.73412291110683,1,0,9.835812978,7.191330476,0.997062316,1.9629,-,0.1594,Good
,1468,10686586,True external,-,1.42880328305385,2,0,0,0,0.498531158,1.7625,-,0.1058,Good
,1469,10686808,True external,-,1.44016750597256,4,0,10.48685619,0,1.139562495,2.5225,-,0.0505,Good
,1470,10688434,True external,-,1.76255249585691,0,0,10.48685619,0,2.070166272,2.7608,-,0.0558,Good
,1471,10690728,True external,-,1.73850269231933,0,0,14.77513016,7.191330476,1.673828431,2.5642,-,0.1292,Good
,1472,10691268,True external,-,1.26684218831054,2,0,9.835812978,0,0.641031337,2.505,-,0.0697,Good
,1473,10691695,True external,-,1.641650232581,6,0,15.73028428,0,0.997062316,2.448,-,0.1374,Good
,1474,10692092,True external,-,1.6129481953458,2,0,10.48685619,0,0.641031337,2.1789,-,0.1254,Good
,1475,10692240,True external,-,1.71644672924154,5,0,23.54220399,0,1.744859054,3.1576,-,0.1573,Good
,1476,10692309,True external,-,1.48487393681267,0,2.71396965462581,15.73028428,0,1.424562852,3.3572,-,0.2289,Good
,1477,10692718,True external,-,1.48898095035434,8,0,10.48685619,0.909874473,1.246327895,2.351,-,0.0722,Good
,1478,10692916,True external,-,1.77134807917954,6,0,31.97120704,14.38266095,1.994124633,3.1025,-,0.4921,Good
,1479,10693628,True external,-,1.16437493023439,5,0,5.243428095,7.191330476,0.997062316,2.1799,-,0.0566,Good
,1480,10694931,True external,-,1.60586306616699,8,0,23.54220399,14.38266095,1.994124633,2.7704,-,0.2156,Good
,1481,10695694,True external,-,1.56612115184173,16,0,20.97371238,0,1.246327895,2.5684,-,0.2581,Good
,1482,10695941,True external,-,1.41354098913653,5,1.25327732527364,10.48685619,0,1.282062673,2.7389,-,0.0666,Good
,1483,10696224,True external,-,1.55976329966215,14,0,4.592384883,0,1.994124633,2.1484,-,0.2012,Good
,1484,10696877,True external,-,1.49728939953185,6,0,10.48685619,14.38266095,0.997062316,1.8124,-,0.1337,Good
,1485,10696907,True external,-,1.60942790697088,7,0,15.73028428,0,1.139562495,2.5136,-,0.1152,Good
,1486,10697192,True external,-,1.52561192132172,8,0,15.07924107,13.87451736,3.010788295,2.9107,-,0.1089,Good
,1487,10697534,True external,-,1.55375566281206,18,1.17830794832352,15.73028428,7.191330476,2.38589039,2.6642,-,0.1433,Good
,1488,10698227,True external,-,1.5013504391375,2,0,19.67162596,0,1.032797094,2.952,-,0.1267,Good
,1489,10698229,True external,-,1.574847897843,14,0,0,0,0.997062316,1.4295,-,0.3325,Good
,1490,10698257,True external,-,1.50020470007503,6,0,19.67162596,7.191330476,1.282062673,2.6741,-,0.123,Good
,1491,10698648,True external,-,1.55904405926362,4,0,19.67162596,0.909874473,1.282062673,2.907,-,0.1119,Good
,1492,10698793,True external,-,1.5511043268375,4,0,28.72889232,0.909874473,2.017640619,3.7266,-,0.2181,Good
,1493,10706646,True external,-,1.67880957599056,0,0,10.48685619,0,1.159715925,2.4221,-,0.0839,Good
,1494,10708926,True external,-,1.5684702282851,0,0,27.70677912,0,0.747796737,3.2327,-,0.3303,Good
,1495,10711222,True external,-,1.80074568663291,4,0,11.771102,0,1.246327895,2.264,-,0.1352,Good
,1496,10711890,True external,-,1.64894452377993,2,0,33.37801697,7.191330476,1.246327895,3.3483,-,0.4979,Good
,1497,10713567,True external,-,1.67414876051648,0,0,10.48685619,0,0.498531158,2.1177,-,0.1705,Good
,1498,10715416,True external,-,1.60522720327794,0,2.77242561731914,6.371149901,14.38266095,2.029859411,2.5245,-,0.3031,Good
,1499,10715722,True external,-,1.49227058822612,4,0,15.73028428,0,1.139562495,2.739,-,0.0754,Good
,1500,10715761,True external,-,1.66649884970857,5,0,19.67162596,7.191330476,0.997062316,2.4026,-,0.2298,Good
,1501,10716607,True external,-,1.50702301966356,5,1.78408576458066,8.429003045,0,1.744859054,2.8184,-,0.1243,Good
,1502,10717370,True external,-,1.55018415489092,8,2.65258194892534,0,0,1.638093653,2.2936,-,0.3689,Good
,1503,10717689,True external,-,1.5765356208984,11,0,0,0,1.531328252,1.7812,-,0.199,Good
,1504,10719090,True external,-,1.60516087002618,13,0,26.72777894,14.38266095,2.243390212,2.8795,-,0.2476,Good
,1505,10719404,True external,-,1.57185391684761,8,0,0,0,1.709563209,1.973,-,0.1333,Good
,1506,10719897,True external,-,1.61523569524438,12,0,2.327920156,7.191330476,1.92309401,1.7522,-,0.1316,Good
,1507,10720341,True external,-,1.47681714235327,7,0,15.07924107,7.191330476,1.551481683,2.5529,-,0.0566,Good
,1508,10720658,True external,-,1.54968510955559,10,0,15.07924107,0,1.531328252,2.6217,-,0.094,Good
,1509,10721007,True external,-,1.64000465531115,16,0,0,22.4838659,3.714546104,1.7583,-,0.2621,Good
,1510,10721358,True external,-,1.7323942477786,14,0,8.429003045,14.38266095,2.635155969,1.9517,-,0.133,Good
,1511,10721431,True external,-,1.55068455459481,2,0,42.86687781,0,1.032797094,4.0977,-,0.6898,Good
,1512,10721674,True external,-,1.31349027815308,6,0.104085613977932,6.371149901,1.819748946,2.817963009,3.1054,-,0.2408,Good
,1513,10721695,True external,-,1.54608273761013,4,0,19.67162596,0,1.282062673,2.9531,-,0.1082,Good
,1514,10721746,True external,-,1.69048458201026,6,0,6.371149901,21.57399143,3.888828153,2.4939,-,0.212,Good
,1515,10721790,True external,-,1.54960222971848,6,0,15.07924107,11.57710378,1.424562852,2.2954,-,0.1086,Good
,1516,10721941,True external,-,1.54256513932802,0,0,19.67162596,0,1.175297273,3.0449,-,0.1384,Good
,1517,10722005,True external,-,1.56532663319883,4,0,19.67162596,7.191330476,1.282062673,2.6755,-,0.1466,Good
,1518,10722006,True external,-,1.55135244475596,6,0,19.67162596,7.191330476,1.282062673,2.621,-,0.1377,Good
,1519,10722020,True external,-,1.82295776125537,4,0,6.371149901,14.38266095,3.639562574,2.5663,-,0.129,Good
,1520,10722452,True external,-,1.87598325045212,4,0,10.48685619,0,2.659607622,2.7804,-,0.0607,Good
,1521,10722568,True external,-,1.68162432777678,12,0,31.46056857,0,1.994124633,3.4773,-,0.2659,Good
,1522,10722807,True external,-,1.47335979590595,22,0,20.97371238,28.7653219,2.884421549,2.1935,-,0.3771,Good
,1523,10723492,True external,-,1.68347800475728,12,0,0,0,2.696426553,2.1803,-,0.2302,Good
,1524,10732948,True external,-,1.72420182497222,1,2.71263356426543,0,0,1.495593475,2.2953,-,0.3185,Good
,1525,10735327,True external,-,1.49356856117139,2,0,21.38449806,0,0.747796737,2.9152,-,0.1749,Good
,1526,10735518,True external,-,1.77316501498486,2,0,10.48685619,0.909874473,1.139562495,2.213,-,0.1235,Good
,1527,10737343,True external,-,1.57826549059664,7,0,23.54220399,0,1.744859054,3.2322,-,0.1279,Good
,1528,10738154,True external,-,1.61994743704424,7,0,0,7.191330476,1.744859054,1.7165,-,0.0792,Good
,1529,10738398,True external,-,1.80525964151587,3,0,23.54220399,14.38266095,1.744859054,2.6193,-,0.3727,Good
,1530,10739699,True external,-,1.72170287270988,6,0,0,0,1.638093653,1.8529,-,0.1213,Good
,1531,10740268,True external,-,1.5906590093222,4,0,10.48685619,0,0.641031337,2.133,-,0.1281,Good
,1532,10740317,True external,-,1.61578255058674,0,0,0,0,1.360016913,2.0401,-,0.068,Good
,1533,10741585,True external,-,1.88023143796647,6,0,10.48685619,0,1.871686598,2.3385,-,0.1071,Good
,1534,10741691,True external,-,1.46773350263711,4,0,10.48685619,7.191330476,1.658247084,2.4789,-,0.0309,Good
,1535,10742773,True external,-,1.63188318896153,12,0,24.15928733,21.57399143,2.492655791,2.6127,-,0.3007,Good
,1536,10743239,True external,-,1.58127134161224,4,0,14.42819786,0,1.139562495,2.5793,-,0.0829,Good
,1537,10743986,True external,-,1.47124270002,9,3.45483031159862,30.15848214,0,1.495593475,3.931,-,0.2778,Good
,1538,10744838,True external,-,1.38463974914655,11,0,15.07924107,8.101204949,1.744859054,2.5684,-,0.0649,Good
,1539,10744886,True external,-,1.28025786646871,0,0,19.67162596,0,0.783531515,3.1343,-,0.1492,Good
,1540,10744970,True external,-,1.5829176754658,4,0,20.97371238,0.909874473,0.997062316,2.8161,-,0.1631,Good
,1541,10745010,True external,-,1.56879014647863,4,0,19.67162596,7.191330476,1.282062673,2.6719,-,0.1477,Good
,1542,10745941,True external,-,1.30288629280115,17,0,10.48685619,23.754807,2.357079229,1.935,-,0.1776,Good
,1543,10746172,True external,-,1.43693868528401,21,0,15.62033352,13.87451736,4.470646991,3.2646,-,0.4313,Good
,1544,10746531,True external,-,1.3877862276778,23,0,3.185574951,14.38266095,2.492655791,1.6618,-,0.3558,Moderate
,1545,10746664,True external,-,1.50850048906887,8,3.51638733113666,19.67162596,0.909874473,1.673828431,3.4441,-,0.2808,Moderate
,1546,10756521,True external,-,1.45980248559528,4,0,5.243428095,0,0.498531158,1.9318,-,0.1044,Good
,1547,10758779,True external,-,1.60582346352254,3,0,23.54220399,0,1.495593475,3.2251,-,0.1582,Good
,1548,10759945,True external,-,1.47547274699938,6,0,0,0,1.388828074,1.9922,-,0.1081,Good
,1549,10760443,True external,-,1.73481873923168,3,0,23.54220399,0,1.246327895,2.9745,-,0.224,Good
,1550,10760642,True external,-,1.6394258409795,0,0.257640822917286,0,0.909874473,2.319431851,2.4638,-,0.0994,Good
,1551,10761165,True external,-,1.70433136211833,0,-0.038210509,10.48685619,0,1.998514142,2.783,-,0.0534,Good
,1552,10761267,True external,-,1.59982685067642,8,0,0,0,1.744859054,1.9604,-,0.1338,Good
,1553,10762034,True external,-,1.39486600857564,6,0,10.48685619,0,0.641031337,2.2674,-,0.0903,Good
,1554,10762132,True external,-,1.72802338404108,2,0,5.243428095,0,1.46029763,2.1719,-,0.0659,Good
,1555,10762968,True external,-,1.74667407639371,4,0,0,0,0.747796737,1.4797,-,0.2003,Good
,1556,10764560,True external,-,1.6986242598415,2,0.0154445876806748,10.48685619,0,2.141014321,2.7932,-,0.0446,Good
,1557,10764586,True external,-,1.28750643423576,9,0,10.48685619,10.33462961,2.357079229,2.7078,-,0.0898,Good
,1558,10764789,True external,-,1.91226750721094,14,0,3.10146792,15.49968462,2.746310879,1.5018,-,0.2219,Good
,1559,10765041,True external,-,1.68760819904023,5,0,23.54220399,7.191330476,2.29927842,3.1893,-,0.1587,Good
,1560,10765689,True external,-,1.6103131290765,6,0,9.184769766,7.191330476,2.29927842,2.4942,-,0.0311,Good
,1561,10765839,True external,-,1.62214732902612,4,0,9.835812978,0,0.890296916,2.1833,-,0.1034,Good
,1562,10766558,True external,-,1.60977135014108,8,2.26243797988342,40.77938935,7.191330476,2.065594189,4.2296,-,0.3918,Good
,1563,10767131,True external,-,1.56628217154997,14,0,15.73028428,14.38266095,1.994124633,2.2013,-,0.1404,Good
,1564,10767909,True external,-,1.41168728583663,7,0,22.25795819,0,1.597478856,3.2701,-,0.1118,Good
,1565,10767929,True external,-,1.17330307250884,2,0,9.835812978,0,0.641031337,2.6022,-,0.0832,Good
,1566,10767978,True external,-,1.80740606865257,8,0,0,7.191330476,2.548452712,1.8629,-,0.1024,Good
,1567,10768082,True external,-,1.53734823690759,2,0,19.67162596,0,1.032797094,2.9146,-,0.1333,Good
,1568,10768373,True external,-,1.72485152832633,10,0,0,7.191330476,2.548452712,1.8796,-,0.1208,Good
,1569,10768728,True external,-,1.47830359061033,8,0,26.01531558,0.909874473,1.638093653,3.3466,-,0.1549,Good
,1570,10769288,True external,-,1.62196401275229,14,0,0,0,0.997062316,1.3806,-,0.3508,Good
,1571,10769386,True external,-,1.51524375147941,10,3.68218089009884,24.91505405,0.909874473,1.246327895,3.4594,-,0.2842,Good
,1572,10769834,True external,-,1.47222203704306,6,0,19.67162596,7.191330476,1.282062673,2.7032,-,0.1165,Good
,1573,10770327,True external,-,1.57158934667325,23,0,13.02138793,14.38266095,2.635155969,2.045,-,0.2888,Good
,1574,10770737,True external,-,1.63316114695168,13,0,15.73028428,7.191330476,1.780593832,2.324,-,0.1326,Good
,1575,10771022,True external,-,1.50356199008529,12,0,20.97371238,0,2.065594189,3.1546,-,0.1186,Good
,1576,10781560,True external,-,1.34855818349501,4,0,10.48685619,7.191330476,0.997062316,2.2936,-,0.0469,Good
,1577,10781907,True external,-,1.62399159611125,0,0,10.48685619,0,0.641031337,2.2365,-,0.1263,Good
,1578,10782248,True external,-,1.74036297066948,0,0,10.48685619,0,1.123889861,2.3414,-,0.1075,Good
,1579,10784048,True external,-,1.4681450163572,3,1.14326316220415,0,0,2.156686955,2.6053,-,0.2065,Good
,1580,10784864,True external,-,1.67777787972544,0,4.70382395209003,13.24360374,0,1.282062673,3.2105,-,0.6097,Good
,1581,10785096,True external,-,1.70658937233519,4,0,28.13458888,7.191330476,1.495593475,3.0653,-,0.3296,Good
,1582,10785380,True external,-,1.61789248710986,2,0,13.67243114,0,1.495593475,2.7378,-,0.0611,Good
,1583,10785776,True external,-,1.67137724177454,0,0,10.48685619,0,0.747796737,2.2372,-,0.1296,Good
,1584,10786008,True external,-,1.90223757264197,4,0,3.185574951,15.98913581,1.780593832,1.3927,-,0.2095,Good
,1585,10787648,True external,-,1.54308650342372,0,0,10.48685619,0,2.319431851,3.1054,-,0.0925,Good
,1586,10787706,True external,-,1.56875425313767,4,2.78638948684026,13.67243114,0,1.495593475,3.068,-,0.1941,Good
,1587,10788351,True external,-,1.59196100361792,11,0,47.08440799,0,2.243390212,4.5278,-,0.6116,Good
,1588,10788758,True external,-,1.81035905648487,6,0,0,0,2.120952177,1.9865,-,0.1185,Good
,1589,10789620,True external,-,1.67403042627906,0,0,6.371149901,14.38266095,3.026921727,2.5727,-,0.13,Good
,1590,10790220,True external,-,1.48158031934264,4,0,10.48685619,0.909874473,1.282062673,2.5135,-,0.0435,Good
,1591,10790286,True external,-,1.63188318896153,12,0,24.15928733,21.57399143,2.492655791,2.6127,-,0.3007,Good
,1592,10790580,True external,-,1.6144199325956,8,0,0,0,2.594541172,2.3425,-,0.1662,Good
,1593,10790721,True external,-,1.88917183988009,4,0,5.243428095,8.101204949,2.594541172,2.1756,-,0.063,Good
,1594,10790891,True external,-,1.66678349853658,8,0,0,0,0.997062316,1.5411,-,0.202,Good
,1595,10791437,True external,-,1.7312275875826,13,2.64936570894699,0,14.38266095,2.38589039,1.767,-,0.3613,Good
,1596,10791905,True external,-,1.87788557208267,2,0,10.48685619,0,2.197895395,2.6316,-,0.065,Good
,1597,10792119,True external,-,1.54850863558378,14,1.14490204665657,23.54220399,7.191330476,2.27912499,3.1568,-,0.0957,Good
,1598,10792383,True external,-,1.79117722022812,9,0,0,14.38266095,2.843806751,1.7258,-,0.1127,Good
,1599,10792829,True external,-,1.5609295710962,19,0,0,7.191330476,2.38589039,1.6632,-,0.3302,Good
,1600,10793105,True external,-,1.56986442300326,6,0,20.32266917,7.191330476,1.139562495,2.5687,-,0.1707,Good
,1601,10793371,True external,-,1.49936971920663,0,0,19.67162596,0,1.032797094,3.0231,-,0.1418,Good
,1602,10793417,True external,-,1.5121972730135,4,0,19.67162596,0.909874473,1.673828431,3.1389,-,0.0894,Good
,1603,10793444,True external,-,1.56019869632716,17,0,7.777959834,14.38266095,2.884421549,2.11,-,0.1592,Good
,1604,10794195,True external,-,1.4993833485302,10,0,24.26401084,0.909874473,1.673828431,3.182,-,0.1379,Good
,1605,10801866,True external,-,1.50813639181637,0,0,5.243428095,0,0.498531158,2.0197,-,0.0937,Good
,1606,10804464,True external,-,1.60978001246747,0,0,5.243428095,0,0.498531158,1.9141,-,0.1248,Good
,1607,10806708,True external,-,1.73001022362547,2,0,10.48685619,0,1.139562495,2.2904,-,0.1036,Good
,1608,10806765,True external,-,1.74058081425425,1,5.00246089872614,28.13458888,7.191330476,1.495593475,3.7588,-,0.6926,Good
,1609,10807224,True external,-,1.69701686745378,0,0,26.21714047,7.191330476,1.495593475,3.1144,-,0.3296,Good
,1610,10807320,True external,-,1.65040981478145,2,0,10.48685619,0,0.641031337,2.14,-,0.1411,Good
,1611,10808295,True external,-,1.56817190581233,4,0,5.133477332,0,1.994124633,2.5129,-,0.0564,Good
,1612,10808615,True external,-,1.57826549059664,5,0,23.54220399,0,1.744859054,3.3012,-,0.1316,Good
,1613,10808997,True external,-,1.28396485619111,2,0,9.835812978,0,0.641031337,2.4872,-,0.0685,Good
,1614,10809778,True external,-,1.76944524740697,4,0,9.835812978,7.191330476,1.495593475,2.0557,-,0.1082,Good
,1615,10810299,True external,-,1.65302617604651,0,2.84319315565507,6.371149901,14.38266095,2.029859411,2.4837,-,0.3114,Good
,1616,10810718,True external,-,1.2516826288494,2,0,9.835812978,0,0.641031337,2.5208,-,0.0711,Good
,1617,10811012,True external,-,1.55353657024622,12,0,0,0,0.997062316,1.5207,-,0.264,Good
,1618,10811409,True external,-,1.60060602178849,10,0,0,0,1.994124633,2.0071,-,0.1695,Good
,1619,10812627,True external,-,1.73104485665454,0,0,27.34486228,1.819748946,1.994124633,3.5627,-,0.2676,Good
,1620,10812909,True external,-,1.61680817326522,10,0,0,0,2.243390212,2.1068,-,0.1743,Good
,1621,10813350,True external,-,1.8451562429595,0,0,10.48685619,15.51903207,3.615624055,2.8418,-,0.2027,Good
,1622,10813419,True external,-,1.41615684789107,2,0.552782308170194,10.48685619,0,1.139562495,2.6856,-,0.0455,Good
,1623,10813565,True external,-,1.63869898662759,6,0,15.73028428,0,0.890296916,2.4012,-,0.152,Good
,1624,10813669,True external,-,1.77429203290144,8,0,3.185574951,14.38266095,2.243390212,1.6615,-,0.1037,Good
,1625,10814405,True external,-,1.85048026968316,7,0,0,14.38266095,2.6553094,1.6451,-,0.1106,Good
,1626,10815422,True external,-,1.56840787673989,13,0,2.327920156,7.191330476,1.92309401,1.7663,-,0.1448,Good
,1627,10815962,True external,-,1.76129528931123,9,0,0,7.191330476,3.031311236,2.1021,-,0.1256,Good
,1628,10816090,True external,-,1.45729832488487,2,0,15.07924107,0,0.641031337,2.5776,-,0.1076,Good
,1629,10816177,True external,-,1.41006037557018,18,0,15.73028428,7.191330476,1.638093653,2.3166,-,0.184,Good
,1630,10816227,True external,-,1.58675962300125,4,0,19.67162596,0.909874473,1.282062673,2.8782,-,0.1179,Good
,1631,10816960,True external,-,1.68110150277163,4,0,10.48685619,0.909874473,2.532780078,2.891,-,0.0528,Good
,1632,10816968,True external,-,1.53259648922788,6,0,20.97371238,14.38266095,2.843806751,3.1804,-,0.1753,Good
,1633,10816971,True external,-,1.56355210842945,4,0,20.32266917,0.909874473,1.139562495,2.8693,-,0.1331,Good
,1634,10817044,True external,-,1.58929841306828,13,0,15.07924107,13.87451736,3.117553695,2.7218,-,0.1098,Good
,1635,10817067,True external,-,1.52796699006775,12,0,15.07924107,13.87451736,3.117553695,2.8201,-,0.1119,Good
,1636,10817104,True external,-,1.42991110891807,10,2.19259522569017,10.48685619,6.762503079,1.638093653,2.591,-,0.1322,Good
,1637,10817153,True external,-,1.90249304356054,10,0,5.243428095,0,2.479755362,2.191,-,0.1458,Good
,1638,10817738,True external,-,1.50480800592177,10,0,24.26401084,0.909874473,1.673828431,3.1764,-,0.1386,Good
,1639,10818461,True external,-,1.66008237941731,20,0,25.56609726,10.33462961,2.998110566,3.0186,-,0.2485,Good
,1640,10828189,True external,-,1.58943431940638,3,0,23.54220399,0,1.246327895,3.1255,-,0.1743,Good
,1641,10830261,True external,-,1.64362264690831,4,0,0,7.191330476,1.495593475,1.6789,-,0.0684,Good
,1642,10831309,True external,-,1.5452306391108,4,0,0,0,0.997062316,1.8056,-,0.1033,Good
,1643,10833898,True external,-,1.57782052660456,4,0,5.243428095,7.191330476,1.495593475,2.0179,-,0.0382,Good
,1644,10834356,True external,-,1.52940151441778,5,1.91242651880375,5.243428095,0,2.156686955,2.8393,-,0.204,Good
,1645,10834593,True external,-,1.73479275664449,4,0,15.73028428,7.191330476,1.658247084,2.4719,-,0.1185,Good
,1646,10835543,True external,-,1.41353601390698,8,0,22.25795819,14.38266095,1.638093653,2.7376,-,0.1734,Good
,1647,10835876,True external,-,1.70345405067029,2,0,0,0,0.641031337,1.5437,-,0.1696,Good
,1648,10836887,True external,-,1.53266154795818,4,0,9.835812978,7.191330476,1.139562495,2.1353,-,0.0629,Good
,1649,10837291,True external,-,1.60376593707407,0,0,6.371149901,14.38266095,3.067228588,2.6646,-,0.1494,Good
,1650,10837691,True external,-,1.8477341490204,6,0,0,8.101204949,2.6553094,1.9074,-,0.086,Good
,1651,10837838,True external,-,1.60977135014108,8,2.28586271498548,40.77938935,7.191330476,2.065594189,4.2325,-,0.3922,Good
,1652,10838576,True external,-,1.78375592546644,8,0,0,0,1.360016913,1.5893,-,0.2026,Good
,1653,10838980,True external,-,1.64969780873972,10,0,10.48685619,22.4838659,2.978968158,2.1526,-,0.1478,Good
,1654,10839215,True external,-,1.6807102454121,4,0,0,0,3.641801386,2.9015,-,0.2842,Good
,1655,10839254,True external,-,1.89042445422449,6,0,0,8.101204949,2.843806751,1.9512,-,0.0938,Good
,1656,10839706,True external,-,1.6225664664612,8,0,31.87135425,0,1.246327895,3.3483,-,0.3252,Good
,1657,10839855,True external,-,1.52560487676858,18,1.20906307617313,0,0,2.029859411,1.9766,-,0.4292,Good
,1658,10840710,True external,-,1.48493984575576,15,0,26.01531558,0.909874473,1.887359232,3.2146,-,0.1902,Good
,1659,10840779,True external,-,1.51084381264622,14,0,19.67162596,13.87451736,4.241443556,3.5313,-,0.3037,Good
,1660,10840819,True external,-,1.56314342263028,14,0,7.777959834,14.38266095,2.635155969,2.094,-,0.1049,Good
,1661,10840916,True external,-,1.71769113030612,16,0,13.02138793,14.38266095,2.492655791,2.0682,-,0.1722,Good
,1662,10841413,True external,-,1.53578454954694,12,0,24.26401084,0.909874473,1.673828431,3.0751,-,0.1584,Good
,1663,10841416,True external,-,2.23239278410256,0,0,16.85800609,14.38266095,3.555567061,2.7808,-,0.3375,Moderate
,1664,10841944,True external,-,1.5212058174778,12,0,0,0,0.997062316,1.5543,-,0.2552,Moderate
,1665,10841985,True external,-,1.41396494921022,30,0.598652297813145,15.07924107,13.52500616,2.029859411,1.8958,-,0.5089,Good
,1666,10842133,True external,-,1.47903952089337,8,0,19.67162596,7.191330476,1.673828431,2.8103,-,0.0909,Good
,1667,10842322,True external,-,1.67129803644526,6,0,14.42819786,7.191330476,3.265616975,3.1533,-,0.1018,Good
,1668,10844302,True external,-,1.73122972072821,4,0,10.2850313,0,1.744859054,2.4927,-,0.0567,Moderate
,1669,10851768,True external,-,1.46520389171343,2,0,0,7.191330476,0.997062316,1.7003,-,0.0575,Good
,1670,10852767,True external,-,1.62588321008,0,0,10.48685619,0,0.747796737,2.2845,-,0.1127,Good
,1671,10854338,True external,-,1.60478731307389,0,0,10.48685619,0,0.997062316,2.4229,-,0.0799,Good
,1672,10858096,True external,-,1.6062974569756,0,0,0,0,0.498531158,1.6471,-,0.1338,Good
,1673,10860929,True external,-,1.61275464804679,3,0,0,0,0.498531158,1.5368,-,0.1649,Good
,1674,10862227,True external,-,1.65793768977026,8,0,5.243428095,8.101204949,2.370217756,2.1729,-,0.0494,Good
,1675,10862622,True external,-,1.73333134011111,7,3.10006936451321,0,8.101204949,2.243390212,2.1866,-,0.3916,Good
,1676,10863193,True external,-,1.63982602040532,7,0,10.48685619,8.101204949,2.136624811,2.3876,-,0.0388,Good
,1677,10863545,True external,-,1.52367503832659,6,0,10.48685619,14.70264819,2.512717935,2.4823,-,0.0664,Good
,1678,10863657,True external,-,1.71829390520411,8,0,15.73028428,0,0.747796737,2.1828,-,0.2433,Good
,1679,10863750,True external,-,1.85108080955799,3,0,17.01453009,0,1.854396659,2.8011,-,0.1176,Good
,1680,10864115,True external,-,1.61822909179245,16,0,20.97371238,18.49836724,1.495593475,1.9683,-,0.3675,Good
,1681,10864434,True external,-,1.73720367744644,15,0,8.000175648,7.191330476,2.38589039,2.031,-,0.1601,Good
,1682,10865063,True external,-,1.75581869058528,24,0,20.97371238,0,1.139562495,2.0451,-,0.6693,Good
,1683,10868957,True external,-,1.6340062682985,0,0,0,0,1.246327895,1.968,-,0.0737,Good
,1684,10872100,True external,-,1.60851031415296,6,0,0,0.909874473,1.744859054,1.9878,-,0.0971,Good
,1685,10872776,True external,-,1.56074701501213,2,0,5.243428095,0,0.641031337,1.9626,-,0.0989,Good
,1686,10874445,True external,-,1.52288975344958,5,0,10.48685619,0,1.569396303,2.603,-,0.0442,Good
,1687,10874832,True external,-,1.62223979365871,10,0,20.97371238,28.7653219,2.243390212,2.1533,-,0.4288,Good
,1688,10881029,True external,-,1.50410342252696,0,0,10.48685619,0,0.890296916,2.4776,-,0.0702,Good
,1689,10881256,True external,-,1.57358114994228,4,0,0,0,0.747796737,1.6596,-,0.1319,Good
,1690,10882883,True external,-,1.58056207943867,6,0,0,0,1.638093653,1.9995,-,0.1051,Good
,1691,10882994,True external,-,1.59240511665245,6,0,26.29895155,0,2.136624811,3.5774,-,0.1596,Good
,1692,10883156,True external,-,1.68753086780903,2,0,20.97371238,0,1.495593475,3.0422,-,0.1459,Good
,1693,10883220,True external,-,1.51690872361211,4,0,10.48685619,0,0.498531158,2.143,-,0.1219,Good
,1694,10883616,True external,-,1.57281076181003,4,0,15.73028428,0,0.747796737,2.4721,-,0.1348,Good
,1695,10883811,True external,-,1.61271600698218,4,0,10.48685619,0,1.658247084,2.5858,-,0.0432,Good
,1696,10884382,True external,-,1.55149785083962,8,2.34360349063,13.67243114,0,1.744859054,3.0091,-,0.1455,Good
,1697,10884418,True external,-,1.48722898489481,11,2.3219901367117,13.67243114,0,1.744859054,2.9696,-,0.1697,Good
,1698,10884870,True external,-,1.71271299582522,4,0,10.48685619,0,2.873851218,3.0503,-,0.08,Good
,1699,10885394,True external,-,1.42483979526472,2,0,9.835812978,0,0.926031694,2.4741,-,0.0554,Good
,1700,10885525,True external,-,1.72484542194834,12,0,18.91585923,7.191330476,2.243390212,2.644,-,0.1267,Good
,1701,10885594,True external,-,1.72477272240872,13,0,20.97371238,0,0.997062316,2.3905,-,0.3215,Good
,1702,10885725,True external,-,1.5275643115648,12,0,2.756747554,7.191330476,2.136624811,1.9653,-,0.1143,Good
,1703,10885756,True external,-,1.58168851721486,11,0,0,7.191330476,2.528390569,1.9845,-,0.136,Good
,1704,10886482,True external,-,2.22585081923076,0,0,0,0,4.182259989,2.7258,-,0.2235,Good
,1705,10886526,True external,-,1.4224444347928,13,0,34.02906018,7.191330476,1.246327895,3.2374,-,0.362,Good
,1706,10892389,True external,-,1.64961620756906,1,0,5.243428095,0,1.495593475,2.3044,-,0.0477,Good
,1707,10894201,True external,-,1.52243044809178,4,3.44352440148564,20.32266917,0,1.246327895,3.4249,-,0.2758,Good
,1708,10894431,True external,-,1.58809315109869,0,0,20.97371238,18.49836724,2.243390212,2.9018,-,0.324,Good
,1709,10894460,True external,-,1.65462299479527,0,0,10.48685619,7.191330476,2.014186776,2.5892,-,0.0603,Good
,1710,10895539,True external,-,1.55457865522396,11,3.04101852263989,0,8.101204949,2.243390212,2.2269,-,0.4361,Good
,1711,10895674,True external,-,1.73212372188461,10,0,16.36348688,14.74222646,2.243390212,2.3034,-,0.1502,Good
,1712,10896378,True external,-,1.43620230291874,4,0,15.07924107,0,0.747796737,2.5804,-,0.0935,Good
,1713,10949647,True external,-,1.62293294357213,7,0,5.243428095,7.191330476,2.263452356,2.2264,-,0.0408,Good
,1714,10974399,True external,-,1.64503915833423,4,0,20.97371238,0,2.120952177,3.3097,-,0.1033,Good
,1715,11001743,True external,-,1.40297703971832,2,0,5.243428095,0,1.622421019,2.5854,-,0.0665,Good
,1716,11070929,True external,-,1.61968438708295,6,0,26.21714047,0,2.014186776,3.4876,-,0.1612,Good
,1717,11082115,True external,-,1.44447669179582,8,0,37.98824247,0,2.120952177,4.258,-,0.3778,Moderate
,1718,11735526,True external,-,1.609734460774,4,0,40.64533833,0,2.120952177,4.3615,-,0.506,Moderate
,1719,11826967,True external,-,1.59620671123698,8,0,20.97371238,0,1.622421019,2.9892,-,0.1128,Good
,1720,11952595,True external,-,1.58589373352667,6,3.07556123967622,20.97371238,0,2.405952534,3.8197,-,0.2722,Good
,1721,11952695,True external,-,1.64372311667533,6,2.61598823783881,20.97371238,0,2.405952534,3.7022,-,0.1912,Moderate
,1722,12069730,True external,-,1.75373254045537,4,0,5.243428095,0,2.120952177,2.385,-,0.0551,Good
,1723,12270581,True external,-,1.73877399227272,4,0,13.58832411,0,2.619483335,3.0643,-,0.0624,Good
,1724,12270586,True external,-,1.75010814725,8,0,3.10146792,0,3.901546009,2.9727,-,0.2772,Good
,1725,12297436,True external,-,1.79709767169545,18,0,20.97371238,28.7653219,3.118014493,2.1044,-,0.4454,Good
,1726,12299378,True external,-,1.727925899469,20,0,10.48685619,43.14798286,3.616545652,1.2841,-,0.6442,Good
,1727,12337645,True external,-,2.05481087188571,0,0,6.371149901,1.819748946,4.318847572,3.231,-,0.2292,Good
,1728,12337646,True external,-,1.74098959399999,0,0,6.371149901,1.819748946,3.901546009,3.362,-,0.2699,Good
,1729,12411069,True external,-,1.95613086940152,0,0,10.48685619,0,2.944790553,2.9686,-,0.0871,Good
,1730,12411071,True external,-,1.75855182239076,0,0,10.48685619,0,1.622421019,2.5556,-,0.069,Good
,1731,12411073,True external,-,1.49431282119004,0,0,10.48685619,0,1.622421019,2.8302,-,0.0565,Good
,1732,12411078,True external,-,1.7613991427797,0,0,24.0751803,0,2.120952177,3.4869,-,0.1955,Good
,1733,12510742,True external,-,1.91067406116336,24,0,20.97371238,0,4.38951001,3.4039,-,0.4504,Good
,1734,12627544,True external,-,1.58264328607861,8,3.04996038289393,10.48685619,0,2.120952177,3.0765,-,0.2997,Good
,1735,12966109,True external,-,1.63402921690993,20,0,10.48685619,14.38266095,3.40301485,2.312,-,0.2267,Good
,1736,13007252,True external,-,1.52205365850374,6,3.46787797101788,19.67162596,0,1.871686598,3.6181,-,0.3011,Good
,1737,13364457,True external,-,1.81663523457418,2,0,17.28101824,7.759516037,4.297423051,3.7497,-,0.2939,Good
,1738,13408846,True external,-,2.04151373988354,0,0,13.98746272,0,2.944790553,3.0605,-,0.1146,Good
,1739,13431772,True external,-,1.67056440875374,8,0,20.97371238,0,1.622421019,2.9119,-,0.1308,Good
,1740,13505440,True external,-,1.6298837559995,10,0,22.52444634,14.95084651,4.134769442,3.6045,-,0.2841,Good
,1741,13643757,True external,-,1.3437402910367,10,0.284005881057954,8.744034626,0,3.245372258,3.3458,-,0.3343,Good
,1742,13668661,True external,-,1.20064076686752,3,0,5.243428095,0,1.622421019,2.7612,-,0.1415,Good
,1743,13725443,True external,-,1.56992814214985,0,0,5.243428095,0,1.622421019,2.481,-,0.0458,Good
,1744,13955188,True external,-,1.63821679788372,2,0,5.243428095,7.191330476,1.871686598,2.2,-,0.0319,Good
,1745,13981205,True external,-,1.53369253403033,10,0,20.97371238,1.819748946,3.40301485,3.7525,-,0.2028,Good
,1746,13981208,True external,-,1.6139115298626,8,0,20.97371238,0,2.904483692,3.5703,-,0.1285,Good
,1747,14010418,True external,-,1.53588146573544,2,0,5.243428095,7.191330476,1.871686598,2.3064,-,0.0291,Good
,1748,14147521,True external,-,1.87150923623257,2,0,10.48685619,0,1.622421019,2.3691,-,0.1042,Good
,1749,14419775,True external,-,1.82836973217013,0,0,0,0,1.622421019,1.9419,-,0.0914,Good
,1750,14439095,True external,-,1.6242233149417,8,0,19.67162596,0,1.622421019,2.8929,-,0.1072,Good
,1751,14512870,True external,-,1.62551229033441,8,0,20.97371238,1.819748946,2.619483335,3.3598,-,0.1002,Good
,1752,14532803,True external,-,1.76174470504994,4,3.39244957160058,34.02906018,14.38266095,2.120952177,3.771,-,0.5261,Good
,1753,14751808,True external,-,1.61204621761375,5,0.658200502623858,18.5798476,0,4.140241257,4.2124,-,0.3829,Good
,1754,14751809,True external,-,1.60090233868834,5,1.12734495976931,18.5798476,0,3.835087469,4.1399,-,0.3349,Good
,1755,14848721,True external,-,1.77404019826379,4,0,0,0,1.622421019,1.8602,-,0.108,Moderate
,1756,14848724,True external,-,1.63517738635752,4,0,0,0,1.622421019,2.0045,-,0.0857,Moderate
,1757,15076663,True external,-,1.69593664706643,18,0,20.97371238,1.819748946,3.901546009,3.5408,-,0.2732,Good
,1758,15353045,True external,-,1.77527333827932,6,0,10.48685619,14.38266095,2.120952177,2.0491,-,0.1163,Good
,1759,15353047,True external,-,1.7004211715102,14,0,10.48685619,14.38266095,2.120952177,1.8506,-,0.161,Good
,1760,15683296,True external,-,1.63551284635448,2,0,5.243428095,7.191330476,1.871686598,2.2028,-,0.0317,Good
,1761,15752805,True external,-,1.41445041866283,4,0,0,0,1.622421019,2.2339,-,0.1042,Good
,1762,15869155,True external,-,1.52822998473671,12,0.161319433220561,18.5798476,0,3.245372258,3.5773,-,0.1895,Good
,1763,15870389,True external,-,1.4518140032095,3,0,28.78563209,0,2.548452712,4.148,-,0.2817,Good
,1764,16226213,True external,-,1.78187670062791,1,0,0,0,1.622421019,1.9557,-,0.0847,Good
,1765,16645595,True external,-,1.24974577649937,4,0.697646477354517,19.67162596,0,2.405952534,3.8737,-,0.238,Good
,1766,16645596,True external,-,1.34710409583306,12,0.672173878021339,19.67162596,0,2.690952891,3.6264,-,0.1866,Moderate
,1767,17765065,True external,-,1.62280038400715,10,0,6.794162054,0,2.995576459,2.8029,-,0.1553,Good
,1768,17769047,True external,-,1.23161996359941,3,0,5.243428095,0,1.622421019,2.729,-,0.1263,Good
,1769,17790998,True external,-,1.49832002441727,2,0,13.58832411,0,2.120952177,3.1501,-,0.0776,Good
,1770,17814386,True external,-,1.66538003417488,4,0,0,0,1.622421019,1.9731,-,0.0883,Good
,1771,17843493,True external,-,1.60762652471054,21,0,17.28101824,0,4.867263056,3.8552,-,0.6073,Moderate
,1772,17914583,True external,-,1.36857077880415,27,0.135729444388677,10.48685619,7.191330476,3.67243386,2.7466,-,0.5759,Good
,1773,17979943,True external,-,1.66534328182101,6,0,0,0,1.871686598,2.0207,-,0.1063,Good
,1774,17991644,True external,-,1.25615285511401,4,0,5.243428095,0,2.014186776,2.8522,-,0.1629,Good
,1775,18172654,True external,-,1.62860202129027,6,0,0,0,3.40301485,2.7749,-,0.2638,Good
,1776,18172674,True external,-,1.49984629725442,6,0,0,0,2.904483692,2.6756,-,0.2343,Good
,1777,18178006,True external,-,1.61695895888466,6,0,0,0,1.622421019,1.9544,-,0.107,Good
,1778,18185335,True external,-,1.6043011710637,4,3.80066552680986,5.243428095,0.909874473,2.120952177,2.9827,-,0.5279,Good
,1779,18327845,True external,-,1.82920992809523,0,0,10.48685619,0,1.907421376,2.6154,-,0.07,Good
,1780,18355902,True external,-,1.53171611145856,12,0,19.67162596,18.49836724,2.619483335,2.6547,-,0.1599,Good
,1781,18364625,True external,-,1.70652864379671,12,0,10.48685619,0,3.244842038,2.9539,-,0.1596,Good
,1782,18459632,True external,-,1.69922401808633,0,0,0,0,1.907421376,2.2093,-,0.0685,Good
,1783,18459635,True external,-,2.81202686662069,0,0,0,0,5.021149493,2.5089,-,0.4141,Good
,1784,18515469,True external,-,2.24442971402927,0,0,0,0,3.321785256,2.3041,-,0.1606,Good
,1785,18522616,True external,-,1.43637649753318,8,0,28.85639572,14.38266095,2.619483335,3.5132,-,0.2819,Good
,1786,18539604,True external,-,1.63572319611451,4,0,10.48685619,0,1.907421376,2.6784,-,0.0408,Good
,1787,18683124,True external,-,1.69941826149396,3,0,15.73028428,0,1.622421019,2.784,-,0.0805,Good
,1788,18690720,True external,-,1.53263051606501,2,0,9.835812978,0,1.871686598,2.8042,-,0.0473,Good
,1789,18716673,True external,-,1.5157000612277,6,0.294474469609319,8.744034626,0,3.245372258,3.3065,-,0.2192,Good
,1790,18721173,True external,-,1.63658739321823,4,0,20.97371238,0,1.622421019,3.0853,-,0.1167,Good
,1791,18724647,True external,-,1.56592493445945,19,0.136269928801321,10.48685619,0,4.888037994,3.6438,-,0.6911,Good
,1792,18785338,True external,-,1.77498837326495,0,0,10.48685619,0,1.622421019,2.5385,-,0.0729,Good
,1793,18914772,True external,-,1.65570255635053,8,0,31.46056857,0,3.494107617,4.3437,-,0.3067,Moderate
,1794,18995610,True external,-,1.55312303051042,6,0,15.07924107,9.24918362,4.104506479,3.6283,-,0.3025,Good
,1795,19007903,True external,-,1.48448305752824,31,-0.118058586,20.32266917,0,3.565668459,3.1715,-,0.6965,Good
,1796,19027481,True external,-,1.48312894173673,4,0,5.243428095,7.191330476,1.871686598,2.2921,-,0.0283,Good
,1797,19070379,True external,-,1.30368834088003,14,2.7389633382036,5.243428095,0,3.023007086,3.2715,-,0.6993,Good
,1798,19070386,True external,-,1.3707745385998,11,0.171883611072742,7.571348251,0,3.494637837,3.3252,-,0.3887,Good
,1799,19070387,True external,-,1.31056149705001,14,2.60033025093168,5.243428095,0,2.94021847,3.2084,-,0.6427,Good
,1800,19070388,True external,-,1.37456942414602,15,0.156415773743454,7.571348251,0,3.993168995,3.4143,-,0.5596,Good
,1801,19092013,True external,-,1.62786735069993,5,0,15.07924107,0,1.871686598,2.8723,-,0.0555,Good
,1802,19133375,True external,-,1.2517817176873,12,0.677450780551165,19.67162596,14.38266095,3.40301485,3.544,-,0.2801,Good
,1803,19133376,True external,-,1.26764369605025,12,0.686906357894996,19.67162596,13.52500616,3.688015207,3.6927,-,0.339,Good
,1804,19133377,True external,-,1.33235739252304,12,0.658937320389465,19.67162596,0,2.405952534,3.5068,-,0.1541,Good
,1805,19133381,True external,-,1.42672257954442,4,0.696677329311797,19.67162596,0,2.405952534,3.6897,-,0.1417,Good
,1806,19133383,True external,-,1.42073257259886,4,0.702599612142215,19.67162596,0,2.405952534,3.6967,-,0.1444,Good
,1807,19349602,True external,-,1.46966084829654,18,0,24.0751803,0,4.867263056,4.4528,-,0.6539,Moderate
,1808,19366143,True external,-,1.56323865593778,6,0,20.97371238,0,2.405952534,3.4589,-,0.1068,Good
,1809,19366180,True external,-,1.56403017781412,8,2.76997069099936,10.48685619,0,2.405952534,3.1941,-,0.291,Good
,1810,19366182,True external,-,1.60535538320044,8,2.68099879029407,10.48685619,0,2.405952534,3.14,-,0.2621,Good
,1811,19366202,True external,-,1.60535538320044,10,2.69715407053212,10.48685619,0,2.405952534,3.073,-,0.2725,Good
,1812,19371043,True external,-,1.46967140704115,25,-0.126455126,20.32266917,0,3.565668459,3.393,-,0.4854,Good
,1813,19377164,True external,-,1.53967976384295,10,2.89994778761807,15.07924107,0,1.871686598,3.1537,-,0.2242,Good
,1814,19387716,True external,-,1.68923659824778,6,0,0,0,1.622421019,1.8793,-,0.1159,Good
,1815,19433797,True external,-,1.26815608122581,6,3.14974563982765,5.243428095,0,2.014186776,3.1643,-,0.5417,Good
,1816,19710935,True external,-,1.80988607551585,1,0,1.55073396,0,2.746310879,2.5321,-,0.0918,Good
,1817,19777101,True external,-,1.3571374449132,14,0,28.85639572,14.38266095,3.118014493,3.6215,-,0.2796,Good
,1818,19786012,True external,-,1.83738050521606,4,0,10.48685619,15.01272411,3.443321712,2.6494,-,0.1279,Good
,1819,19786016,True external,-,1.67443624111764,0,0,0,0,1.622421019,2.1018,-,0.0668,Good
,1820,19794053,True external,-,1.62209281326688,4,0,20.97371238,0,1.907421376,3.2337,-,0.1039,Good
,1821,19802958,True external,-,1.73757372030769,4,2.66889222943376,0,0,2.619483335,2.6979,-,0.4031,Good
,1822,19820790,True external,-,1.64994418236556,4,0,20.97371238,0,1.622421019,3.0715,-,0.1192,Good
,1823,19879595,True external,-,1.58001604342341,4,0,20.97371238,0,1.622421019,3.1441,-,0.1085,Good
,1824,19899536,True external,-,1.44833611187378,4,0,0,0,1.622421019,2.1987,-,0.0971,Good
,1825,19899935,True external,-,1.47965964486577,0,0,5.243428095,0,1.622421019,2.5748,-,0.0566,Good
,1826,19899941,True external,-,1.46605755598562,0,0,5.243428095,0,1.622421019,2.589,-,0.0592,Good
,1827,19899942,True external,-,1.62990605524568,4,0,9.835812978,0,1.622421019,2.5175,-,0.0453,Good
,1828,19908020,True external,-,1.64646711840544,4,0,19.67162596,0,3.443321712,3.8593,-,0.2081,Moderate
,1829,19967668,True external,-,1.41753085335292,1,0,5.243428095,0,1.622421019,2.6049,-,0.0657,Good
,1830,19967670,True external,-,1.62570288754871,2,0,5.243428095,0,1.622421019,2.354,-,0.0439,Good
,1831,19967675,True external,-,1.56996545908562,0,0,5.243428095,0,1.622421019,2.481,-,0.0458,Good
,1832,19967677,True external,-,1.49604862161878,2,0,5.243428095,0,1.622421019,2.4887,-,0.0489,Good
,1833,19967678,True external,-,1.61046425335042,0,0,5.243428095,0,1.622421019,2.4389,-,0.0446,Good
,1834,19967679,True external,-,1.6162232236131,0,0,5.243428095,0,1.622421019,2.4329,-,0.0446,Good
,1835,19967683,True external,-,1.64226493778474,1,0,5.243428095,0,1.622421019,2.3713,-,0.044,Good
,1836,19967685,True external,-,1.7391588245438,0,0,5.243428095,0,1.622421019,2.3051,-,0.0554,Good
,1837,19969306,True external,-,1.44435424003694,4,0,5.243428095,0,1.622421019,2.4734,-,0.0592,Good
,1838,19969312,True external,-,1.62109403220089,1,0,5.243428095,0,1.622421019,2.3933,-,0.0431,Good
,1839,19969315,True external,-,1.66028653186616,2,0,0,0,1.622421019,2.0475,-,0.0727,Good
,1840,19969320,True external,-,1.79912944688582,1,0,5.243428095,0,1.622421019,2.2083,-,0.0695,Good
,1841,19987041,True external,-,1.57831421779607,4,0,39.21574851,0,2.357998965,4.4312,-,0.4633,Moderate
,1842,19987053,True external,-,1.60676733149817,6,0,31.46056857,19.63473836,4.327686015,4.1503,-,0.6043,Moderate
,1843,19987055,True external,-,1.5108158887074,8,0,20.97371238,19.16717792,5.300310748,4.1113,-,0.6978,Moderate
,1844,20071047,True external,-,1.56595898045069,4,0,20.97371238,0,1.907421376,3.292,-,0.1022,Good
,1845,20090285,True external,-,1.64550409379245,24,0,10.48685619,13.52500616,2.904483692,1.9595,-,0.3405,Good
,1846,20191283,True external,-,1.59551249130911,4,2.98825888971056,20.97371238,0,2.192421733,3.768,-,0.2528,Good
,1847,20217326,True external,-,1.60310581568624,8,3.13644324135546,10.48685619,15.51903207,4.114155213,3.4423,-,0.6024,Good
,1848,20228377,True external,-,1.83050570268085,10,0,6.371149901,28.7653219,3.616545652,1.8255,-,0.2683,Good
,1849,20228378,True external,-,1.50659141815674,14,0,6.371149901,28.7653219,3.616545652,2.024,-,0.2553,Good
,1850,20228379,True external,-,1.55165816330116,20,2.16367950357319,24.0751803,0,2.619483335,3.5179,-,0.2508,Good
,1851,20239897,True external,-,1.40243910101164,0,0,10.48685619,0,1.622421019,2.9256,-,0.0744,Good
,1852,20242157,True external,-,1.66144732120144,8,0,26.48720749,0,2.904483692,3.8054,-,0.1744,Good
,1853,20249640,True external,-,1.70697707230782,2,0,12.03759015,7.759516037,3.636238284,3.2839,-,0.1756,Good
,1854,20293871,True external,-,1.54862244727498,8,0,19.67162596,28.7653219,3.118014493,2.6407,-,0.3609,Good
,1855,20294860,True external,-,1.48080800424882,20,-0.106867101,10.48685619,0,3.565668459,3.0489,-,0.431,Good
,1856,20305952,True external,-,1.87718260672434,5,3.52966484822196,13.98746272,0.909874473,3.443321712,3.7003,-,0.4624,Good
,1857,20321769,True external,-,2.9138732610283,0,0,6.794162054,0,5.30614985,2.8869,-,0.4536,Good
,1858,20350862,True external,-,1.60593874216436,25,-0.121970248,15.07924107,0,4.191027162,3.2738,-,0.573,Good
,1859,20392442,True external,-,1.82517371606868,20,0,10.48685619,16.56347652,4.355593371,2.4807,-,0.2928,Good
,1860,20392445,True external,-,1.83192070525199,6,0,5.243428095,16.56347652,2.982437931,2.0444,-,0.0999,Good
,1861,20392450,True external,-,1.44804728474935,10,0,5.243428095,16.56347652,2.982437931,2.3052,-,0.1163,Good
,1862,20392461,True external,-,1.64348853931411,10,0,5.243428095,16.56347652,2.982437931,2.1021,-,0.0919,Good
,1863,20400269,True external,-,1.30762665642113,13,0,21.79393911,0,2.120952177,3.3919,-,0.1628,Good
,1864,20405655,True external,-,1.64852290461094,4,0,9.835812978,0,1.622421019,2.4982,-,0.0476,Good
,1865,20444365,True external,-,2.18935954413344,3,0,0,0,2.767088991,1.9984,-,0.169,Good
,1866,20449544,True external,-,1.65090618930401,0,0,0,0,1.622421019,2.1263,-,0.0659,Good
,1867,20461725,True external,-,1.25697088374998,26,0,10.48685619,14.38266095,2.619483335,2.1303,-,0.3851,Good
,1868,20479559,True external,-,1.65604056990639,4,0,20.97371238,0,1.622421019,3.0651,-,0.1205,Good
,1869,20479566,True external,-,1.72811856888932,4,0,20.97371238,0,2.944790553,3.6086,-,0.1326,Good
,1870,20479568,True external,-,1.57733102251054,4,0,20.97371238,0,1.622421019,3.1469,-,0.1082,Good
,1871,20484518,True external,-,1.97219795639536,4,0,23.54220399,0,5.519680651,4.6915,-,0.5815,Good
,1872,20512215,True external,-,1.80786481852531,8,0,23.54220399,0,5.519680651,4.7241,-,0.6346,Good
,1873,20512220,True external,-,1.57123533503877,8,0,23.54220399,0,4.765691246,4.6175,-,0.5722,Good
,1874,20512250,True external,-,1.54866443018089,8,0,34.02906018,0,3.443321712,4.5637,-,0.3823,Good
,1875,20512255,True external,-,1.7969818754055,8,0,23.54220399,0,5.519680651,4.7355,-,0.6436,Good
,1876,20520967,True external,-,1.80237671583453,4,0,20.97371238,0,3.321785256,3.7077,-,0.1561,Good
,1877,20520982,True external,-,1.49414751401822,6,0,10.48685619,0,1.871686598,2.7397,-,0.0522,Good
,1878,20520987,True external,-,1.55024877353666,12,0,20.97371238,0,2.120952177,3.132,-,0.1186,Good
,1879,20520996,True external,-,1.70846154278902,6,0,44.51591637,0,1.622421019,4.1564,-,0.6684,Good
,1880,20521003,True external,-,1.50719598707375,10,0,20.97371238,0,2.120952177,3.2458,-,0.1043,Good
,1881,20521009,True external,-,1.55024877353666,8,0,20.97371238,0,2.120952177,3.2701,-,0.0956,Good
,1882,20521014,True external,-,1.55024877353666,10,0,20.97371238,0,2.120952177,3.201,-,0.1028,Good
,1883,20521024,True external,-,1.72927362617036,8,2.97624233756972,20.97371238,0,2.757103494,3.7535,-,0.2447,Good
,1884,20521025,True external,-,1.41517531549089,10,0,20.97371238,0,2.120952177,3.3414,-,0.116,Good
,1885,20521027,True external,-,1.53632443142109,8,0,10.48685619,0,1.871686598,2.6268,-,0.0616,Good
,1886,20521063,True external,-,1.60047024803272,16,0,41.94742476,0,3.743373196,4.7826,-,0.5038,Good
,1887,20521066,True external,-,1.57458227246703,16,0,20.97371238,0,2.120952177,2.9686,-,0.1785,Good
,1888,20521067,True external,-,1.80237671583453,4,0,20.97371238,0,3.321785256,3.7077,-,0.1561,Good
,1889,20521069,True external,-,1.64953160288646,6,2.98978677792083,32.74481437,0,1.907421376,4.1172,-,0.2749,Good
,1890,20521082,True external,-,1.76879026035361,14,0,41.94742476,0,4.944206275,5.2382,-,0.6635,Good
,1891,20521088,True external,-,1.76879026035361,14,0,41.94742476,0,4.944206275,5.2382,-,0.6635,Good
,1892,20521091,True external,-,1.79595475987464,2,0,10.48685619,0,2.472103137,2.845,-,0.0536,Good
,1893,20521096,True external,-,1.76773211909095,18,0,41.94742476,0,4.944206275,5.1012,-,0.6423,Good
,1894,20521097,True external,-,1.72164061718937,6,0,22.25795819,0,1.622421019,2.9942,-,0.1532,Good
,1895,20521110,True external,-,1.61061142399205,6,0,10.48685619,0,1.871686598,2.6187,-,0.0475,Moderate
,1896,20521115,True external,-,1.75742880870486,2,0,10.48685619,0,2.472103137,2.885,-,0.0537,Moderate
,1897,20521117,True external,-,1.60047024803272,14,0,41.94742476,0,3.743373196,4.8516,-,0.5114,Moderate
,1898,20521123,True external,-,1.7672144068434399,18,0,41.94742476,0,4.944206275,5.1018,-,0.6425,Moderate
,1899,20521132,True external,-,1.46899134479913,6,0,10.48685619,0,1.871686598,2.7659,-,0.0556,Moderate
,1900,20521134,True external,-,1.78045294301141,12,0,41.94742476,0,4.944206275,5.2952,-,0.6813,Moderate
,1901,20521141,True external,-,1.58130030125349,14,0,20.97371238,0,2.120952177,3.0306,-,0.1454,Moderate
,1902,20521155,True external,-,1.7118221667189,8,2.97668907716711,20.97371238,0,2.757103494,3.7717,-,0.2488,Moderate
,1903,20521161,True external,-,1.78111460451799,12,0,41.94742476,0,4.944206275,5.2945,-,0.6809,Moderate
,1904,20521162,True external,-,1.47213237748025,12,0,20.97371238,0,2.120952177,3.2131,-,0.1206,Moderate
,1905,20521170,True external,-,1.60059331088944,8,0,10.48685619,0,1.871686598,2.56,-,0.0624,Moderate
,1906,20521179,True external,-,1.47213237748025,8,0,20.97371238,0,2.120952177,3.3512,-,0.1027,Moderate
,1907,20521188,True external,-,1.58801833003995,12,0,20.97371238,0,2.120952177,3.0927,-,0.1205,Moderate
,1908,20521190,True external,-,1.73788353739929,12,0,44.51591637,0,1.622421019,3.9187,-,0.6546,Moderate
,1909,20521212,True external,-,1.71221121993605,2,0,22.25795819,0,1.622421019,3.1421,-,0.1604,Moderate
,1910,20521215,True external,-,1.77979128150483,16,0,41.94742476,0,4.944206275,5.1578,-,0.6435,Moderate
,1911,20521216,True external,-,1.74552934094092,8,0,44.51591637,0,1.622421019,4.0488,-,0.6683,Moderate
,1912,20521219,True external,-,1.81709729909017,10,0,20.97371238,0,3.321785256,3.4852,-,0.1367,Moderate
,1913,20521228,True external,-,1.60047024803272,14,0,41.94742476,0,3.743373196,4.8516,-,0.5114,Moderate
