"Table S2.Detailed statistic information of the training, test and true external sets in the Rat-QSTR models  ",,,,,,,,,,,,,
Rat-QSTR Model,Compound Information,,,,Rat-QSTR Model-Descriptor Value,,,,,Predicted Activity by  Rat-QSTR,,Model's AD,
Dataset grouping,No.,CID,Status,Exp. endpoint,AATSC7i,CATS2D_08_DL,ChiA_X,F06[C-N],P_VSA_charge_10,Predicted endpoint,Residual,HAT i/i (h*=0.3529),
Modeling Compounds,1,2286,Train,1.48,0.151889,0,0.998044,0,19.67163,2.1773,2.1971,0.0991,
Training 51,2,2347,Test,2.13,0.072894,0,0.997412,0,4.592385,1.4062,-2.2073,0.038,
 Test 16,3,2391,Train,1.92,-0.02793,0,0.998121,2,10.48686,1.8083,-0.3434,0.0546,
All 67,4,2898,Train,1.48,-0.07256,0,0.998121,0,10.48686,1.6855,0.6311,0.0518,
,5,3026,Test,1.57,-0.07564,0,0.996786,0,0,1.379,-0.5839,0.0424,
,6,4115,Train,2.27,-0.16788,0,0.996346,0,10.48686,2.2682,-0.0055,0.055,
,7,5502,Test,2.67,-0.06325,0,0.994638,3,2.756748,2.4134,-0.8588,0.2017,
,8,6619,Train,1.69,0.045747,0,0.995396,0,0,1.7091,0.0603,0.1057,
,9,6623,Test,1.85,-0.01317,4,0.99711,0,0,1.675,-0.5453,0.0789,
,10,6626,Train,1.74,-0.08736,4,0.99711,0,0,1.7228,-0.0536,0.0764,
,11,6777,Train,1.04,-0.27877,0,0.997757,0,0,1.2245,0.576,0.0824,
,12,6778,Train,1.6,-0.35486,0,0.997757,0,10.48686,1.9742,1.1809,0.102,
,13,6781,Train,1.41,-0.29558,0,0.995429,0,0,1.9191,1.6359,0.1337,
,14,6782,Train,1.27,-0.19852,0,0.997174,0,0,1.344,0.2275,0.0542,
,15,6786,Train,1.05,0.093676,0,0.997322,0,0,1.1126,0.1923,0.0518,
,16,6788,Train,0.84,-0.00416,0,0.997991,0,0,0.9789,0.4279,0.0571,
,17,6819,Train,0.68,-0.06473,0,0.997042,0,0,1.2966,1.8822,0.0401,
,18,6963,Train,1.24,-0.02432,0,0.997528,0,0,1.1281,-0.3423,0.0437,
,19,8269,Train,2.32,0.048572,0,0.996669,2,10.48686,2.1857,-0.4114,0.0469,
,20,8343,Test,1.11,0.148986,0,0.9962,0,0,1.4064,0.9239,0.0794,
,21,8345,Test,1.64,-0.07139,0,0.997528,0,9.18477,1.7721,0.4017,0.0331,
,22,8346,Train,0.92,-0.00647,0,0.997704,0,0,1.0647,0.4436,0.0481,
,23,8379,Train,0.92,-0.00246,0,0.998308,0,0,0.8847,-0.1096,0.071,
,24,8380,Train,0.97,-0.00512,0,0.997857,0,0,1.0189,0.1502,0.0524,
,25,8554,Test,1.46,0.427396,0,0.994692,0,0,1.6701,0.7497,0.2976,
,26,8560,Train,2.57,-0.10371,0,0.996429,0,9.18477,2.1156,-1.3888,0.0425,
,27,8571,Test,2.3,-0.17941,4,0.995597,0,0,2.2264,-0.2327,0.1054,
,28,12111,Train,1.61,-0.10581,4,0.998827,0,0,1.2304,-1.2428,0.1656,
,29,19283,Train,1.38,-0.00343,0,0.998109,0,0,0.9438,-1.347,0.0617,
,30,20393,Train,2.32,0.128388,2,0.996089,0,0,1.6681,-2.0256,0.0734,
,31,24072,Train,1.67,-0.14961,0,0.997008,0,9.18477,1.9751,0.9302,0.0375,
,32,25689,Train,3.29,-0.15384,4,0.998154,2,20.97371,3.012,-0.8973,0.1415,
,33,29321,Train,2.95,-0.08235,0,0.996084,2,10.48686,2.4417,-1.5719,0.0647,
,34,30948,Train,2.67,0.200203,0,0.996189,0,10.48686,2.0774,-1.8505,0.0826,
,35,33154,Test,0.9,0.032631,0,0.997704,0,0,1.0395,0.4283,0.0506,
,36,33599,Train,0.84,-0.00416,0,0.998082,0,0,0.9522,0.3463,0.0606,
,37,33934,Test,1.25,-0.08466,0,0.997808,0,0,1.0845,-0.5081,0.0513,
,38,34277,Train,1.02,0.395761,0,0.997089,0,0,0.9863,-0.1095,0.1542,
,39,40399,Train,2.29,-0.37323,1,0.994639,0,0,2.3089,0.0635,0.2076,
,40,62629,Train,2.35,-0.18745,0,0.997497,0,9.18477,1.8557,-1.5137,0.0462,
,41,65913,Train,3,-0.21109,4,0.996354,4,10.48686,3.0285,0.09,0.1054,
,42,66540,Test,0.72,-0.02996,0,0.997322,0,0,1.1922,1.4421,0.0409,
,43,67846,Train,2.47,-0.3764,4,0.995557,0,0,2.3649,-0.3414,0.1522,
,44,69046,Train,1.51,-0.17882,6,0.998097,2,0,1.8591,1.1608,0.1912,
,45,70897,Test,2.4,-0.19233,0,0.995088,0,10.48686,2.6535,0.8145,0.1335,
,46,73864,Train,2,0.434505,4,0.995202,0,0,1.947,-0.1873,0.2833,
,47,75903,Train,2.14,-0.11643,0,0.996568,0,13.77715,2.3898,0.7671,0.0512,
,48,83119,Train,3.12,0.065434,4,0.998154,2,20.97371,2.8708,-0.8047,0.1425,
,49,85537,Train,1.67,-0.16166,0,0.997991,0,9.18477,1.694,0.0739,0.0545,
,50,94652,Train,2.59,0.463491,4,0.996853,2,20.97371,2.9967,1.4138,0.2599,
,51,94965,Train,2.6,-0.21179,0,0.996429,0,9.18477,2.1852,-1.2784,0.0583,
,52,158455,Train,1.99,0.188225,0,0.996444,0,9.18477,1.9232,-0.2071,0.0687,
,53,161559,Train,1.23,-0.00246,0,0.998385,0,0,0.8622,-1.1437,0.0749,
,54,162076,Train,2.82,-0.21602,8,0.995799,4,0,2.9253,0.3718,0.2823,
,55,171260,Test,1.01,0.176351,0,0.996485,0,0,1.3051,0.9188,0.0769,
,56,200529,Train,1.18,0.15478,0,0.996245,0,0,1.3896,0.6532,0.0791,
,57,205831,Train,0.79,0.19253,0,0.99703,0,4.592385,1.4415,2.0106,0.0609,
,58,207344,Train,2.47,-0.21353,6,0.995175,0,0,2.5881,0.3938,0.1954,
,59,3034829,Train,2.81,-0.124,4,0.99743,2,15.07924,2.8113,0.0042,0.0807,
,60,3066198,Test,2.98,-0.09476,2,0.997655,2,20.32267,2.8611,-0.3694,0.0732,
,61,3079007,Train,2.91,-0.08451,1,0.997512,0,20.32267,2.6373,-0.8474,0.0733,
,62,3079008,Train,2.9,-0.09399,0,0.997512,0,20.32267,2.5355,-1.1349,0.0773,
,63,3079010,Train,2.43,-0.08758,1,0.997512,2,20.32267,2.7908,1.1171,0.0667,
,64,3089902,Test,1.96,-0.01342,4,0.997459,4,2.756748,2.0599,0.3163,0.1074,
,65,4485134,Train,4.62,-0.03042,1,0.995834,0,45.14912,4.7538,0.5284,0.4261,
,66,9588367,Test,3.16,-0.02514,0,0.996473,14,12.73067,3.3502,1.6032,0.8741,
,67,9588691,Train,3.11,-0.00146,0,0.99729,14,12.73067,3.0951,-0.1155,0.8519,
, Total Number of True External Compounds = 1909,,,,,,,,,,,,
,No.,CID,Status,Exp. endpoint,AATSC7i,CATS2D_08_DL,ChiA_X,F06[C-N],P_VSA_charge_10,Predicted Activity,Residual,HAT i/i (h*=0.3529),Prediction Quality (Proportion of Good and Moderate for Total True External Set=94.7%)
,1,6818,True external,-,0.0765453110903591,0,0.996444214385012,0,0,1.3813,-,0.0576,Good
,2,6820,True external,-,0.00584631673521526,4,0.995736310182541,0,0,2.0662,-,0.0988,Good
,3,10603,True external,-,0.0222914974387954,2,0.996374637452446,0,4.5923848830442,1.9592,-,0.0379,Good
,4,11283,True external,-,-0.243152238237526,0,0.996824348925279,5,15.7302842837527,2.9056,-,0.1551,Good
,5,11289,True external,-,-0.248197866233845,0,0.996171316950265,0,15.7302842837527,2.7216,-,0.0966,Good
,6,11799,True external,-,-0.569763479613149,0,0.996288348520746,0,0,1.8432,-,0.2158,Good
,7,17082,True external,-,-0.00288517741722877,0,0.998214385519611,0,0,0.9126,-,0.0664,Good
,8,17159,True external,-,0.0838501651414292,0,0.994587926802131,0,0,1.9218,-,0.1824,Good
,9,19284,True external,-,-0.00840152829916851,0,0.997527610719462,0,0,1.1178,-,0.0442,Good
,10,36655,True external,-,0.0487992858157715,0,0.995923718507138,0,0,1.5521,-,0.0741,Good
,11,36656,True external,-,-0.0364713897098126,0,0.995085033455263,0,0,1.8533,-,0.1245,Good
,12,39179,True external,-,-0.0397951209261065,0,0.997954265003365,0,0,1.0127,-,0.055,Good
,13,43109,True external,-,-0.116300314612746,0,0.99440220249805,0,6.3711499014801,2.5309,-,0.1859,Good
,14,62153,True external,-,-0.0719026785938081,0,0.997184602869475,0,0,1.2594,-,0.0404,Good
,15,67031,True external,-,-0.287361770473001,0,0.997704209953786,0,9.18476976608839,1.8592,-,0.075,Good
,16,69059,True external,-,0.0514785382800902,0,0.997210361368225,0,0,1.1724,-,0.0453,Good
,17,69455,True external,-,0.0895248673983968,0,0.994345425560371,0,0,1.9894,-,0.2102,Good
,18,74411,True external,-,-0.0463955027566461,0,0.996949136099716,0,0,1.3122,-,0.0402,Good
,19,74926,True external,-,0.0798978821760653,0,0.995733192634794,0,9.18476976608839,2.2017,-,0.0786,Good
,20,77007,True external,-,-0.0268807870780456,0,0.997428715148241,0,0,1.1588,-,0.0421,Good
,21,86119,True external,-,0.0860734660803814,0,0.995982895966861,0,0,1.5107,-,0.0764,Good
,22,86297,True external,-,-0.0273322479396844,0,0.997816922590822,0,0,1.045,-,0.0506,Good
,23,87301,True external,-,-0.282298882070478,3,0.996567778112181,0,13.7771546491326,2.8201,-,0.0875,Good
,24,88003,True external,-,-0.00376984612382301,0,0.998052056930485,0,0,0.9608,-,0.0594,Good
,25,88403,True external,-,0.042668032693761,0,0.997975538692005,0,0,0.9534,-,0.0598,Good
,26,89352,True external,-,-0.29638896537137,3,0.995110744491971,0,9.18476976608839,2.9503,-,0.1383,Good
,27,89726,True external,-,0.361725323516791,0,0.994957205840166,0,0,1.6345,-,0.237,Good
,28,92328,True external,-,-0.152154827193825,0,0.994045195443696,0,9.18476976608839,2.8469,-,0.236,Good
,29,92709,True external,-,-0.212335416861479,0,0.993783732814476,0,0,2.3487,-,0.2833,Good
,30,95524,True external,-,0.0384081341485774,0,0.99660609176126,0,0,1.3583,-,0.049,Good
,31,95886,True external,-,0.294733391980049,0,0.994957205840166,1,0,1.7534,-,0.2119,Good
,32,96361,True external,-,-0.020333272240003,0,0.997704209953786,0,0,1.0736,-,0.0476,Good
,33,98024,True external,-,0.0273297152688242,0,0.99702369283704,0,0,1.2428,-,0.0429,Good
,34,100492,True external,-,-0.0570686009587508,0,0.996227502800722,0,28.1345888762248,3.4108,-,0.1603,Good
,35,100578,True external,-,-0.0760723495651734,0,0.997722624330875,0,34.0290601823491,3.3778,-,0.2158,Good
,36,101019,True external,-,0.409828532933036,0,0.994957205840166,0,0,1.6035,-,0.262,Good
,37,101393,True external,-,0.152541169963331,0,0.996352800769545,0,0,1.3593,-,0.0749,Good
,38,101548,True external,-,-0.0323071447377199,0,0.997682486882024,0,0,1.0877,-,0.0469,Good
,39,102723,True external,-,-0.095917136763352,6,0.99741312035283,0,0,1.8549,-,0.1649,Good
,40,102724,True external,-,-0.252397387952545,8,0.997394145106669,0,0,2.1769,-,0.2981,Good
,41,102940,True external,-,0.168724189505351,0,0.996228621696078,0,0,1.3853,-,0.0832,Good
,42,102942,True external,-,-0.407239868750666,8,0.997219515621528,5,10.4868561891685,3.4076,-,0.3363,Good
,43,102991,True external,-,0.00754689769792258,0,0.99769528003112,0,9.18476976608839,1.672,-,0.0362,Good
,44,103247,True external,-,0.346931694771661,0,0.997617802318009,0,28.8563957213453,2.7906,-,0.2222,Good
,45,103942,True external,-,-0.197316970411178,8,0.997609609024417,0,0,2.0782,-,0.3012,Good
,46,104154,True external,-,-0.197183474877073,4,0.997306101357108,0,10.4868561891685,2.4365,-,0.0857,Good
,47,104460,True external,-,-0.150647468411454,0,0.997282464035114,4,23.730459931862,3.1702,-,0.1361,Good
,48,104508,True external,-,0.00921554918388609,6,0.996470642416084,0,27.344862279817,3.8911,-,0.2638,Good
,49,104635,True external,-,0.00863491506122725,0,0.998142661471065,0,0,0.9262,-,0.0638,Good
,50,104913,True external,-,-0.0391629143523603,0,0.997057660230605,0,10.4868561891685,1.9763,-,0.0311,Good
,51,105325,True external,-,-0.193515767643536,6,0.997728038015294,0,0,1.8252,-,0.1842,Good
,52,105380,True external,-,0.480063411446691,0,0.996108303227305,0,28.8563957213453,3.1483,-,0.3155,Good
,53,106126,True external,-,-0.0600217387780122,0,0.99726838758276,0,15.4108141137056,2.2569,-,0.0463,Good
,54,106785,True external,-,-0.248566503160606,12,0.995771662917271,0,1.55073395989728,3.186,-,0.617,Good
,55,106853,True external,-,-0.324058672417985,2,0.996014127349295,0,6.79416205448151,2.4352,-,0.087,Good
,56,108585,True external,-,0.139841976451894,0,0.995881786977353,4,20.9737123783369,3.2104,-,0.1661,Good
,57,108586,True external,-,0.238873516402108,0,0.996263964359841,2,20.9737123783369,2.8828,-,0.1337,Good
,58,108933,True external,-,0.0634363900478558,4,0.997921208451009,0,10.4868561891685,2.0881,-,0.1062,Good
,59,109139,True external,-,-0.156022663213744,6,0.997482011085154,0,29.5074389328853,3.8449,-,0.3028,Good
,60,109327,True external,-,0.0553337784330729,2,0.996961049122733,4,19.6716259552569,3.0765,-,0.0933,Good
,61,109428,True external,-,0.0743970829568873,0,0.996538685762157,0,0,1.355,-,0.0549,Good
,62,110384,True external,-,-0.113697853273037,3,0.995932150016062,7,9.55090960800655,3.1466,-,0.2171,Good
,63,110678,True external,-,0.02282555530086,4,0.99705186768757,0,19.6716259552569,2.9832,-,0.1155,Good
,64,110837,True external,-,-0.615987193906639,0,0.995613155988092,4,33.2034927557905,4.593,-,0.4935,Moderate
,65,110990,True external,-,0.0252090780872102,0,0.996234149048401,0,9.18476976608839,2.0898,-,0.0484,Good
,66,111281,True external,-,-0.163470738852727,0,0.997715194728148,0,13.7771546491326,2.0831,-,0.0571,Good
,67,111358,True external,-,0.162298421599137,0,0.995355850127851,0,0,1.6458,-,0.13,Good
,68,111466,True external,-,0.0204105108706439,2,0.99575396174467,0,13.7771546491326,2.7564,-,0.074,Good
,69,111542,True external,-,-0.231405482116017,4,0.996228488149311,0,10.4868561891685,2.775,-,0.0915,Good
,70,111707,True external,-,0.163605822933734,0,0.9969325834991,0,10.4868561891685,1.8825,-,0.0543,Good
,71,112194,True external,-,0.386587372449781,0,0.996687414212265,0,19.6716259552569,2.4247,-,0.1712,Good
,72,112746,True external,-,0.0364176315240022,0,0.997527610719462,0,0,1.089,-,0.0472,Good
,73,112787,True external,-,-0.0865362997189426,4,0.995903051477052,0,0,2.0767,-,0.0876,Good
,74,112875,True external,-,-0.48925577775554,12,0.996215422635817,0,3.10146791979456,3.3142,-,0.6784,Good
,75,112882,True external,-,-0.188790576542694,4,0.997118038823014,0,10.4868561891685,2.4863,-,0.0809,Good
,76,113415,True external,-,0.0817496016087769,0,0.996541650538148,0,0,1.3494,-,0.0559,Good
,77,113428,True external,-,0.0608884285234258,0,0.997458066089023,0,0,1.0936,-,0.0487,Good
,78,113467,True external,-,-0.202718353168846,0,0.995315913251129,0,9.18476976608839,2.5062,-,0.1145,Good
,79,113491,True external,-,0.0665557142647733,0,0.997294070352831,0,0,1.1382,-,0.0476,Good
,80,113585,True external,-,0.273536933675323,0,0.997146641708321,0,0,1.0482,-,0.0993,Good
,81,114498,True external,-,0.12865010188975,0,0.99739782799202,2,28.8563957213453,3.1474,-,0.1474,Good
,82,114499,True external,-,0.141527545166326,0,0.996961702119084,0,28.8563957213453,3.1156,-,0.1604,Good
,83,115343,True external,-,-0.245176297110291,12,0.996699097723164,0,10.4868561891685,3.5085,-,0.6354,Good
,84,115833,True external,-,-0.0604139492174163,2,0.998156060286959,0,28.8563957213453,3.1105,-,0.1761,Good
,85,117089,True external,-,0.293719001899371,0,0.994491890922855,0,0,1.8149,-,0.2532,Good
,86,117095,True external,-,0.179891245267003,0,0.998387956358282,0,20.9737123783369,2.1453,-,0.1273,Good
,87,117272,True external,-,-0.292882143325625,6,0.99626780100972,0,8.29853254294899,2.8726,-,0.1703,Good
,88,117391,True external,-,-0.379615822123485,4,0.996904736038149,4,13.2436037426935,3.1593,-,0.1504,Good
,89,117608,True external,-,-0.220683276509404,4,0.996552168783355,0,10.4868561891685,2.6731,-,0.0845,Good
,90,117950,True external,-,-0.139210363420285,0,0.9977102655638,0,5.24342809458423,1.4987,-,0.0422,Good
,91,118551,True external,-,0.412510954957645,0,0.996127205707562,0,0,1.2581,-,0.1849,Good
,92,118722,True external,-,-0.338721314749499,12,0.995103531958031,0,1.55073395989728,3.4403,-,0.647,Good
,93,118756,True external,-,-0.366563142008704,12,0.99729443887705,4,1.55073395989728,3.1179,-,0.6366,Good
,94,119169,True external,-,-0.181793626778859,4,0.997895431339371,2,9.83581297762843,2.3616,-,0.0909,Good
,95,119290,True external,-,-0.13225365944308,4,0.993835439992701,0,23.1952518515627,4.2632,-,0.3287,Moderate
,96,120162,True external,-,-0.169061618691961,0,0.997184215653683,2,15.0792410722127,2.4813,-,0.059,Good
,97,121756,True external,-,0.0892763410471506,2,0.99705186768757,0,41.3084844165797,4.1704,-,0.331,Moderate
,98,122038,True external,-,-0.24347036829944,6,0.996535782240715,2,10.4868561891685,3.0599,-,0.1452,Good
,99,123187,True external,-,-0.0464104828814054,0,0.993776537915332,0,0,2.244,-,0.27,Good
,100,123755,True external,-,-0.196206065843102,8,0.996867645071144,0,10.4868561891685,2.9961,-,0.2754,Good
,101,123822,True external,-,-0.286898767680765,10,0.996917955493304,2,10.4868561891685,3.407,-,0.414,Good
,102,123934,True external,-,-0.22362171856543,10,0.997282873513915,8,10.4868561891685,3.7139,-,0.5321,Good
,103,124284,True external,-,0.193534601913589,0,0.997283487829072,0,19.6716259552569,2.3739,-,0.0942,Good
,104,124805,True external,-,-0.686258533765542,6,0.995837218730064,2,10.4868561891685,3.5501,-,0.356,Good
,105,124814,True external,-,-0.00951640704973186,0,0.997991183709563,0,0,0.9824,-,0.0568,Good
,106,126022,True external,-,-0.183888945361106,0,0.996883446362781,1,28.7856320877649,3.4191,-,0.157,Good
,107,126118,True external,-,-0.119590658369233,9,0.994781832538412,0,0,2.9665,-,0.383,Good
,108,126164,True external,-,-0.120455444472915,6,0.997166907812219,4,30.8765508647589,4.3093,-,0.2732,Good
,109,126322,True external,-,-0.134205606468039,11,0.997825435715961,3,10.4868561891685,3.2258,-,0.5274,Good
,110,126346,True external,-,-0.239321573645839,4,0.996952864638721,4,10.4868561891685,2.8706,-,0.1052,Good
,111,126969,True external,-,0.000336371988375034,6,0.993958445591609,0,16.8580060906486,3.934,-,0.3268,Moderate
,112,127143,True external,-,-0.144461203092647,8,0.996253641105837,0,0,2.4424,-,0.2651,Good
,113,127173,True external,-,-0.292950137951215,2,0.993460568264988,0,0,2.7112,-,0.3135,Good
,114,127463,True external,-,-0.0230582244880647,8,0.996347771720885,0,47.0844079863613,5.4826,-,0.6967,Moderate
,115,128664,True external,-,-0.0608583316781788,0,0.993632338522831,0,3.18557495074005,2.5085,-,0.2841,Good
,116,128856,True external,-,-0.200256973631394,0,0.99747860231028,2,15.0792410722127,2.4149,-,0.0665,Good
,117,133747,True external,-,-0.258106340120562,0,0.996374690654826,0,5.24342809458423,1.9675,-,0.0685,Good
,118,136159,True external,-,-0.416595201372456,0,0.995619528834529,0,9.12101806522548,2.5505,-,0.1624,Good
,119,156626,True external,-,0.127577683228576,0,0.996717736355396,0,0,1.2681,-,0.0604,Good
,120,157231,True external,-,-0.0741047639695891,0,0.996329892182567,0,0,1.5119,-,0.0525,Good
,121,157469,True external,-,-0.164987666221488,2,0.996785893935301,0,0,1.6522,-,0.0434,Good
,122,169794,True external,-,0.00827642163331485,0,0.998266484039661,0,0,0.8901,-,0.0694,Good
,123,175037,True external,-,0.00720789217373096,0,0.998555403366384,0,0,0.8059,-,0.0851,Good
,124,175686,True external,-,-0.00343499376746437,0,0.998194939708852,0,0,0.9186,-,0.0655,Good
,125,187106,True external,-,0.158582328118923,0,0.995535640058718,0,4.5923848830442,1.9022,-,0.106,Good
,126,187107,True external,-,0.0204653224030222,0,0.99566796440587,0,0,1.6454,-,0.0853,Good
,127,187108,True external,-,0.17927685822338,0,0.995747215000106,0,0,1.5199,-,0.1088,Good
,128,187109,True external,-,0.157550007307604,2,0.996072683896099,0,0,1.654,-,0.0812,Good
,129,187110,True external,-,0.152425601830502,0,0.99589302187071,0,0,1.4944,-,0.094,Good
,130,221066,True external,-,0.00609483345325574,0,0.995767220730851,0,0,1.6255,-,0.0785,Good
,131,222220,True external,-,-0.176902594093023,0,0.996523649884579,0,0,1.5212,-,0.0569,Good
,132,223408,True external,-,-0.181553455925933,0,0.9961827869952,0,11.7711019965903,2.4108,-,0.0664,Good
,133,226522,True external,-,0.0430587156864938,0,0.997007345439469,0,0,1.2375,-,0.0444,Good
,134,226523,True external,-,-0.0329310411389316,0,0.997358817631011,0,0,1.1832,-,0.0412,Good
,135,226524,True external,-,0.0168248175729262,0,0.99772696111485,0,0,1.043,-,0.0499,Good
,136,226525,True external,-,0.0195449672178538,0,0.99709334677853,0,0,1.2274,-,0.0421,Good
,137,226754,True external,-,-0.126202060585169,0,0.996684301130728,0,0,1.4413,-,0.0472,Good
,138,228533,True external,-,-0.0317180946124574,0,0.997385954090183,0,10.4868561891685,1.8751,-,0.032,Good
,139,235011,True external,-,0.00338523446211615,0,0.994598965179279,7,33.2034927557905,4.7196,-,0.4852,Moderate
,140,235340,True external,-,-0.041199063145365,0,0.995181151026324,2,0,1.9797,-,0.136,Good
,141,237865,True external,-,-0.369755471925743,0,0.997612390052566,0,10.4868561891685,2.0262,-,0.1045,Good
,142,238206,True external,-,-0.242287954324649,0,0.997790853028083,0,10.4868561891685,1.8918,-,0.0668,Good
,143,241295,True external,-,-0.256718233679209,0,0.995743139089249,0,0,1.8018,-,0.1037,Good
,144,241296,True external,-,-0.239812045561148,0,0.996546706093253,0,0,1.5549,-,0.0685,Good
,145,241307,True external,-,-0.0698714362981717,0,0.996875591227229,0,0,1.3489,-,0.0412,Good
,146,241310,True external,-,-0.545175367920451,0,0.996413674233643,0,0,1.7906,-,0.1973,Good
,147,241315,True external,-,-0.197232126111346,0,0.996546706093253,0,9.18476976608839,2.1412,-,0.0522,Good
,148,247591,True external,-,-0.326055413597884,0,0.994721424535935,0,0,2.1465,-,0.2019,Good
,149,247592,True external,-,0.403503606560052,0,0.99393935430176,0,0,1.9065,-,0.3733,Good
,150,249299,True external,-,-0.263630920328063,0,0.997213667577237,0,0,1.3743,-,0.0689,Good
,151,249587,True external,-,-0.106106058845759,0,0.996751197559381,0,9.18476976608839,2.0225,-,0.0354,Good
,152,250502,True external,-,0.0929125094414545,0,0.99658563592231,0,23.5422039931806,2.9023,-,0.1106,Good
,153,250547,True external,-,-0.322082596045387,0,0.995415314168964,0,0,1.9402,-,0.1427,Good
,154,250551,True external,-,-0.22915585744612,0,0.997527610719462,0,9.18476976608839,1.8736,-,0.0556,Good
,155,250555,True external,-,0.0260812589157254,0,0.997975538692005,0,28.8563957213453,2.8921,-,0.1575,Good
,156,251065,True external,-,0.370279673187894,0,0.992164720643999,0,0,2.4491,-,0.6589,Good
,157,251436,True external,-,-0.2170143436937,0,0.995669477132996,0,0,1.7979,-,0.0991,Good
,158,253605,True external,-,-0.055927881852738,0,0.997548027270431,0,9.18476976608839,1.7561,-,0.0328,Good
,159,256605,True external,-,-0.230150199045966,0,0.995144995826583,4,9.18476976608839,2.8773,-,0.1955,Good
,160,256610,True external,-,-0.39441461030566,0,0.996483514781064,0,0,1.673,-,0.1197,Good
,161,257484,True external,-,-0.207623258521101,0,0.997334120620548,0,19.6716259552569,2.6173,-,0.0892,Good
,162,263041,True external,-,-0.298187117937612,0,0.995658610996961,1,2.75674755352504,2.1133,-,0.1175,Good
,163,284612,True external,-,0.163189464821147,0,0.995448207259404,0,0,1.6181,-,0.1236,Good
,164,286191,True external,-,-0.153998924384928,0,0.996798164499423,6,16.0003512962185,2.9497,-,0.1812,Good
,165,302442,True external,-,-0.0121047764331847,0,0.995238775909268,0,0,1.7925,-,0.1128,Good
,166,303184,True external,-,0.0200614506219804,0,0.996814661691018,4,2.32792015631003,1.7677,-,0.1022,Good
,167,313795,True external,-,0.0880408262294429,0,0.997223095263058,0,0,1.1452,-,0.0502,Good
,168,316224,True external,-,0.282204492367894,0,0.993681900416221,0,8.42900304532428,2.6234,-,0.3417,Good
,169,344285,True external,-,0.340543693160391,0,0.993511291303235,0,6.3711499014801,2.4985,-,0.3913,Good
,170,347524,True external,-,-0.104927418072846,0,0.996009240752407,0,0,1.6259,-,0.0665,Good
,171,359018,True external,-,0.100704393961,0,0.995191458443652,0,0,1.7337,-,0.1293,Good
,172,359066,True external,-,-0.255747621061426,0,0.995701168760374,4,0,2.1167,-,0.1803,Good
,173,359096,True external,-,-0.224244080233266,4,0.997753323851168,2,0,1.7735,-,0.1048,Good
,174,392070,True external,-,0.0483168738165553,0,0.995651807814018,6,0,2.0871,-,0.2564,Good
,175,393210,True external,-,-0.212898433757479,0,0.994615698586594,0,0,2.1047,-,0.1834,Good
,176,393458,True external,-,-0.291962723249164,0,0.99712699178582,0,0,1.418,-,0.0764,Good
,177,434362,True external,-,-0.215826555096617,0,0.994896227786122,4,10.5347073873093,3.0313,-,0.2159,Good
,178,434363,True external,-,-0.0516810671816946,0,0.994648805024986,4,10.5347073873093,2.9983,-,0.2229,Good
,179,438021,True external,-,0.0328570041904716,0,0.997694630735866,0,45.7144018119938,4.0967,-,0.4,Moderate
,180,438022,True external,-,0.0362627418734574,0,0.997425408550722,0,40.4709737174096,3.8232,-,0.3046,Moderate
,181,438024,True external,-,0.26076850952073,0,0.992697255716486,0,6.3711499014801,2.7889,-,0.4959,Good
,182,438029,True external,-,0.0820019300363655,0,0.997009832557938,0,26.042775856737,2.9518,-,0.1234,Good
,183,473505,True external,-,-0.0710401436874639,0,0.995585123823892,2,11.1857505988493,2.6277,-,0.0935,Good
,184,517235,True external,-,-0.0434145179476712,0,0.997121035965613,0,10.4868561891685,1.9605,-,0.031,Good
,185,517694,True external,-,0.00863491506122722,0,0.998038730349818,0,0,0.9567,-,0.0595,Good
,186,518169,True external,-,-0.268278428679765,0,0.998319722887572,0,30.1584821444253,3.0675,-,0.2266,Good
,187,518348,True external,-,0.425221754572737,0,0.996864281367388,0,10.4868561891685,1.7342,-,0.1562,Good
,188,518349,True external,-,-0.0649611875716778,0,0.997496410832558,0,10.4868561891685,1.8641,-,0.0341,Good
,189,520474,True external,-,-0.253357846431495,0,0.994381273355506,0,0,2.1996,-,0.2173,Good
,190,521439,True external,-,-0.122056221921286,0,0.996799567167049,0,0,1.4048,-,0.0452,Good
,191,525135,True external,-,-0.033723782507086,0,0.997205125161131,0,0,1.2288,-,0.04,Good
,192,525140,True external,-,-0.0499885617131779,0,0.997428715148241,0,0,1.1736,-,0.042,Good
,193,525141,True external,-,-0.191520493911761,0,0.997917267667587,0,0,1.1213,-,0.0673,Good
,194,525161,True external,-,-0.0938301123566473,0,0.996876825723346,0,0,1.364,-,0.0422,Good
,195,525186,True external,-,-0.0555672503784453,0,0.997321578279417,0,0,1.2087,-,0.0409,Good
,196,525196,True external,-,0.0386529448696488,0,0.997428715148241,0,0,1.1166,-,0.0459,Good
,197,525216,True external,-,0.0420342230425802,0,0.997112633942556,0,0,1.2072,-,0.0441,Good
,198,525243,True external,-,-0.0756368479553644,0,0.997321578279417,0,0,1.2216,-,0.0414,Good
,199,526381,True external,-,0.0208757426380875,0,0.997078085395728,0,0,1.231,-,0.0422,Good
,200,540855,True external,-,-0.186246454159528,0,0.997102831207953,0,10.4868561891685,2.0578,-,0.0453,Good
,201,546283,True external,-,0.119147027315813,0,0.995860991770228,2,5.94232250426508,2.0739,-,0.0896,Good
,202,576148,True external,-,0.110160216897447,0,0.996175351925003,0,0,1.4387,-,0.0722,Good
,203,587601,True external,-,0.170298088019141,0,0.995737293237297,0,0,1.5286,-,0.1069,Good
,204,590809,True external,-,-0.00230620107376647,2,0.998109349373706,0,0,1.1587,-,0.0684,Good
,205,590836,True external,-,-0.00512369540252146,0,0.997954265003365,0,0,0.9904,-,0.0557,Good
,206,590929,True external,-,-0.238515827457075,0,0.996559712646562,0,0,1.5502,-,0.0679,Good
,207,591037,True external,-,0.0799024733371482,0,0.99651740467684,0,16.816045991245,2.4813,-,0.0673,Good
,208,591066,True external,-,-0.00734090091691473,0,0.997619180692815,0,0,1.0902,-,0.046,Good
,209,591200,True external,-,0.244777334741984,0,0.997639536542344,0,0,0.922,-,0.0944,Good
,210,595898,True external,-,0.0127001925297725,0,0.996900501427992,0,0,1.2884,-,0.0425,Good
,211,595985,True external,-,0.191311026122325,0,0.995445677544793,0,5.13347733228232,1.9437,-,0.1201,Good
,212,596027,True external,-,0.178380906342691,0,0.995697451483601,0,0,1.5351,-,0.1114,Good
,213,597395,True external,-,-0.057001583546793,0,0.996588772022098,0,0,1.4249,-,0.0453,Good
,214,600994,True external,-,-0.134189328954449,0,0.995352608453169,0,0,1.8376,-,0.1075,Good
,215,605331,True external,-,0.258625730431513,0,0.99129904995905,0,7.00121306331835,3.2431,-,0.7967,Good
,216,610016,True external,-,0.270540369916616,0,0.995078806256338,0,0,1.6575,-,0.1864,Good
,217,610230,True external,-,0.0606025146132974,0,0.996446051789347,0,0,1.3911,-,0.0554,Good
,218,613589,True external,-,-0.210854463202102,0,0.995444930300719,0,0,1.8599,-,0.1122,Good
,219,616040,True external,-,0.0822312320816703,0,0.994799591843459,0,0,1.8607,-,0.1608,Good
,220,616307,True external,-,0.0301056318191787,0,0.9931916254142,0,3.18557495074005,2.5794,-,0.3564,Good
,221,616676,True external,-,0.137943321996608,0,0.994262556092833,0,0,1.9826,-,0.2296,Good
,222,619528,True external,-,-0.0588006137293716,0,0.993475752124977,0,3.18557495074005,2.5532,-,0.3073,Good
,223,622313,True external,-,0.207179021080743,0,0.996109643156607,0,0,1.3955,-,0.0986,Good
,224,627405,True external,-,-0.160870751548219,0,0.996126906425121,0,0,1.6274,-,0.0671,Good
,225,627581,True external,-,-0.179487887723655,0,0.996423313796598,0,0,1.5523,-,0.0598,Good
,226,628796,True external,-,-0.166863172079984,0,0.996351662089624,0,0,1.5652,-,0.06,Good
,227,628998,True external,-,-0.139485979142336,0,0.99602550382916,0,0,1.6434,-,0.0688,Good
,228,629108,True external,-,-0.152158713717115,0,0.996156258922977,0,0,1.6131,-,0.0648,Good
,229,630009,True external,-,-0.112749390853149,0,0.99639227264222,0,0,1.5185,-,0.0528,Good
,230,632386,True external,-,-0.27602349845806,0,0.994702008814602,0,0,2.12,-,0.1891,Good
,231,633563,True external,-,-0.233142270592507,0,0.997114134859795,0,0,1.3839,-,0.0611,Good
,232,635619,True external,-,-0.224639282705633,0,0.997320273377044,0,0,1.3179,-,0.0604,Good
,233,635788,True external,-,0.096887498663362,0,0.995509796241794,4,5.24342809458423,2.2963,-,0.1606,Good
,234,643292,True external,-,0.0851525607908651,0,0.995009656376616,1,0,1.8729,-,0.1471,Good
,235,688113,True external,-,0.230168179622822,0,0.996173660478009,0,0,1.3619,-,0.1033,Good
,236,745895,True external,-,-0.0104538640298675,0,0.994956447710971,0,8.42900304532428,2.4375,-,0.1283,Good
,237,785004,True external,-,-0.382200159463126,0,0.995177181692063,2,2.32792015631003,2.356,-,0.1951,Good
,238,825803,True external,-,0.114188483068906,0,0.992164720643999,0,0,2.614,-,0.566,Good
,239,825852,True external,-,-0.358438362558477,0,0.994297475746459,0,0,2.2919,-,0.2581,Good
,240,833466,True external,-,-0.167763890210006,4,0.996247835494877,0,0,2.0277,-,0.0825,Good
,241,839326,True external,-,0.00592943386273448,0,0.995814212933956,1,0,1.6876,-,0.0803,Good
,242,988722,True external,-,-0.0698717333208606,4,0.998153516066553,0,20.9737123783369,2.8063,-,0.1567,Good
,243,998505,True external,-,0.224487209725486,0,0.997063410630755,0,0,1.1042,-,0.0824,Good
,244,1007245,True external,-,0.0466627354667523,0,0.99573804532392,3,1.35840123925647,1.9262,-,0.1194,Good
,245,1023789,True external,-,-0.0450949897975627,0,0.996858256926636,8,5.24342809458423,2.2948,-,0.3,Good
,246,1023792,True external,-,0.101746796997754,0,0.996298496976697,9,0,2.0902,-,0.4367,Good
,247,1023804,True external,-,-0.0640041760059648,0,0.996910239438603,10,5.24342809458423,2.4434,-,0.4605,Good
,248,1023805,True external,-,0.0795165033029987,0,0.996347669623153,11,0,2.2416,-,0.6162,Good
,249,1023811,True external,-,-0.0177325589941902,0,0.997171011285037,12,5.24342809458423,2.4886,-,0.654,Good
,250,1023814,True external,-,0.108421516957706,0,0.996609521104392,13,0,2.2977,-,0.8326,Good
,251,1026576,True external,-,0.0731086074020752,1,0.996896729947399,2,22.2579581857588,2.9973,-,0.0813,Good
,252,1042535,True external,-,0.0475432572937375,0,0.997581758570497,4,10.4868561891685,2.0698,-,0.0862,Good
,253,1049920,True external,-,-0.153457872031972,0,0.99660995673808,1,10.4868561891685,2.2572,-,0.0448,Good
,254,1072479,True external,-,-0.0503396446487595,0,0.996715296298601,3,15.7302842837527,2.6619,-,0.07,Good
,255,1072482,True external,-,-0.218902959560952,0,0.997463583788398,2,15.7302842837527,2.4748,-,0.0728,Good
,256,1079161,True external,-,-0.13238801514434,0,0.997659929915193,2,15.7302842837527,2.3614,-,0.0598,Good
,257,1097197,True external,-,-0.0270584385596293,0,0.998304878733857,0,20.9737123783369,2.3029,-,0.1016,Good
,258,1101039,True external,-,0.274802230366595,0,0.996933687186155,0,34.0290601823491,3.3836,-,0.2554,Good
,259,1101042,True external,-,-0.242841089854233,0,0.997516660131575,0,10.4868561891685,1.9727,-,0.0609,Good
,260,1105060,True external,-,-0.0109274862719848,4,0.997865635543472,4,5.51349510705008,2.1232,-,0.1133,Good
,261,1113682,True external,-,0.062195251572361,0,0.995990799491258,9,0,2.206,-,0.4463,Good
,262,1115396,True external,-,0.0235999223460654,0,0.99758737308637,0,20.9737123783369,2.481,-,0.08,Good
,263,1117051,True external,-,0.247465390837136,0,0.996765110507679,2,5.94232250426509,1.7257,-,0.0897,Good
,264,1120442,True external,-,0.0127779219055249,0,0.996892421547679,8,5.24342809458423,2.2475,-,0.3007,Good
,265,1120443,True external,-,-0.0361402389099604,2,0.996633584938044,9,0,2.2962,-,0.3682,Good
,266,1120444,True external,-,-0.068507520863875,0,0.996799686507105,8,5.24342809458423,2.3271,-,0.3019,Good
,267,1125114,True external,-,0.250002352376276,0,0.995963281077544,2,5.94232250426509,1.9596,-,0.119,Good
,268,1126002,True external,-,-0.203701253948343,0,0.99698279281822,4,10.4868561891685,2.4075,-,0.1004,Good
,269,1128197,True external,-,0.108381666374784,0,0.994360950351131,2,11.7711019965903,2.9108,-,0.2208,Good
,270,1128205,True external,-,-0.116709988374564,0,0.99742911359141,2,27.7067791200452,3.2193,-,0.133,Good
,271,1136286,True external,-,0.151123370802536,0,0.995785763196251,6,10.4868561891685,2.6822,-,0.2305,Good
,272,1188209,True external,-,-0.0169963147568819,0,0.9973062508422,0,20.9737123783369,2.5897,-,0.0763,Good
,273,1188218,True external,-,0.116359910069383,1,0.997633051987195,2,15.7302842837527,2.317,-,0.0579,Good
,274,1188223,True external,-,0.189985305741594,0,0.997444990681566,2,15.7302842837527,2.217,-,0.0761,Good
,275,1211350,True external,-,0.0908172327314654,1,0.995141441908023,6,0,2.3175,-,0.2774,Good
,276,1216419,True external,-,0.276480872893732,0,0.997005206873592,0,0,1.0878,-,0.1008,Good
,277,1218924,True external,-,-0.135206972517405,0,0.996837656160794,0,0,1.4021,-,0.0461,Good
,278,1222549,True external,-,0.00928135838695436,4,0.995888708313278,2,0,2.1708,-,0.0941,Good
,279,1252604,True external,-,-0.0172109339617226,0,0.99506260713454,0,0,1.8475,-,0.1269,Good
,280,1253102,True external,-,0.0878813509562207,0,0.995700131983705,4,0,1.8958,-,0.1655,Good
,281,1257309,True external,-,-0.234615310630845,10,0.998234271230211,2,0,2.286,-,0.4842,Good
,282,1260649,True external,-,0.00487971019669021,1,0.995230820045585,6,10.4868561891685,3.0472,-,0.2285,Good
,283,1271548,True external,-,-0.326976257507791,0,0.996667507004716,0,15.7302842837527,2.6266,-,0.106,Good
,284,1271817,True external,-,0.236317510423084,4,0.9962302218065,0,0,1.7727,-,0.139,Good
,285,1279340,True external,-,-0.227995724052099,0,0.99755254242922,2,0,1.4035,-,0.0789,Good
,286,1329508,True external,-,-0.246835552712805,0,0.997560585668535,0,0,1.2616,-,0.0692,Good
,287,1379435,True external,-,-1.05659364224355,0,0.996572005217676,0,20.8921200618158,3.4692,-,0.722,Good
,288,1513129,True external,-,0.0129703859352094,4,0.997072689575593,2,0,1.8207,-,0.079,Good
,289,1729316,True external,-,0.0415425816733803,0,0.997637481391833,2,26.487207485387,2.9748,-,0.1184,Good
,290,1799067,True external,-,0.132288146599445,0,0.997063410630755,0,0,1.1636,-,0.0581,Good
,291,2195128,True external,-,0.17415031753472,0,0.994045195443696,0,23.5422039931806,3.5961,-,0.3282,Good
,292,2245406,True external,-,0.013583947586312,6,0.997596045078428,4,5.51349510705008,2.4023,-,0.1751,Good
,293,2268843,True external,-,-0.303624089715231,0,0.997364949285083,0,13.588324108963,2.2636,-,0.0853,Good
,294,2747938,True external,-,0.132392168585757,0,0.994849668568424,0,0,1.8137,-,0.1655,Good
,295,2747939,True external,-,0.0114218536924252,0,0.997155091066275,0,10.4868561891685,1.9152,-,0.0319,Good
,296,2747940,True external,-,0.0140346752922857,0,0.997642789740628,0,10.4868561891685,1.7702,-,0.037,Good
,297,2747979,True external,-,0.0279923694059021,0,0.997811084797896,0,0,1.0111,-,0.0531,Good
,298,2747997,True external,-,-0.111072091789499,0,0.996704935724821,0,18.3695395321768,2.6529,-,0.0693,Good
,299,2750728,True external,-,0.176313477452001,0,0.995296283284633,0,0,1.6543,-,0.1381,Good
,300,2752593,True external,-,0.236927773929228,0,0.993101158062114,0,16.8580060906486,3.3863,-,0.4436,Good
,301,2752722,True external,-,0.24049119492247,0,0.994877423476507,0,3.18557495074005,1.9488,-,0.1852,Good
,302,2752723,True external,-,0.113868973017403,0,0.995935733307194,0,3.18557495074005,1.7195,-,0.0751,Good
,303,2752910,True external,-,0.0223946050862175,0,0.996712434456835,0,0,1.3374,-,0.0456,Good
,304,2774893,True external,-,-0.18072867636857,0,0.995940112754225,0,10.4868561891685,2.3957,-,0.0739,Good
,305,2831634,True external,-,-0.367569051463992,0,0.996654227421741,4,19.1018192160131,3.1851,-,0.1799,Good
,306,2833016,True external,-,0.0469905352905473,4,0.996859889461884,8,5.51349510705008,2.6845,-,0.2741,Good
,307,2843627,True external,-,-0.627509946401097,0,0.997293971158042,0,16.3634868796345,2.6784,-,0.2672,Good
,308,2847534,True external,-,-0.307247770825316,0,0.996711127780196,0,0,1.55,-,0.0837,Good
,309,3016098,True external,-,0.191982813281575,0,0.995078806256338,1,0,1.7839,-,0.1651,Good
,310,3017576,True external,-,-0.00415534369218482,0,0.997991183709563,0,0,0.9789,-,0.0571,Good
,311,3017990,True external,-,0.00511829462922339,0,0.996453480392485,0,0,1.4246,-,0.05,Good
,312,3020122,True external,-,-0.134559792901956,0,0.997136484721173,1,0,1.3897,-,0.0476,Good
,313,3020636,True external,-,0.0698042708318544,0,0.997155371508009,0,0,1.1768,-,0.0474,Good
,314,3020637,True external,-,0.0665557142647733,0,0.997247133717429,0,0,1.1519,-,0.0473,Good
,315,3020638,True external,-,0.12046371066452,0,0.996791822105976,0,0,1.251,-,0.0579,Good
,316,3020639,True external,-,-0.0744665464496915,0,0.997076374546662,0,0,1.2929,-,0.0403,Good
,317,3020644,True external,-,-0.0397951209261065,0,0.997466818585098,0,0,1.1559,-,0.0425,Good
,318,3020698,True external,-,0.159201461636297,0,0.995969782267546,0,0,1.4675,-,0.0918,Good
,319,3020699,True external,-,0.0705185645458355,0,0.997975538692005,0,0,0.9355,-,0.063,Good
,320,3020871,True external,-,-0.278394348293112,0,0.997078085395728,0,0,1.4237,-,0.0725,Good
,321,3020985,True external,-,0.0314007483623373,0,0.996934098326319,0,0,1.2665,-,0.0437,Good
,322,3020986,True external,-,-0.01400302699685,0,0.997162540942589,0,0,1.2287,-,0.0403,Good
,323,3020987,True external,-,0.0422687514963146,0,0.996770093154418,0,0,1.3077,-,0.0465,Good
,324,3020989,True external,-,0.0601760517189664,0,0.996675137867955,0,0,1.324,-,0.0501,Good
,325,3020990,True external,-,0.0561045729869424,0,0.996870717993369,0,0,1.2692,-,0.0468,Good
,326,3020991,True external,-,0.00712540610007145,0,0.997715331259425,0,0,1.0527,-,0.049,Good
,327,3020992,True external,-,0.106243539371271,0,0.996716984696389,0,0,1.2821,-,0.0564,Good
,328,3023588,True external,-,0.00720789217373096,0,0.998474568049858,0,0,0.8296,-,0.0803,Good
,329,3030010,True external,-,-0.0985826679491506,0,0.994941809123609,2,4.5923848830442,2.3938,-,0.1461,Good
,330,3086393,True external,-,0.00191352089168571,0,0.998156215955002,0,14.4281978606726,1.8906,-,0.0621,Good
,331,3089804,True external,-,-0.613736339626072,0,0.995339220548934,8,0,2.7567,-,0.5957,Good
,332,3092112,True external,-,-0.283332319936676,0,0.996663445078776,2,16.0003512962185,2.7693,-,0.096,Good
,333,3094940,True external,-,0.289760175524792,0,0.99670611693779,3,8.27024266057511,1.9471,-,0.122,Good
,334,3098712,True external,-,-0.0752664158114573,0,0.995688998216128,6,10.4868561891685,2.8564,-,0.2177,Good
,335,3099151,True external,-,0.121266472841107,3,0.996436681025248,3,11.7711019965903,2.6922,-,0.0765,Good
,336,3107739,True external,-,-0.154955974109306,0,0.997667453248565,2,26.487207485387,3.0925,-,0.1304,Good
,337,3112620,True external,-,0.131415116520673,0,0.996934457235598,0,0,1.202,-,0.0586,Good
,338,3116637,True external,-,0.0597167288192496,0,0.996742861687292,0,2.75674755352504,1.4886,-,0.0411,Good
,339,3337258,True external,-,0.197365759678516,0,0.993018503366085,0,8.42900304532428,2.8729,-,0.4185,Good
,340,3530081,True external,-,0.00827015645187823,3,0.995338620900982,0,0,2.0736,-,0.1004,Good
,341,3553937,True external,-,-0.377471979693669,0,0.996641454951041,7,8.27024266057511,2.6989,-,0.3005,Good
,342,3683994,True external,-,-0.0739288186813476,6,0.997032123503511,6,11.0269902141002,3.1443,-,0.2078,Good
,343,3720367,True external,-,-0.10714674225997,0,0.992732583836979,0,13.6724311399085,3.5033,-,0.4507,Good
,344,3736119,True external,-,-0.024567823097616,0,0.997056779564355,0,0,1.2665,-,0.04,Good
,345,3771287,True external,-,0.0499192832303401,2,0.997476654436987,3,9.83581297762843,2.1955,-,0.0509,Good
,346,3775971,True external,-,0.112024673461108,0,0.998146628260289,0,10.4868561891685,1.5592,-,0.0629,Good
,347,3799477,True external,-,-0.714079026492089,0,0.997075199419835,0,16.3634868796345,2.7984,-,0.3331,Good
,348,3897679,True external,-,0.00452186304494719,0,0.997878997242718,0,20.9737123783369,2.4077,-,0.0858,Good
,349,3907486,True external,-,-0.316669567188901,0,0.997190224884371,4,16.0003512962185,2.7877,-,0.1404,Good
,350,3991515,True external,-,-0.571144945077187,0,0.993920248331909,0,0,2.5396,-,0.4078,Good
,351,4051405,True external,-,0.0170803277032941,8,0.997448586634498,4,9.83581297762843,2.9478,-,0.2769,Good
,352,4096515,True external,-,0.00591698211412836,1,0.99778034108549,4,17.8359886257377,2.6372,-,0.0898,Good
,353,4098537,True external,-,-0.298176707855647,0,0.995619770372561,0,9.83581297762843,2.5219,-,0.1189,Good
,354,4111218,True external,-,-0.0426627963653695,0,0.99807309078519,0,15.0792410722127,1.9872,-,0.0612,Good
,355,4113772,True external,-,-0.229363246132279,0,0.996546706093253,0,0,1.5482,-,0.0661,Good
,356,4144032,True external,-,-0.0360843604468192,1,0.99807309078519,0,15.0792410722127,2.0908,-,0.0601,Good
,357,4144932,True external,-,0.121348354106984,4,0.997155424125448,8,16.0003512962185,3.2505,-,0.2744,Good
,358,4149665,True external,-,0.065625808728685,0,0.997581946218988,0,10.4868561891685,1.7549,-,0.04,Good
,359,4153473,True external,-,-0.444344070261138,0,0.997012777772149,8,18.242036130451,3.375,-,0.3931,Good
,360,4158910,True external,-,-0.229393447426563,0,0.998066018709702,0,10.4868561891685,1.8026,-,0.0728,Good
,361,4158912,True external,-,-0.179881503971228,0,0.997672845895093,2,20.9737123783369,2.7386,-,0.0935,Good
,362,4164896,True external,-,0.0216240894891083,2,0.998034058840644,0,0,1.1654,-,0.0667,Good
,363,4169382,True external,-,-0.204551464507271,0,0.997422715566214,0,10.4868561891685,1.9756,-,0.0507,Good
,364,4207890,True external,-,0.28631667045573,3,0.997220559252106,3,15.7302842837527,2.6203,-,0.1296,Good
,365,4219437,True external,-,0.132749819351147,0,0.997080839281353,10,3.82101393084502,2.1715,-,0.4814,Good
,366,4219891,True external,-,-0.0789239810522958,4,0.997423535594321,8,10.4868561891685,2.9323,-,0.2579,Good
,367,4227080,True external,-,-0.256052142911546,0,0.997721017975298,0,15.0792410722127,2.228,-,0.0827,Good
,368,4244670,True external,-,0.182150105851006,0,0.997234921684444,4,10.4868561891685,2.085,-,0.107,Good
,369,4247096,True external,-,-0.086037783300678,4,0.996795162617801,8,10.4868561891685,3.1215,-,0.2551,Good
,370,4247539,True external,-,0.0289103653824285,6,0.99724566895821,8,10.4868561891685,3.1308,-,0.3112,Good
,371,4248130,True external,-,-0.025913814959452,2,0.997197224504258,0,10.4868561891685,2.1425,-,0.0319,Good
,372,4266855,True external,-,0.0629874640917093,0,0.997711730412578,0,0,1.0178,-,0.054,Good
,373,4289294,True external,-,-0.157592951547871,4,0.998146356042251,4,4.28827397215005,2.0533,-,0.1325,Good
,374,4301523,True external,-,-0.0314585690289925,0,0.997673125561881,0,20.9737123783369,2.4913,-,0.0808,Good
,375,4319579,True external,-,0.203293520204245,0,0.996184214074307,4,19.6716259552569,2.9937,-,0.158,Good
,376,4330720,True external,-,0.0299925525475609,2,0.997865635543472,8,5.51349510705008,2.1844,-,0.2742,Good
,377,4335747,True external,-,0.101584303769338,2,0.996752665441124,1,13.2436037426935,2.451,-,0.0454,Good
,378,4349277,True external,-,0.139496624546016,4,0.997374435479088,10,10.4868561891685,2.9577,-,0.4195,Good
,379,4369673,True external,-,-0.0893827596417253,0,0.997280548307957,3,17.8359886257377,2.6617,-,0.0739,Good
,380,4378290,True external,-,-0.413717590451547,0,0.997699245241046,0,10.4868561891685,2.029,-,0.1255,Good
,381,4382470,True external,-,-0.263380341121794,0,0.997871115167614,0,15.0792410722127,2.1886,-,0.0889,Good
,382,4391037,True external,-,-0.4879518407083,0,0.996642031351789,0,19.6716259552569,3.001,-,0.2034,Good
,383,4437886,True external,-,-0.201112893851094,0,0.996649237870384,4,21.5138464032686,3.2406,-,0.1405,Good
,384,4448491,True external,-,-0.054072464960613,4,0.998242430084309,4,4.28827397215005,1.9584,-,0.1332,Good
,385,4495638,True external,-,0.383668471058317,0,0.996977181379572,1,2.75674755352504,1.2871,-,0.141,Good
,386,4496170,True external,-,0.0920669536991051,0,0.997263575975193,1,2.75674755352504,1.3907,-,0.0444,Good
,387,4496171,True external,-,-0.194501285345123,0,0.997978860629181,1,13.2436037426935,2.0658,-,0.0652,Good
,388,4552820,True external,-,-0.202086370351603,0,0.99507630055414,4,9.18476976608839,2.8794,-,0.1957,Good
,389,4575154,True external,-,-0.0522633393796642,0,0.995582131615876,7,0,2.2481,-,0.3166,Good
,390,4575291,True external,-,-0.105475614296048,0,0.997072029002959,4,20.9737123783369,3.0187,-,0.1143,Good
,391,4639090,True external,-,-0.0573965859756325,0,0.994404251782097,5,16.6017463778953,3.555,-,0.3005,Good
,392,4642666,True external,-,-0.188391198408622,0,0.997691402192245,1,10.4868561891685,1.9621,-,0.0502,Good
,393,4660734,True external,-,-0.070995491438995,0,0.998029765628197,0,10.4868561891685,1.7113,-,0.0481,Good
,394,4813404,True external,-,-0.275246296196595,0,0.997370581315786,0,10.4868561891685,2.0364,-,0.0678,Good
,395,4830941,True external,-,0.0223286785172241,0,0.997776935285394,4,10.4868561891685,2.0287,-,0.0877,Good
,396,4831380,True external,-,-0.0119880764890147,0,0.99814693834541,0,10.4868561891685,1.6389,-,0.0517,Good
,397,4831796,True external,-,-0.155720260029907,0,0.997467409307297,0,10.4868561891685,1.931,-,0.0425,Good
,398,4833274,True external,-,-0.135981154785131,0,0.997175279606414,6,10.4868561891685,2.459,-,0.169,Good
,399,4840261,True external,-,0.24162027755336,0,0.997292176318791,0,39.3432519105137,3.6548,-,0.3183,Moderate
,400,4843374,True external,-,-0.074180493392737,0,0.997644125708087,0,10.4868561891685,1.8266,-,0.0372,Good
,401,4847301,True external,-,-0.179948314713043,0,0.997472043079262,4,10.4868561891685,2.2485,-,0.0955,Good
,402,4850048,True external,-,-0.162155694426465,0,0.997124171277728,6,10.4868561891685,2.4908,-,0.1731,Good
,403,4866734,True external,-,-0.0773741707631724,0,0.993505641579177,0,0,2.3435,-,0.3092,Good
,404,4920949,True external,-,0.0159771671935632,0,0.996961049122732,4,19.6716259552569,2.8861,-,0.1051,Good
,405,4961446,True external,-,-0.0504161945856073,4,0.996154227916157,11,0,2.8135,-,0.5455,Good
,406,4979261,True external,-,-0.290025408498325,0,0.997838621265851,2,10.4868561891685,2.0601,-,0.0867,Good
,407,5006700,True external,-,0.13499364345184,2,0.998414527004752,12,19.6716259552569,3.2048,-,0.612,Good
,408,5043461,True external,-,-0.0551365779369704,0,0.998411893057294,0,15.0792410722127,1.8957,-,0.0768,Good
,409,5051480,True external,-,-0.182505674241837,0,0.997838038805887,0,10.4868561891685,1.8394,-,0.055,Good
,410,5078442,True external,-,0.121507124268608,0,0.997069266493103,4,20.9737123783369,2.8734,-,0.1208,Good
,411,5090515,True external,-,-0.265206064910522,0,0.996714371277454,0,10.4868561891685,2.2227,-,0.0671,Good
,412,5112420,True external,-,-0.27112510734534,0,0.997905300162295,2,10.4868561891685,2.0283,-,0.0829,Good
,413,5130496,True external,-,0.0137792913408578,0,0.997867296496439,0,10.4868561891685,1.7045,-,0.0426,Good
,414,5175470,True external,-,-0.100873661237986,0,0.995616741431439,0,10.4868561891685,2.4393,-,0.0823,Good
,415,5247707,True external,-,-0.00992299905595584,0,0.996879178325581,0,9.18476976608839,1.9229,-,0.0308,Good
,416,5255992,True external,-,0.25329867269294,0,0.997209358034908,0,18.3695395321768,2.2702,-,0.1041,Good
,417,5260288,True external,-,0.106373398805732,0,0.995874859561729,0,0,1.5294,-,0.0852,Good
,418,5315567,True external,-,-0.000305604792201869,0,0.995740039449514,0,0,1.6376,-,0.0797,Good
,419,5324246,True external,-,-0.137221675674939,0,0.995829946590468,2,0,1.851,-,0.0961,Good
,420,5378390,True external,-,-0.147822056023235,0,0.994539904852424,0,3.18557495074005,2.2979,-,0.1752,Good
,421,5380110,True external,-,0.114165599997511,0,0.995509796241794,4,5.24342809458423,2.2851,-,0.1636,Good
,422,5387844,True external,-,0.00475071360891637,1,0.994310902942087,9,2.32792015631004,2.9998,-,0.5457,Good
,423,5453480,True external,-,0.0395550404989646,8,0.997172952268929,6,0,2.5088,-,0.3472,Good
,424,6081229,True external,-,0.00475071360891637,1,0.994310902942087,9,2.32792015631004,2.9998,-,0.5457,Good
,425,6217951,True external,-,-0.074180493392737,0,0.997644125708087,0,10.4868561891685,1.8266,-,0.0372,Good
,426,6246242,True external,-,0.13499364345184,2,0.998414527004752,12,19.6716259552569,3.2048,-,0.612,Good
,427,6411707,True external,-,-0.126274990704577,0,0.997846390197636,8,16.0003512962185,2.7756,-,0.2897,Good
,428,6414407,True external,-,0.0234352336689309,0,0.996749718987734,6,4.28827397215005,2.0672,-,0.1841,Good
,429,6415701,True external,-,-0.12612449129536,0,0.997346599977514,6,10.4868561891685,2.4023,-,0.1675,Good
,430,6416228,True external,-,-0.131736993617066,0,0.997773470307708,8,34.2423874266695,4.0194,-,0.393,Moderate
,431,6421084,True external,-,-0.113252695350751,0,0.996831898426912,0,4.5923848830442,1.6965,-,0.0342,Good
,432,6421086,True external,-,-0.0317291147409814,0,0.997299894772068,0,4.5923848830442,1.5066,-,0.0299,Good
,433,6421087,True external,-,-0.058956444448917,0,0.997412399156565,0,4.5923848830442,1.4911,-,0.0312,Good
,434,6421089,True external,-,0.0567475782689717,0,0.997515903190302,0,4.5923848830442,1.3862,-,0.0375,Good
,435,6421090,True external,-,0.0015225254323584,0,0.997611445375291,0,4.5923848830442,1.3937,-,0.035,Good
,436,6421091,True external,-,0.0026917153623031,0,0.997699910361391,0,4.5923848830442,1.3669,-,0.037,Good
,437,6421092,True external,-,0.00417783269831036,0,0.997858537233019,0,4.5923848830442,1.3194,-,0.0414,Good
,438,6421098,True external,-,-0.0827936364340575,0,0.997230055389462,0,5.24342809458423,1.6035,-,0.03,Good
,439,6421099,True external,-,-0.179746939617733,0,0.997136893898608,0,5.24342809458423,1.6932,-,0.0407,Good
,440,6421100,True external,-,-0.251809755786706,0,0.997031104635903,2,9.12101806522548,2.1814,-,0.0657,Good
,441,6421101,True external,-,-0.12228037219519,0,0.996042854276717,0,0,1.6272,-,0.0663,Good
,442,6421102,True external,-,-0.0657466620216365,0,0.99721299571893,0,5.24342809458423,1.5975,-,0.0292,Good
,443,6421388,True external,-,-0.140112000111462,0,0.997093667046794,0,10.4868561891685,2.0308,-,0.0381,Good
,444,6421389,True external,-,-0.233259624026407,0,0.997534132145631,0,5.24342809458423,1.611,-,0.0553,Good
,445,6421402,True external,-,-0.0560235900952365,0,0.996154033862273,2,4.5923848830442,2.0104,-,0.0623,Good
,446,6421406,True external,-,-0.0747709077743002,0,0.996795028218561,2,4.5923848830442,1.8342,-,0.0442,Good
,447,6421407,True external,-,-0.164400635402281,0,0.995993785273201,2,4.5923848830442,2.1272,-,0.0785,Good
,448,6421410,True external,-,-0.192966187479123,0,0.995988517547251,2,4.5923848830442,2.1471,-,0.0834,Good
,449,6421411,True external,-,-0.180507311853114,0,0.996212235290172,2,4.5923848830442,2.0734,-,0.0714,Good
,450,6421416,True external,-,-0.146980021832384,0,0.99581960202421,2,4.5923848830442,2.1671,-,0.0853,Good
,451,6421564,True external,-,-0.0180273395475319,0,0.997722677615172,0,4.5923848830442,1.3736,-,0.0369,Good
,452,6421666,True external,-,-0.183490102562929,0,0.996172760322705,0,5.24342809458423,1.9788,-,0.0595,Good
,453,6421745,True external,-,-0.191520493911761,0,0.996661683569491,0,0,1.49,-,0.0564,Good
,454,6421945,True external,-,-0.0192694556145788,0,0.997716804578724,0,0,1.0693,-,0.0479,Good
,455,6421948,True external,-,0.0772683912266706,0,0.99784891861417,0,0,0.9683,-,0.0597,Good
,456,6421951,True external,-,-0.0998069415815458,0,0.9969960560784,0,0,1.3328,-,0.0418,Good
,457,6421952,True external,-,0.0797734542618196,0,0.997849905499194,0,0,0.9664,-,0.06,Good
,458,6421962,True external,-,0.0810478064371572,0,0.997774743393969,0,0,0.9877,-,0.058,Good
,459,6421963,True external,-,0.0216240073597837,0,0.997001732418812,0,0,1.2529,-,0.0425,Good
,460,6421964,True external,-,0.000909906020771564,0,0.997311148267712,0,0,1.1754,-,0.0418,Good
,461,6421965,True external,-,0.0622961394747175,0,0.997418702337003,0,0,1.1043,-,0.0483,Good
,462,6421966,True external,-,0.024551599207839,0,0.997517983016349,0,0,1.0994,-,0.046,Good
,463,6421968,True external,-,0.283615265067692,0,0.996838767924565,0,0,1.1321,-,0.105,Good
,464,6422007,True external,-,-0.0331351763574012,0,0.997801798800653,0,5.24342809458423,1.4036,-,0.0381,Good
,465,6422113,True external,-,-0.138619305790411,0,0.99605844886887,0,5.24342809458423,1.9835,-,0.0579,Good
,466,6422347,True external,-,0.113416051443215,0,0.997921575315888,0,4.5923848830442,1.2305,-,0.0555,Good
,467,6422370,True external,-,0.0187577024966924,0,0.997918308336293,0,0,0.9856,-,0.0558,Good
,468,6422371,True external,-,0.0187895898206516,0,0.997983361200784,0,0,0.9665,-,0.058,Good
,469,6422372,True external,-,-0.0754264210712641,0,0.997747235504377,0,0,1.0965,-,0.0492,Good
,470,6422373,True external,-,-0.155405522488791,0,0.997107313260682,0,0,1.3359,-,0.0472,Good
,471,6422374,True external,-,0.153202414749481,0,0.996976212797409,0,0,1.1757,-,0.0631,Good
,472,6422384,True external,-,0.110488388741616,0,0.997147027498645,0,0,1.1531,-,0.0538,Good
,473,6422385,True external,-,-0.0145300318754188,0,0.997517983016349,0,0,1.1246,-,0.0438,Good
,474,6422386,True external,-,-0.0467146327767307,0,0.997609909571299,0,0,1.1183,-,0.0452,Good
,475,6422387,True external,-,0.0685607056331819,0,0.997695269943753,0,0,1.019,-,0.0543,Good
,476,6422521,True external,-,-0.252018549996195,0,0.996416145398285,0,5.24342809458423,1.9515,-,0.0658,Good
,477,6422593,True external,-,-0.140059120322889,0,0.995818817329845,0,10.4868561891685,2.4052,-,0.0743,Good
,478,6422897,True external,-,-0.157593920589798,0,0.998121312162054,0,0,1.0395,-,0.0698,Good
,479,6423100,True external,-,-0.258659919872493,0,0.997013799802723,2,14.3644461598097,2.5412,-,0.0776,Good
,480,6423318,True external,-,-0.0462776934523286,0,0.99804256660837,0,0,0.991,-,0.0583,Good
,481,6423322,True external,-,-0.0611557355199506,0,0.997789899854151,0,0,1.0747,-,0.0499,Good
,482,6423323,True external,-,-0.0254312066170349,0,0.997932486960335,0,0,1.0099,-,0.0543,Good
,483,6423324,True external,-,0.0750506778616369,0,0.997997096742824,0,0,0.9262,-,0.0643,Good
,484,6423375,True external,-,-0.0462095974360046,0,0.997926383184065,0,0,1.025,-,0.054,Good
,485,6423376,True external,-,-0.0692879748457742,0,0.997335799152199,0,5.24342809458423,1.5637,-,0.0301,Good
,486,6423377,True external,-,0.0295477301210633,0,0.997857262623534,0,0,0.9966,-,0.0546,Good
,487,6423378,True external,-,0.0229963092412217,0,0.998214385519611,0,0,0.8959,-,0.0679,Good
,488,6423383,True external,-,0.0016486146956662,0,0.997760987131203,0,0,1.0428,-,0.0499,Good
,489,6423384,True external,-,-0.0625646270866721,0,0.997673070903833,0,0,1.11,-,0.0469,Good
,490,6423385,True external,-,-0.00624535492245354,0,0.997636003565754,0,5.24342809458423,1.4349,-,0.0345,Good
,491,6423386,True external,-,0.0324242810352777,0,0.997039776835777,0,10.4868561891685,1.9355,-,0.0334,Good
,492,6423390,True external,-,-0.035254531586655,0,0.997783375127794,0,0,1.06,-,0.0495,Good
,493,6423391,True external,-,-0.0453526401734037,0,0.997527610719462,0,0,1.1416,-,0.0436,Good
,494,6423392,True external,-,-0.147136568022907,0,0.99726838758276,0,0,1.2833,-,0.0468,Good
,495,6423393,True external,-,-0.0574876944044714,0,0.99775617551441,0,0,1.0823,-,0.0489,Good
,496,6423394,True external,-,0.0282119148552886,0,0.997926383184065,0,0,0.9771,-,0.0567,Good
,497,6423395,True external,-,-0.039770551561695,0,0.996938946605048,0,0,1.3109,-,0.0403,Good
,498,6423396,True external,-,0.0344224071001305,0,0.997619180692815,0,0,1.0634,-,0.0488,Good
,499,6423401,True external,-,-0.00545310746975175,0,0.99734632935807,0,5.24342809458423,1.5195,-,0.0301,Good
,500,6423407,True external,-,-0.00895220094964406,0,0.997102727199946,0,0,1.243,-,0.0404,Good
,501,6423408,True external,-,-0.230301449469625,0,0.997141188129788,0,23.4854642250352,2.9434,-,0.1227,Good
,502,6423409,True external,-,-0.0278673325845362,0,0.99747816923419,0,5.24342809458423,1.4952,-,0.0312,Good
,503,6423410,True external,-,-0.0112770319617393,0,0.997051477064522,0,5.24342809458423,1.6099,-,0.029,Good
,504,6423411,True external,-,0.0291269722017575,0,0.996961427442104,0,14.3644461598097,2.2197,-,0.0439,Good
,505,6423412,True external,-,0.0754465741684785,0,0.996894001147063,0,5.24342809458423,1.6003,-,0.0372,Good
,506,6423413,True external,-,-0.0483842000623077,0,0.997551575121674,0,5.24342809458423,1.4869,-,0.0324,Good
,507,6423414,True external,-,0.124343015204263,0,0.997346255951423,0,0,1.0856,-,0.0575,Good
,508,6423422,True external,-,-0.0135063578248685,0,0.99706358197723,0,0,1.2574,-,0.0403,Good
,509,6423424,True external,-,-0.0640693040037126,0,0.997455564816964,0,0,1.1748,-,0.0427,Good
,510,6423425,True external,-,-0.0595327771210635,0,0.997535078416434,0,0,1.1485,-,0.0439,Good
,511,6423426,True external,-,0.0980206512445824,0,0.997736512429155,0,0,0.988,-,0.0596,Good
,512,6423427,True external,-,-0.132947273722299,0,0.997729655062934,0,0,1.1387,-,0.053,Good
,513,6423428,True external,-,-0.107423673526601,0,0.997956689556641,0,0,1.0555,-,0.0577,Good
,514,6423432,True external,-,0.0144886844185663,0,0.997996696121212,0,0,0.9653,-,0.0583,Good
,515,6423434,True external,-,0.0683455398501424,0,0.997849905499194,0,0,0.9738,-,0.0585,Good
,516,6423436,True external,-,0.0336192948882893,0,0.997418702337003,0,0,1.1228,-,0.0453,Good
,517,6423437,True external,-,-0.0752920516258731,0,0.997280086528478,0,0,1.2336,-,0.041,Good
,518,6423438,True external,-,-0.0692730185065416,0,0.997370750310863,0,0,1.2031,-,0.0417,Good
,519,6423439,True external,-,-0.28072368774563,0,0.997213667577237,0,0,1.3853,-,0.0736,Good
,520,6423440,True external,-,-0.144288670175926,0,0.997642334103816,0,0,1.1716,-,0.0522,Good
,521,6423441,True external,-,-0.123221140391909,0,0.997810738810686,0,0,1.1086,-,0.0543,Good
,522,6423442,True external,-,-0.11479328326699,0,0.997886230575835,0,0,1.081,-,0.0559,Good
,523,6423450,True external,-,-0.0221672321432748,0,0.997619180692815,0,0,1.0998,-,0.0456,Good
,524,6423451,True external,-,-0.034930697117765,0,0.99822361575694,0,0,0.9305,-,0.0661,Good
,525,6423453,True external,-,0.0584018587334671,0,0.997490033683538,0,0,1.0859,-,0.0489,Good
,526,6423454,True external,-,-0.0813809143013282,0,0.997383474622675,1,8.00017564810927,1.8175,-,0.03,Good
,527,6423455,True external,-,-0.0943551284340189,0,0.997145499091642,0,5.24342809458423,1.6357,-,0.0305,Good
,528,6423456,True external,-,-0.0803744529732822,0,0.997243930157448,0,5.24342809458423,1.5978,-,0.03,Good
,529,6423466,True external,-,-0.240319839269545,0,0.997338347569113,0,23.4854642250352,2.8919,-,0.1258,Good
,530,6423468,True external,-,0.0321969770081866,0,0.99728225100368,0,5.24342809458423,1.5141,-,0.0318,Good
,531,6423469,True external,-,-0.107802225089599,0,0.996612253311674,0,23.4854642250352,3.0199,-,0.1074,Good
,532,6423471,True external,-,0.0362666289480761,0,0.996517835900008,0,5.24342809458423,1.736,-,0.0396,Good
,533,6423472,True external,-,0.0669920306173652,0,0.996528729216426,0,5.24342809458423,1.713,-,0.0426,Good
,534,6423473,True external,-,0.0332651461310105,0,0.996681583507151,1,8.00017564810927,1.9498,-,0.0352,Good
,535,6423474,True external,-,0.0924380820490991,0,0.996444889912795,0,14.3644461598097,2.3307,-,0.0608,Good
,536,6423480,True external,-,0.0526388727148435,0,0.996949776045685,0,5.24342809458423,1.5986,-,0.034,Good
,537,6423481,True external,-,-0.161291848263385,0,0.997305381684868,0,5.24342809458423,1.6319,-,0.0385,Good
,538,6423482,True external,-,-0.0643359423744872,0,0.99746513146526,0,0,1.1722,-,0.0428,Good
,539,6423483,True external,-,-0.0429819004327158,0,0.997763351292876,0,0,1.0708,-,0.0489,Good
,540,6423484,True external,-,-0.09758268834579,0,0.997130357527316,0,5.24342809458423,1.6423,-,0.0307,Good
,541,6423485,True external,-,-0.0833668628544769,0,0.997067885461369,0,5.24342809458423,1.6515,-,0.0299,Good
,542,6423486,True external,-,0.0374783630026054,0,0.997587877484509,0,5.24342809458423,1.4209,-,0.0361,Good
,543,6423487,True external,-,-0.188219702043736,0,0.996970997510882,0,5.24342809458423,1.7474,-,0.0425,Good
,544,6423488,True external,-,-0.0239951983435939,0,0.997431931636841,0,5.24342809458423,1.5063,-,0.0306,Good
,545,6423492,True external,-,0.0544643238771592,0,0.997411234172573,0,5.24342809458423,1.4619,-,0.0351,Good
,546,6423495,True external,-,-0.0931989057917762,0,0.997293249609664,1,8.00017564810927,1.8516,-,0.0301,Good
,547,6423496,True external,-,0.0373307237699824,0,0.997510067080783,0,5.24342809458423,1.4439,-,0.0347,Good
,548,6423497,True external,-,-0.0741813293268978,0,0.997571570373664,0,5.24342809458423,1.4976,-,0.0336,Good
,549,6423501,True external,-,-0.0572698692231952,0,0.997210033599948,0,0,1.2426,-,0.0401,Good
,550,6423503,True external,-,-0.0402232761203047,0,0.997956689556641,0,5.24342809458423,1.3626,-,0.043,Good
,551,6423504,True external,-,-0.0352466037037469,0,0.998022602796749,0,5.24342809458423,1.3401,-,0.0453,Good
,552,6423505,True external,-,-0.031107503467909,0,0.998084396459351,0,5.24342809458423,1.3193,-,0.0477,Good
,553,6423506,True external,-,-0.326655437804106,0,0.997265987796627,0,0,1.3996,-,0.0881,Good
,554,6423510,True external,-,-0.0321168535384138,0,0.997431931636842,0,5.24342809458423,1.5115,-,0.0305,Good
,555,6423515,True external,-,-0.027459528152547,0,0.997639579099017,0,0,1.0972,-,0.0459,Good
,556,6423516,True external,-,-0.118969792650403,0,0.997134063527939,0,0,1.3046,-,0.0432,Good
,557,6423517,True external,-,0.0635341842655301,0,0.997991183709563,0,0,0.9354,-,0.0626,Good
,558,6423518,True external,-,0.0158746461825045,0,0.997917342611585,0,0,0.9877,-,0.0555,Good
,559,6423519,True external,-,-0.0808445077239997,0,0.997393717124171,0,0,1.2038,-,0.0424,Good
,560,6423520,True external,-,-0.100411376002575,0,0.996804503428758,0,5.24342809458423,1.7398,-,0.033,Good
,561,6423524,True external,-,-0.165417978859259,0,0.996970997510882,0,5.24342809458423,1.7327,-,0.0387,Good
,562,6423528,True external,-,-0.0182333257208572,0,0.997574104618201,0,0,1.1105,-,0.0447,Good
,563,6423529,True external,-,-0.0415408350701486,0,0.998051707604386,0,0,0.9852,-,0.0586,Good
,564,6423530,True external,-,-0.180848048714721,0,0.996773972368476,0,0,1.4502,-,0.0529,Good
,565,6423531,True external,-,0.0340934376861498,0,0.997243288553724,0,5.24342809458423,1.5243,-,0.0318,Good
,566,6423532,True external,-,-0.0444692259687855,0,0.997156781455074,0,5.24342809458423,1.6003,-,0.0286,Good
,567,6423533,True external,-,-0.0170054479479332,0,0.997156781455074,0,5.24342809458423,1.5826,-,0.0288,Good
,568,6423534,True external,-,-0.0768236901414031,0,0.997210033599948,0,5.24342809458423,1.6055,-,0.0296,Good
,569,6423538,True external,-,-0.257117818728809,0,0.997429894046621,0,5.24342809458423,1.657,-,0.0596,Good
,570,6423539,True external,-,-0.0104379293830859,0,0.997254823473865,0,5.24342809458423,1.5496,-,0.0293,Good
,571,6423540,True external,-,-0.077219462907325,0,0.997015437657056,0,0,1.3126,-,0.0405,Good
,572,6423543,True external,-,0.127855482623145,0,0.997040054715048,0,0,1.1733,-,0.0573,Good
,573,6423548,True external,-,-0.180217106086445,0,0.996980146786799,0,4.5923848830442,1.6961,-,0.0416,Good
,574,6423549,True external,-,-0.117797282393262,0,0.996785893935301,0,4.5923848830442,1.7129,-,0.0352,Good
,575,6423550,True external,-,-0.0138423646251165,0,0.997078085395728,0,4.5923848830442,1.5602,-,0.0296,Good
,576,6423551,True external,-,-0.0682280296048324,0,0.997205125161131,0,4.5923848830442,1.5579,-,0.0299,Good
,577,6423552,True external,-,-0.0620260867831828,0,0.997321578279417,0,4.5923848830442,1.5197,-,0.0304,Good
,578,6423561,True external,-,0.0947179276044968,0,0.99692165690365,0,0,1.2294,-,0.0518,Good
,579,6423562,True external,-,-0.0826784427228386,0,0.997179427019738,0,0,1.2679,-,0.0408,Good
,580,6423563,True external,-,-0.166843497985148,0,0.997144223381977,0,4.5923848830442,1.6393,-,0.0391,Good
,581,6423564,True external,-,-0.0524601147080103,0,0.997527610719462,0,4.5923848830442,1.453,-,0.0328,Good
,582,6423570,True external,-,-0.10520320321808,0,0.99712394932076,0,16.3634868796345,2.392,-,0.0536,Good
,583,6423572,True external,-,-0.012444430660771,0,0.996858645720174,0,4.5923848830442,1.6237,-,0.031,Good
,584,6423574,True external,-,0.136752012732987,0,0.99726838758276,0,4.5923848830442,1.4074,-,0.0476,Good
,585,6423575,True external,-,-0.0112753440915531,0,0.997193236734926,0,4.5923848830442,1.5247,-,0.0297,Good
,586,6423576,True external,-,-0.00873449099462062,0,0.99733165000439,0,4.5923848830442,1.4824,-,0.0306,Good
,587,6423577,True external,-,-0.00960216964230394,0,0.996460273769004,0,4.5923848830442,1.7389,-,0.0389,Good
,588,6423578,True external,-,-0.155658034009078,0,0.99754802727043,0,0,1.2066,-,0.0516,Good
,589,6423585,True external,-,-0.166174208124269,0,0.997728873896577,0,5.24342809458423,1.5106,-,0.0464,Good
,590,6423586,True external,-,-0.141181640246829,0,0.997313056333079,0,0,1.2663,-,0.0465,Good
,591,6423587,True external,-,-0.176393075601293,0,0.997370109350366,0,0,1.2722,-,0.0519,Good
,592,6423588,True external,-,-0.245205462350727,0,0.99669623358823,0,0,1.5145,-,0.0669,Good
,593,6423589,True external,-,-0.163025339977085,0,0.997043380829174,0,14.3644461598097,2.3194,-,0.0528,Good
,594,6423590,True external,-,0.0430176957697332,0,0.99679322023448,0,0,1.3004,-,0.0463,Good
,595,6423591,True external,-,-0.0216528079276906,0,0.997429879970771,0,0,1.1551,-,0.0423,Good
,596,6423592,True external,-,-0.0614765442084498,0,0.99763548957311,0,0,1.1203,-,0.046,Good
,597,6423600,True external,-,-0.388472445373496,0,0.997230055389461,0,23.4854642250352,3.0191,-,0.1783,Good
,598,6423601,True external,-,-0.231939918606249,0,0.997284207381555,1,8.00017564810927,1.9436,-,0.0515,Good
,599,6423602,True external,-,-0.162150854620402,0,0.997136893898608,0,5.24342809458423,1.6819,-,0.0379,Good
,600,6423603,True external,-,-0.236734907542953,0,0.997136893898608,0,5.24342809458423,1.7299,-,0.0523,Good
,601,6423604,True external,-,-0.316181326929955,0,0.997156145905892,2,9.12101806522548,2.1861,-,0.0846,Good
,602,6423605,True external,-,-0.056850865668453,0,0.997196491842403,0,0,1.2463,-,0.04,Good
,603,6423606,True external,-,-0.0343070504632469,0,0.998254803177874,0,0,0.9209,-,0.0676,Good
,604,6423611,True external,-,-0.222213502752802,0,0.99724854551349,1,8.00017564810927,1.9478,-,0.0491,Good
,605,6423614,True external,-,-0.15366071692975,0,0.997427895850182,0,0,1.2406,-,0.0494,Good
,606,6423617,True external,-,0.0925923168708642,0,0.997303444938883,0,0,1.1186,-,0.0514,Good
,607,6423618,True external,-,-0.211855735170331,0,0.997158690111387,0,5.24342809458423,1.7075,-,0.0468,Good
,608,6423619,True external,-,-0.397800751797054,0,0.997195078340805,0,23.4854642250352,3.0354,-,0.1824,Good
,609,6423620,True external,-,-0.225934974984035,0,0.997534132145631,0,5.24342809458423,1.6063,-,0.0536,Good
,610,6423632,True external,-,-0.0324979290958407,0,0.997232484043393,0,0,1.22,-,0.0402,Good
,611,6423634,True external,-,-0.169686187116415,0,0.996922936588126,0,0,1.3993,-,0.0497,Good
,612,6423635,True external,-,-0.0704032417412362,0,0.997373443168241,0,5.24342809458423,1.5534,-,0.0305,Good
,613,6423636,True external,-,-0.139143868643598,0,0.997680767269216,0,5.24342809458423,1.5074,-,0.0415,Good
,614,6423637,True external,-,-0.181062337785151,0,0.997320816883338,0,0,1.2897,-,0.0521,Good
,615,6423638,True external,-,-0.116315243052501,0,0.996051227407718,0,0,1.6209,-,0.0654,Good
,616,6423646,True external,-,-0.0156948184736642,0,0.997663799782317,0,0,1.0825,-,0.0468,Good
,617,6423647,True external,-,-0.178007016800648,0,0.997022213270129,0,0,1.3755,-,0.0506,Good
,618,6423648,True external,-,-0.136069496037671,0,0.996956609709153,0,0,1.3677,-,0.0452,Good
,619,6423649,True external,-,-0.0969298321896983,0,0.99673247630344,0,0,1.4084,-,0.0442,Good
,620,6423654,True external,-,-0.0102371905315993,0,0.997574276532813,0,4.5923848830442,1.4121,-,0.0338,Good
,621,6423656,True external,-,0.0433079354044988,0,0.996956417822209,0,0,1.2523,-,0.0447,Good
,622,6423661,True external,-,-0.334565306745202,0,0.996403995160742,0,5.24342809458423,2.0082,-,0.091,Good
,623,6423664,True external,-,0.0255327748691317,0,0.997221614524505,0,0,1.1858,-,0.0428,Good
,624,6423665,True external,-,0.025797505758821,0,0.997317420920212,0,0,1.1575,-,0.0435,Good
,625,6423666,True external,-,0.0258137938070633,0,0.997406840222871,0,0,1.1313,-,0.0444,Good
,626,6423668,True external,-,0.0253867831556952,0,0.997568912708942,0,0,1.0839,-,0.047,Good
,627,6423669,True external,-,-0.0617145541008779,0,0.997043610548644,0,0,1.2943,-,0.04,Good
,628,6423670,True external,-,-0.0045318994178238,0,0.996888208267446,0,0,1.3031,-,0.0416,Good
,629,6423679,True external,-,-0.127793439777417,0,0.997736146469303,0,5.24342809458423,1.4838,-,0.0415,Good
,630,6423681,True external,-,-0.107389662587533,0,0.997329985579091,0,5.24342809458423,1.5899,-,0.0324,Good
,631,6423682,True external,-,-0.0489363517839043,0,0.997329985579091,0,5.24342809458423,1.5523,-,0.0295,Good
,632,6423683,True external,-,-0.103187569340372,0,0.997629421587801,0,5.24342809458423,1.4993,-,0.0366,Good
,633,6423684,True external,-,-0.0978558742596543,0,0.997160136318396,0,0,1.2833,-,0.0416,Good
,634,6423693,True external,-,-0.230570744484089,0,0.996714960120808,0,5.24342809458423,1.8499,-,0.0539,Good
,635,6423694,True external,-,-0.299266958812235,0,0.996444032272476,0,5.24342809458423,1.9737,-,0.0782,Good
,636,6423695,True external,-,-0.290010570277458,0,0.997320507970066,0,5.24342809458423,1.7103,-,0.0676,Good
,637,6423696,True external,-,-0.0599790885936211,0,0.998022602796749,0,5.24342809458423,1.356,-,0.0457,Good
,638,6423697,True external,-,-0.0177840694012079,0,0.997857628231465,0,5.24342809458423,1.3773,-,0.0399,Good
,639,6423698,True external,-,-0.0471095750480286,0,0.997695574059327,0,0,1.0934,-,0.0472,Good
,640,6423703,True external,-,0.0487843552614407,0,0.997774743393968,0,0,1.0084,-,0.054,Good
,641,6423707,True external,-,0.135599981715967,0,0.997048649136529,0,0,1.1658,-,0.0589,Good
,642,6423708,True external,-,0.0689267723652845,0,0.997176521131952,0,0,1.1712,-,0.0473,Good
,643,6423709,True external,-,0.0227888440692657,0,0.997281094423361,0,0,1.1701,-,0.043,Good
,644,6423710,True external,-,0.0205325609405876,0,0.997468605152785,0,0,1.1165,-,0.0449,Good
,645,6423711,True external,-,0.0171207830897706,0,0.997775440891841,0,0,1.0286,-,0.0512,Good
,646,6423712,True external,-,0.0216034274401001,0,0.997378198193956,0,0,1.1424,-,0.0438,Good
,647,6423717,True external,-,0.0224211085128204,0,0.997293249609664,0,5.24342809458423,1.5172,-,0.0311,Good
,648,6423718,True external,-,0.0247448237942277,0,0.997383474622675,0,5.24342809458423,1.4892,-,0.0321,Good
,649,6423720,True external,-,-0.448211988753806,0,0.99661709049582,0,5.24342809458423,2.0187,-,0.1334,Good
,650,6423726,True external,-,0.0767353481051935,0,0.997116816700869,0,9.83581297762843,1.8409,-,0.0367,Good
,651,6423729,True external,-,-0.079053030005563,0,0.997168782261493,0,9.83581297762843,1.9259,-,0.0312,Good
,652,6423730,True external,-,-0.0552400462464291,0,0.99709274958075,0,5.24342809458423,1.626,-,0.0287,Good
,653,6423731,True external,-,-0.0293499288563436,0,0.99734632935807,0,5.24342809458423,1.5349,-,0.0296,Good
,654,6423732,True external,-,-0.3211923859001,0,0.997252027948542,0,17.0145300911745,2.537,-,0.106,Good
,655,6423733,True external,-,0.131287773376792,0,0.996612253311674,0,5.24342809458423,1.6471,-,0.0512,Good
,656,6423734,True external,-,0.0684839040310686,0,0.996528729216426,0,5.24342809458423,1.712,-,0.0428,Good
,657,6423735,True external,-,-0.094470863717756,0,0.996980866149355,0,0,1.3338,-,0.0415,Good
,658,6423740,True external,-,0.0926389128565638,0,0.996517835900009,0,10.4868561891685,2.05,-,0.0485,Good
,659,6423743,True external,-,0.0810358531752987,0,0.997345171725891,0,4.5923848830442,1.4207,-,0.0385,Good
,660,6423746,True external,-,-0.35632732695965,0,0.996779375859035,0,17.0145300911745,2.6984,-,0.1217,Good
,661,6423748,True external,-,-0.28783909242718,0,0.997320507970066,0,0,1.3585,-,0.0765,Good
,662,6423754,True external,-,-0.444221302779649,0,0.997349817410624,0,23.4854642250352,3.0198,-,0.2056,Good
,663,6423755,True external,-,-0.180977539525079,0,0.997802500151424,0,0,1.1482,-,0.0617,Good
,664,6423756,True external,-,-0.117069674858914,0,0.997878276008272,0,0,1.0848,-,0.0559,Good
,665,6423757,True external,-,-0.135265549002364,0,0.997949000141329,0,0,1.0757,-,0.0602,Good
,666,6423773,True external,-,0.166074318264652,0,0.997926793837841,0,0,0.8883,-,0.0792,Good
,667,6423774,True external,-,0.213138995547161,0,0.99780146941752,0,0,0.8948,-,0.0882,Good
,668,6423775,True external,-,0.184128962499232,0,0.997870173498222,0,0,0.8933,-,0.082,Good
,669,6423776,True external,-,0.256807805379731,0,0.997934713695246,0,0,0.8275,-,0.1066,Good
,670,6423777,True external,-,0.20103706325814,0,0.997995457410092,0,0,0.8456,-,0.0909,Good
,671,6423778,True external,-,-0.36287861504647,0,0.996276367841892,2,0,1.8651,-,0.1305,Good
,672,6423779,True external,-,-0.341386643904046,0,0.996361838171317,2,9.12101806522548,2.4356,-,0.1069,Good
,673,6423780,True external,-,-0.288605616921964,0,0.995907143295597,0,23.4854642250352,3.3434,-,0.1735,Good
,674,6423785,True external,-,-0.161814082164098,0,0.997601894264606,0,5.24342809458423,1.5451,-,0.0428,Good
,675,6423788,True external,-,-0.000676820195594301,0,0.997708644592871,0,5.24342809458423,1.41,-,0.0363,Good
,676,6423789,True external,-,0.0579460235317973,0,0.99749213310468,0,5.24342809458423,1.4359,-,0.0365,Good
,677,6423792,True external,-,0.0312081742735444,0,0.998114914581482,0,0,0.9198,-,0.0642,Good
,678,6423800,True external,-,-0.0390042085370128,0,0.99734632935807,0,5.24342809458423,1.5411,-,0.0296,Good
,679,6423801,True external,-,-0.0128037295281322,0,0.997265284697893,0,14.3644461598097,2.1575,-,0.0415,Good
,680,6423802,True external,-,-0.0042100651195749,0,0.997704209953786,0,4.5923848830442,1.3701,-,0.0368,Good
,681,6423803,True external,-,0.0711940493495715,0,0.997783375127794,0,4.5923848830442,1.2983,-,0.045,Good
,682,6423804,True external,-,0.0285068810481169,0,0.997926383184065,0,4.5923848830442,1.2838,-,0.045,Good
,683,6423805,True external,-,0.0272989113710988,0,0.997991183709563,0,4.5923848830442,1.2655,-,0.0472,Good
,684,6423806,True external,-,-0.093672639599638,0,0.997094866583405,0,0,1.2998,-,0.0412,Good
,685,6423807,True external,-,-0.00670355213689496,0,0.997202464117353,0,0,1.2122,-,0.0407,Good
,686,6423813,True external,-,-0.157672216083769,0,0.997548027467969,0,0,1.2079,-,0.0519,Good
,687,6423815,True external,-,-0.072221082018313,0,0.997483455655666,0,0,1.1719,-,0.0434,Good
,688,6423817,True external,-,-0.173685858696911,0,0.997445861945801,0,0,1.2482,-,0.0525,Good
,689,6423818,True external,-,-0.0592954559523772,0,0.997460892718773,0,5.24342809458423,1.5205,-,0.0312,Good
,690,6423819,True external,-,-0.20351806575488,0,0.997510067080783,0,23.4854642250352,2.8178,-,0.1184,Good
,691,6423820,True external,-,-0.10456493146127,0,0.996069904874663,0,0,1.6079,-,0.0638,Good
,692,6423821,True external,-,-0.167276929262493,0,0.995765857630584,0,0,1.7375,-,0.0852,Good
,693,6423828,True external,-,-0.0232428787513631,0,0.997763071693925,0,4.5923848830442,1.3651,-,0.0378,Good
,694,6423829,True external,-,-0.0302074246916338,0,0.997563436489308,0,0,1.1213,-,0.0443,Good
,695,6423830,True external,-,0.0604696202905961,0,0.998052056930485,0,0,0.9194,-,0.0646,Good
,696,6423831,True external,-,-0.00536490953163067,0,0.997529365110293,0,0,1.1154,-,0.0444,Good
,697,6423832,True external,-,0.00319410502315692,0,0.997828836006015,0,0,1.0219,-,0.0519,Good
,698,6423833,True external,-,-0.120175180993782,0,0.997185106634654,0,0,1.2904,-,0.0434,Good
,699,6423834,True external,-,-0.0371006707216329,0,0.997395397626501,0,0,1.1751,-,0.0416,Good
,700,6423835,True external,-,-0.0333890448530065,0,0.997482217705618,0,0,1.1472,-,0.0428,Good
,701,6423840,True external,-,0.00850381456820908,0,0.996822733549626,0,0,1.314,-,0.043,Good
,702,6423843,True external,-,-0.000232912444719955,0,0.997688760909629,0,0,1.0652,-,0.048,Good
,703,6423844,True external,-,0.015458009419742,0,0.997619180692815,0,4.5923848830442,1.3824,-,0.0359,Good
,704,6423845,True external,-,0.0261837819187639,0,0.998052056930485,0,4.5923848830442,1.2484,-,0.0494,Good
,705,6423846,True external,-,-0.322948077383039,0,0.996550214528406,0,0,1.6074,-,0.0917,Good
,706,6423847,True external,-,0.0251518644604126,0,0.998109349373706,0,4.5923848830442,1.2322,-,0.0516,Good
,707,6423848,True external,-,-0.152159912252965,0,0.996756157429972,0,0,1.437,-,0.049,Good
,708,6423849,True external,-,0.014739821867715,0,0.997704209953786,0,0,1.0511,-,0.0492,Good
,709,6423853,True external,-,-0.0264991238269843,0,0.995956206335888,0,0,1.591,-,0.0673,Good
,710,6423854,True external,-,-0.0761057409451912,0,0.996978661246741,0,0,1.3226,-,0.0407,Good
,711,6423856,True external,-,-0.0365936722444404,0,0.997244291853788,0,0,1.2192,-,0.0402,Good
,712,6423857,True external,-,-0.221969546527543,0,0.996821207143999,0,0,1.4628,-,0.06,Good
,713,6423858,True external,-,-0.0830734192956281,0,0.997205125161131,0,0,1.2606,-,0.0409,Good
,714,6452193,True external,-,-0.179722031459114,0,0.997838038805887,0,19.6716259552569,2.4513,-,0.092,Good
,715,6452991,True external,-,-0.202599167565364,5,0.9966353342521,0,1.55073395989728,2.1478,-,0.1104,Good
,716,6481347,True external,-,-0.336473790527287,0,0.998106714549324,0,37.9136620857078,3.6922,-,0.3478,Moderate
,717,6481348,True external,-,-0.109931740767975,0,0.997649635023958,0,25.1851210623069,2.8301,-,0.1192,Good
,718,6481349,True external,-,-0.213670589690773,2,0.997774387315052,0,9.83581297762843,2.0504,-,0.0597,Good
,719,6610700,True external,-,-0.0774433177855955,0,0.99708383966002,0,20.9737123783369,2.694,-,0.0784,Good
,720,6612430,True external,-,-0.138769230945054,4,0.996111280984973,0,0,2.0491,-,0.0832,Good
,721,8868302,True external,-,-0.140171432446814,0,0.996438002735842,6,10.4868561891685,2.6782,-,0.1847,Good
,722,9809359,True external,-,0.0422471235310518,0,0.997368354518255,5,28.7856320877649,3.4344,-,0.1935,Good
,723,9851621,True external,-,0.0317483294378717,0,0.997543871007142,6,28.7856320877649,3.4654,-,0.2309,Good
,724,9871871,True external,-,0.145721023718024,0,0.99728875286189,5,28.7856320877649,3.3911,-,0.2059,Good
,725,9872605,True external,-,0.039599954747131,0,0.997368354518255,5,28.7856320877649,3.4361,-,0.1934,Good
,726,9872651,True external,-,0.0237793421655039,0,0.997935426404371,5,34.0290601823491,3.63,-,0.2505,Good
,727,9873218,True external,-,0.373263545744004,0,0.996982648372464,2,10.4868561891685,1.8845,-,0.1347,Good
,728,9894136,True external,-,0.0516268873656094,0,0.997589290380687,5,28.7856320877649,3.3634,-,0.195,Good
,729,9894922,True external,-,0.0744509390312097,0,0.99789916474218,6,28.7856320877649,3.3335,-,0.2383,Good
,730,9895172,True external,-,-0.0482129358133873,0,0.997383123326648,6,28.7856320877649,3.5641,-,0.2308,Good
,731,9904141,True external,-,0.0401597722849767,2,0.997267573557179,0,5.24342809458423,1.729,-,0.0344,Good
,732,9938599,True external,-,0.0611218949876111,0,0.997543871007142,8,28.7856320877649,3.5981,-,0.3352,Good
,733,9940349,True external,-,-0.294791472198225,0,0.99539584733047,0,0,1.9283,-,0.1357,Good
,734,9959594,True external,-,0.0144721675667043,0,0.997163242680092,5,28.7856320877649,3.5125,-,0.1934,Good
,735,9959875,True external,-,-0.0426132066968291,0,0.997197444354433,5,28.7856320877649,3.5392,-,0.1937,Good
,736,9960000,True external,-,-0.0419271538446635,0,0.997135165340087,5,28.7856320877649,3.557,-,0.1942,Good
,737,9960568,True external,-,-0.0228687365768952,0,0.997383123326648,8,28.7856320877649,3.6994,-,0.3329,Moderate
,738,9960772,True external,-,-0.252541503135679,4,0.997552797249851,2,20.9737123783369,3.252,-,0.1348,Good
,739,10000686,True external,-,-0.469926106589016,4,0.994538336775257,0,0,2.7243,-,0.2593,Good
,740,10000703,True external,-,-0.160612349348743,0,0.996496510685604,0,33.3780169708091,3.7488,-,0.2259,Good
,741,10000814,True external,-,-0.221003915164525,10,0.995975057762361,0,8.42900304532428,3.3524,-,0.4245,Good
,742,10000986,True external,-,-0.308329521965103,2,0.996619613215661,1,0,1.8691,-,0.0736,Good
,743,10002873,True external,-,-0.129096802128526,8,0.996766270845729,2,9.83581297762843,3.0907,-,0.2411,Good
,744,10004535,True external,-,-0.274214026971797,0,0.996460532752035,4,10.4868561891685,2.6063,-,0.129,Good
,745,10004823,True external,-,-0.145953088610128,0,0.996856990478167,0,30.192442020069,3.4207,-,0.175,Good
,746,10010734,True external,-,-0.0778231969578081,0,0.996498420474115,3,17.8359886257377,2.8839,-,0.0852,Good
,747,10017330,True external,-,-0.110674774240726,0,0.995998044299498,0,10.4868561891685,2.3336,-,0.0619,Good
,748,10017560,True external,-,-0.0319739156275616,0,0.995740097246473,0,34.0290601823491,3.9317,-,0.2565,Good
,749,10018920,True external,-,-0.290144438370684,12,0.997943790056424,0,0,2.4712,-,0.7046,Good
,750,10020127,True external,-,-0.376372973816967,6,0.996845168199962,0,0,2.2023,-,0.197,Good
,751,10020498,True external,-,-0.165150915419441,2,0.997590418933894,15,51.2662455403493,5.9785,-,1.1783,Good
,752,10021221,True external,-,0.0046511469510877,3,0.99586756129674,4,13.6724311399085,3.1373,-,0.1035,Good
,753,10021329,True external,-,-0.163203047982442,10,0.996889254511937,0,0,2.4835,-,0.4302,Good
,754,10022405,True external,-,0.107528516898903,8,0.995053121634246,0,10.4868561891685,3.3335,-,0.3325,Good
,755,10022535,True external,-,0.0911655817730247,0,0.997401311082003,0,10.4868561891685,1.7915,-,0.0407,Good
,756,10023643,True external,-,-0.0460972889869463,7,0.99567268607503,0,8.42900304532428,3.005,-,0.2136,Good
,757,10025969,True external,-,-0.271753085296842,2,0.997631441406464,1,5.24342809458423,1.8987,-,0.0613,Good
,758,10027670,True external,-,-0.234546921331738,0,0.996804459542883,10,36.4388555942562,4.6686,-,0.5827,Good
,759,10027822,True external,-,0.0995502954520564,5,0.997145599635829,1,8.00017564810927,2.3101,-,0.1118,Good
,760,10028817,True external,-,-0.172567028526956,4,0.995274585775094,0,6.3711499014801,2.7423,-,0.1159,Good
,761,10029019,True external,-,-0.0164845100048148,11,0.993549672932858,0,11.6145779960643,4.2538,-,0.6694,Good
,762,10029233,True external,-,-0.233015371842349,0,0.99717441898133,2,32.9152296979504,3.717,-,0.2131,Good
,763,10030318,True external,-,-0.145379173589062,10,0.996066164361348,0,10.4868561891685,3.4144,-,0.424,Good
,764,10030862,True external,-,-0.374581025306097,0,0.997427211194598,2,18.4870318372777,2.7699,-,0.136,Good
,765,10031460,True external,-,-0.0717595123572884,2,0.997837370020769,4,15.7302842837527,2.6376,-,0.0847,Good
,766,10033569,True external,-,-0.0572280371786859,0,0.996609581728905,3,17.8359886257377,2.838,-,0.0808,Good
,767,10039681,True external,-,-0.175167070989186,1,0.994390187727854,0,5.24342809458423,2.6049,-,0.1766,Good
,768,10041733,True external,-,-0.0182674355803714,0,0.997915206197823,4,18.3695395321768,2.5409,-,0.1044,Good
,769,10041984,True external,-,-0.00348095790326539,0,0.993955093131732,2,0,2.3155,-,0.2697,Good
,770,10042859,True external,-,-0.0361328601428105,0,0.994385611283487,7,5.24342809458423,2.9395,-,0.4081,Good
,771,10043096,True external,-,-0.180561308461722,1,0.995401859324358,0,5.24342809458423,2.3112,-,0.0879,Good
,772,10043107,True external,-,-0.193239070316255,2,0.99615792130867,0,13.6724311399085,2.7683,-,0.0659,Good
,773,10043572,True external,-,-0.194683681311168,2,0.996563692925032,0,5.24342809458423,2.0869,-,0.0411,Good
,774,10043580,True external,-,-0.0488955282529393,0,0.995638528720262,7,5.24342809458423,2.5797,-,0.2878,Good
,775,10044669,True external,-,0.0155023321229288,1,0.99482554146769,3,0,2.2313,-,0.1741,Good
,776,10045131,True external,-,-0.305468875567958,0,0.996938686154678,3,20.3226691667969,3.0673,-,0.1343,Good
,777,10045890,True external,-,-0.0759991518016871,2,0.997269826240601,0,20.9737123783369,2.8541,-,0.0807,Moderate
,778,10046628,True external,-,-0.168199807975121,0,0.997128227839614,2,15.0792410722127,2.4971,-,0.059,Moderate
,779,10046821,True external,-,-0.143489070440177,0,0.996696278911656,0,10.4868561891685,2.1496,-,0.0425,Moderate
,780,10047223,True external,-,0.113853806762681,0,0.995131044719227,3,4.5923848830442,2.2773,-,0.1644,Moderate
,781,10048103,True external,-,-0.0426460243104148,3,0.995746057338084,0,18.9158592344927,3.2506,-,0.1088,Moderate
,782,10048547,True external,-,-0.0807127650883136,1,0.996534681656585,0,38.8336620095717,4.1586,-,0.2882,Moderate
,783,10049170,True external,-,-0.164238188766093,0,0.997371287141285,2,5.24342809458423,1.766,-,0.0499,Moderate
,784,10050223,True external,-,-0.231450340017717,4,0.995583434095058,0,6.3711499014801,2.6895,-,0.1076,Good
,785,10050891,True external,-,-0.107173976615593,0,0.997477347081483,2,20.3226691667969,2.7057,-,0.0757,Good
,786,10051686,True external,-,-0.099063203600282,0,0.997459348475556,2,25.5660972613811,3.0561,-,0.112,Good
,787,10051898,True external,-,-0.0303988739228,0,0.997591974893237,3,0,1.3405,-,0.0799,Good
,788,10054148,True external,-,-0.108377608388898,0,0.99721077259358,0,20.9737123783369,2.6766,-,0.081,Good
,789,10055267,True external,-,-0.175864016630761,8,0.998015855581198,0,10.4868561891685,2.6457,-,0.3232,Good
,790,10056995,True external,-,-0.101678776659533,6,0.997578484458985,6,20.9737123783369,3.6662,-,0.2458,Good
,791,10060853,True external,-,-0.254660383626214,2,0.995867673516434,0,0,1.9796,-,0.0808,Good
,792,10064085,True external,-,0.0921290795417132,0,0.997618670449435,0,20.9737123783369,2.4277,-,0.0865,Good
,793,10066200,True external,-,-0.0346603505585696,0,0.99767952283264,0,47.0844079863613,4.2361,-,0.4277,Good
,794,10067986,True external,-,-0.200164889870758,3,0.997074453902398,0,32.0937711633872,3.8423,-,0.2226,Good
,795,10068691,True external,-,-0.0924455772586088,2,0.997166080967301,1,0,1.5696,-,0.0373,Good
,796,10069211,True external,-,-0.107286784566973,0,0.99519333481015,0,0,1.8671,-,0.1174,Good
,797,10069388,True external,-,-0.0511165522858063,2,0.996065847706473,2,0,1.942,-,0.061,Good
,798,10071226,True external,-,-0.147942493682846,0,0.99787859607802,0,10.4868561891685,1.8053,-,0.0506,Good
,799,10071581,True external,-,-0.0816706719952999,0,0.994572967047778,0,10.4868561891685,2.7335,-,0.1702,Good
,800,10072214,True external,-,-0.217646211839557,8,0.998408972122582,2,9.83581297762843,2.6653,-,0.3264,Good
,801,10072718,True external,-,-0.215683135889567,0,0.996781694676915,2,10.4868561891685,2.3227,-,0.0611,Good
,802,10074132,True external,-,-0.230101877457825,0,0.997446717684295,0,0,1.2843,-,0.0632,Good
,803,10074374,True external,-,0.0299788020161386,2,0.998253221428181,2,20.3226691667969,2.6052,-,0.0953,Good
,804,10075407,True external,-,-0.0217118415562801,0,0.996305632737447,6,15.7302842837527,2.9912,-,0.1866,Good
,805,10075791,True external,-,-0.183522076547379,8,0.996824016572789,0,0,2.3,-,0.2716,Good
,806,10075832,True external,-,-0.0524456706632427,0,0.997802060416099,3,0,1.293,-,0.0844,Good
,807,10077528,True external,-,-0.153959931134629,10,0.99536093135728,0,7.00121306331835,3.3942,-,0.4311,Good
,808,10088356,True external,-,-0.303086305429082,2,0.996885392278552,15,30.8765508647589,4.912,-,0.9964,Good
,809,10089765,True external,-,-0.0137717120717755,0,0.995920155789882,0,23.5422039931806,3.1664,-,0.1301,Good
,810,10090426,True external,-,-0.0978952857035751,0,0.995803951124293,0,15.7302842837527,2.7327,-,0.0887,Good
,811,10090750,True external,-,-0.148836703620481,6,0.997366889356438,2,9.83581297762843,2.7113,-,0.1425,Good
,812,10091963,True external,-,-0.0480159589968361,2,0.996799039434894,9,34.866562400848,4.5849,-,0.4253,Good
,813,10092333,True external,-,0.0977672491081,0,0.995832088534776,3,23.5422039931806,3.3479,-,0.1549,Good
,814,10092969,True external,-,-0.299614534246508,6,0.995755708947833,0,13.6724311399085,3.3864,-,0.2009,Good
,815,10093851,True external,-,0.114320729365524,0,0.996297498766273,7,10.4868561891685,2.6314,-,0.2513,Good
,816,10094049,True external,-,-0.186132737827239,0,0.996672067970339,4,10.4868561891685,2.4874,-,0.1023,Good
,817,10094984,True external,-,0.052758393227595,0,0.994941850248333,0,23.5422039931806,3.4109,-,0.2062,Good
,818,10097909,True external,-,-0.239233671589782,0,0.997691583904688,0,4.5923848830442,1.5251,-,0.0606,Good
,819,10098327,True external,-,0.153194440250393,0,0.996155266672173,11,10.4868561891685,2.9514,-,0.582,Good
,820,10098795,True external,-,-0.0328611585092753,8,0.997093931553,0,10.4868561891685,2.8244,-,0.2785,Good
,821,10099019,True external,-,-0.132599777192282,0,0.997020597997688,0,20.9737123783369,2.7481,-,0.0845,Good
,822,10099514,True external,-,-0.21304582130229,4,0.995979393265406,8,0,2.7421,-,0.3228,Good
,823,10100891,True external,-,0.148627218924241,0,0.998048849450598,4,39.3432519105137,3.7956,-,0.3072,Good
,824,10108393,True external,-,-0.238732395282259,10,0.998367235477077,0,0,2.098,-,0.5265,Good
,825,10109048,True external,-,-0.068693103347757,0,0.995706436329701,0,5.13347733228232,2.0345,-,0.0709,Good
,826,10109556,True external,-,-0.00417222685775842,0,0.997081312715526,1,5.24342809458423,1.6723,-,0.0299,Good
,827,10109587,True external,-,0.0260082928543215,0,0.994535884965108,7,30.2741775178038,4.5278,-,0.4648,Good
,828,10109825,True external,-,-0.124034721381074,0,0.994999638243512,0,5.13347733228232,2.2777,-,0.1264,Good
,829,10110588,True external,-,-0.11220509846531,0,0.998137390658418,4,10.4868561891685,2.0095,-,0.1013,Good
,830,10113159,True external,-,-0.278866706807528,6,0.996705119210829,0,10.4868561891685,2.8813,-,0.1705,Good
,831,10114360,True external,-,-0.121896113464184,2,0.997711746481489,2,9.83581297762843,2.1613,-,0.0416,Good
,832,10114394,True external,-,0.173854869244062,1,0.997904832982048,0,15.0792410722127,2.0051,-,0.0784,Good
,833,10116208,True external,-,0.0331608076933554,1,0.995148447828089,11,22.5440688821603,4.2379,-,0.6118,Good
,834,10116209,True external,-,-0.0644895236665655,0,0.995599096792711,12,15.9346594824195,3.6947,-,0.6941,Good
,835,10116836,True external,-,-0.802579216054664,0,0.996592988535057,4,10.4868561891685,2.9075,-,0.4433,Good
,836,10117583,True external,-,-0.15913134906857,0,0.997247766583415,0,22.5244463382342,2.802,-,0.0997,Good
,837,10118533,True external,-,-0.174224228615344,6,0.995677077681014,0,10.4868561891685,3.1159,-,0.1699,Good
,838,10120390,True external,-,-0.137617452357098,0,0.996658648752139,6,0,1.9111,-,0.2098,Good
,839,10122509,True external,-,0.00952014697657772,3,0.99602143108284,9,10.4868561891685,3.2552,-,0.3406,Good
,840,10122651,True external,-,-0.0652553456245311,13,0.995937498081373,3,5.24342809458423,3.6013,-,0.6785,Good
,841,10122902,True external,-,0.0409885340343959,1,0.996921505077467,4,34.9287509307063,4.0089,-,0.223,Good
,842,10123476,True external,-,0.0341603939271489,0,0.996658164726498,22,9.18476976608839,3.6272,-,2.1888,Good
,843,10127387,True external,-,-0.15634429039405,0,0.997841012125368,2,15.0792410722127,2.2802,-,0.0652,Good
,844,10129209,True external,-,-0.131346222235955,8,0.996042236072699,15,2.105704341985,3.7738,-,1.0388,Good
,845,10131842,True external,-,0.210068371846337,0,0.996782144021262,0,10.4868561891685,1.8968,-,0.0683,Good
,846,10132113,True external,-,-0.0143877561852853,0,0.995014849055215,3,5.24342809458423,2.4375,-,0.1592,Good
,847,10132157,True external,-,-0.00126720695870295,0,0.995014849055215,0,0,1.8512,-,0.1318,Good
,848,10132245,True external,-,0.0631145984808634,0,0.996782144021261,0,10.4868561891685,1.9914,-,0.039,Good
,849,10133725,True external,-,-0.337523357354095,8,0.996225684565877,0,0,2.5749,-,0.2933,Good
,850,10133743,True external,-,-0.14699780917447,0,0.99548607871772,0,0,1.8067,-,0.0996,Good
,851,10133931,True external,-,-0.129404766101298,0,0.996106914013054,4,0,1.9162,-,0.1366,Good
,852,10134242,True external,-,-0.447222120518967,6,0.995782182000219,0,8.42900304532428,3.1233,-,0.2324,Good
,853,10135193,True external,-,-0.0864657079376975,1,0.996613958050331,4,5.24342809458423,2.1978,-,0.0802,Good
,854,10136464,True external,-,-0.0614291172387351,0,0.994995138805286,2,9.83581297762843,2.7046,-,0.1384,Good
,855,10136563,True external,-,-0.0261295707935643,0,0.994655920672522,6,25.0307494232195,4.1,-,0.3574,Good
,856,10136970,True external,-,-0.289568409693431,8,0.996952864638721,8,10.4868561891685,3.6376,-,0.4093,Good
,857,10137056,True external,-,-0.083918347169148,0,0.9966720330194,0,0,1.4177,-,0.0444,Moderate
,858,10137508,True external,-,-0.122161358088165,6,0.997654719585353,2,9.83581297762843,2.6096,-,0.1513,Moderate
,859,10138342,True external,-,-0.190284618911798,2,0.997580873046726,4,10.4868561891685,2.4389,-,0.0822,Moderate
,860,10138381,True external,-,-0.0738109564463827,0,0.997439042619849,0,20.9737123783369,2.5873,-,0.0792,Moderate
,861,10139528,True external,-,-0.0596911794151328,0,0.996141459770312,2,25.0929379530779,3.3862,-,0.1306,Moderate
,862,10139687,True external,-,-0.1341265150188,4,0.997951216835854,2,15.0792410722127,2.6649,-,0.0999,Moderate
,863,10140398,True external,-,-0.158030046994526,4,0.997592174996189,2,10.4868561891685,2.4789,-,0.077,Moderate
,864,10140399,True external,-,-0.0935892303465797,4,0.998005132182279,2,15.0792410722127,2.623,-,0.0996,Moderate
,865,10140561,True external,-,-0.0553155422305844,0,0.997409287295655,4,10.4868561891685,2.1867,-,0.0817,Moderate
,866,10141259,True external,-,-0.141324444773008,6,0.997109463293365,5,10.4868561891685,3.053,-,0.1782,Moderate
,867,10142259,True external,-,-0.0361138485734742,7,0.997796744087871,0,15.7302842837527,2.8626,-,0.2573,Moderate
,868,10142746,True external,-,-0.143082472959089,4,0.997730179532512,0,43.8648731599775,4.5073,-,0.4395,Moderate
,869,10143481,True external,-,-0.196109662212029,0,0.997044725598326,0,36.0529534505496,3.7894,-,0.26,Moderate
,870,10145340,True external,-,-0.390653853708144,0,0.99829071493895,2,10.4868561891685,1.9921,-,0.1411,Moderate
,871,10146511,True external,-,0.0517360277414155,0,0.997051269288732,5,33.3780169708091,3.8282,-,0.2412,Moderate
,872,10146784,True external,-,-0.0980623958670696,0,0.997524024191554,0,10.4868561891685,1.8773,-,0.0366,Moderate
,873,10150027,True external,-,-0.11293476893059,0,0.994361625585276,3,5.24342809458423,2.6928,-,0.2298,Good
,874,10150215,True external,-,-0.0933165476796714,0,0.994606114156373,3,0,2.258,-,0.2156,Good
,875,10151466,True external,-,-0.344364960137511,10,0.99591082320494,0,10.4868561891685,3.5882,-,0.4538,Good
,876,10151872,True external,-,-0.0758779615305524,8,0.996210622190517,4,0,2.7141,-,0.2697,Good
,877,10152326,True external,-,-0.142815759523402,8,0.995558165994785,6,18.242036130451,4.3193,-,0.3406,Good
,878,10152384,True external,-,-0.164632498297352,6,0.995150623476843,0,10.4868561891685,3.2643,-,0.1947,Good
,879,10152385,True external,-,-0.0590441394445476,6,0.995003666633054,0,7.00121306331835,3.0066,-,0.195,Good
,880,10155765,True external,-,-0.145068112032144,0,0.993901088864731,0,0,2.2709,-,0.2576,Good
,881,10156417,True external,-,-0.434101271754178,10,0.997448459035763,0,0,2.4936,-,0.5071,Good
,882,10156418,True external,-,-0.182954277681595,4,0.996705119210829,4,10.4868561891685,2.9071,-,0.096,Good
,883,10157727,True external,-,0.10755714428624,0,0.996951778736953,8,19.6716259552569,3.1331,-,0.2993,Good
,884,10159439,True external,-,-0.0799684686813695,0,0.996060848965325,2,23.5422039931806,3.3193,-,0.1233,Good
,885,10159730,True external,-,-0.115114030537155,6,0.998054406698702,2,9.83581297762843,2.4877,-,0.1712,Good
,886,10161717,True external,-,-0.116994139654959,4,0.994842519320999,0,7.00121306331835,2.8756,-,0.1426,Good
,887,10162746,True external,-,0.125313603556683,0,0.996965298359914,6,19.6716259552569,2.9661,-,0.1905,Good
,888,10163991,True external,-,0.061013224333266,0,0.996987942488054,8,10.4868561891685,2.5388,-,0.2876,Good
,889,10164339,True external,-,-0.139007385994891,0,0.996843947600224,4,10.4868561891685,2.4066,-,0.0914,Good
,890,10164599,True external,-,-0.0831751974627033,2,0.997020806819649,0,43.2138299484375,4.4179,-,0.3622,Good
,891,10165608,True external,-,0.000934157846717166,2,0.993764267733253,0,0,2.4328,-,0.2471,Good
,892,10166052,True external,-,-0.245997124323402,2,0.995354371793163,0,10.4868561891685,2.8255,-,0.1062,Good
,893,10168443,True external,-,0.00893247572930898,0,0.998257577515978,0,31.4605685675054,2.9943,-,0.1965,Good
,894,10168522,True external,-,-0.169959320056733,6,0.996369365256177,4,10.4868561891685,3.213,-,0.1561,Good
,895,10171889,True external,-,-0.0959267496668999,6,0.996291279321453,0,0,2.1844,-,0.1506,Good
,896,10177229,True external,-,-0.118325893163222,0,0.996106914013054,4,0,1.9091,-,0.1356,Good
,897,10178878,True external,-,-0.0578427665212052,0,0.996613958050331,0,0,1.418,-,0.0447,Good
,898,10179433,True external,-,-0.053628544510769,0,0.996312221491088,4,0,1.8071,-,0.124,Good
,899,10179885,True external,-,-0.0191050113961562,0,0.996053546883901,6,23.5422039931806,3.5855,-,0.2298,Good
,900,10181414,True external,-,-0.142085019173117,1,0.99544434010535,1,5.24342809458423,2.3498,-,0.0807,Good
,901,10181953,True external,-,-0.127013512403412,4,0.997711746481489,2,9.83581297762843,2.3803,-,0.0775,Good
,902,10182422,True external,-,0.19606542820212,0,0.997365073615328,8,19.6716259552569,2.9548,-,0.3122,Good
,903,10183018,True external,-,-0.139347017363406,0,0.997087660064472,0,20.9737123783369,2.7327,-,0.0851,Good
,904,10183968,True external,-,-0.140197793839557,0,0.997777313363033,8,10.4868561891685,2.4365,-,0.2912,Good
,905,10184297,True external,-,-0.0428283422533103,10,0.997573539886998,0,5.24342809458423,2.5553,-,0.4576,Good
,906,10184881,True external,-,-0.00660949821412183,4,0.998056282639143,2,10.4868561891685,2.2451,-,0.0926,Good
,907,10185281,True external,-,-0.167316234746936,9,0.994123155660285,0,11.6145779960643,3.9667,-,0.4453,Good
,908,10185899,True external,-,-0.14570047429174,0,0.996807402401699,0,20.9737123783369,2.8191,-,0.0888,Good
,909,10187406,True external,-,0.0569677712004901,5,0.998006226004994,0,27.2429742061511,3.2947,-,0.2511,Good
,910,10187438,True external,-,-0.179938267596264,9,0.995514286774527,0,5.24342809458423,3.1406,-,0.346,Good
,911,10187454,True external,-,-0.186687273653749,3,0.997414449264303,0,39.2724882769333,4.2134,-,0.3292,Good
,912,10187640,True external,-,-0.089661302577304,0,0.994837087355178,0,0,1.9604,-,0.1473,Good
,913,10187756,True external,-,-0.172030584392645,10,0.997052280657959,2,15.0792410722127,3.6004,-,0.4177,Good
,914,10187934,True external,-,-0.0467533274548673,8,0.997151375273666,5,10.4868561891685,3.1955,-,0.2801,Good
,915,10188456,True external,-,-0.147454990080301,0,0.995717585661533,0,0,1.739,-,0.0853,Good
,916,10188532,True external,-,-0.283759716204593,8,0.99442999304497,0,13.9874627208276,4.0023,-,0.3799,Good
,917,10188533,True external,-,-0.333778857256187,4,0.994668311162939,0,7.00121306331835,3.0663,-,0.1945,Good
,918,10190305,True external,-,-0.138729927872503,0,0.997873967345302,0,53.700686137606,4.6881,-,0.5866,Good
,919,10193588,True external,-,-0.0995073324115194,0,0.994361625585276,0,0,2.1063,-,0.1972,Good
,920,10193892,True external,-,-0.135222072678573,0,0.994534721346525,3,0,2.3059,-,0.2264,Good
,921,10193913,True external,-,-0.113913187788921,0,0.994534721346525,3,0,2.2922,-,0.2246,Good
,922,10194975,True external,-,-0.215056500425649,0,0.997841012125368,2,15.0792410722127,2.318,-,0.0767,Good
,923,10195609,True external,-,-0.0740846466493504,8,0.995314108622218,7,5.24342809458423,3.554,-,0.3801,Good
,924,10196037,True external,-,-0.0270585421683854,8,0.994894517633197,7,0,3.2966,-,0.4299,Good
,925,10196461,True external,-,0.277721830243171,8,0.996175149881388,7,5.24342809458423,3.0746,-,0.4385,Good
,926,10196685,True external,-,-0.0552618909978647,6,0.994268643511687,0,7.00121306331835,3.2201,-,0.2549,Good
,927,10201084,True external,-,-0.131361707400768,4,0.99787600054083,2,9.83581297762843,2.3349,-,0.0844,Good
,928,10201405,True external,-,0.0578126000423276,2,0.998012240681924,4,10.4868561891685,2.1525,-,0.0887,Good
,929,10202130,True external,-,-0.0170250881356685,1,0.994276312468028,10,22.5440688821603,4.4505,-,0.6197,Good
,930,10202218,True external,-,-0.126895314841347,0,0.995786641857389,1,10.4868561891685,2.4819,-,0.0746,Good
,931,10202457,True external,-,-0.0419064387806933,0,0.99687482691052,0,0,1.3311,-,0.0408,Good
,932,10204703,True external,-,0.115947533225503,0,0.994663065236136,12,22.5440688821603,4.2951,-,0.8073,Good
,933,10204727,True external,-,-0.0480439244076855,9,0.997815745619171,3,0,2.2568,-,0.3668,Good
,934,10205566,True external,-,-0.362725004672621,0,0.997223749475854,4,10.4868561891685,2.4391,-,0.1471,Good
,935,10206072,True external,-,-0.192988137933224,6,0.998295053380436,4,15.0792410722127,2.9691,-,0.2183,Good
,936,10206195,True external,-,-0.0559854267972377,0,0.996634829558548,2,20.9737123783369,2.9637,-,0.0824,Good
,937,10206430,True external,-,-0.0155526404759973,11,0.993627050911369,0,11.6145779960643,4.2304,-,0.6613,Good
,938,10206892,True external,-,-0.174572702424281,2,0.997962067093505,4,20.3226691667969,2.974,-,0.118,Good
,939,10208575,True external,-,-0.0845533603047108,0,0.997981484079607,2,15.0792410722127,2.1927,-,0.0607,Good
,940,10208859,True external,-,-0.116905684618891,4,0.997594331012748,0,39.2724882769333,4.2235,-,0.3516,Good
,941,10210006,True external,-,-0.00161568703452848,0,0.997305450160128,4,33.3780169708091,3.7121,-,0.211,Good
,942,10210298,True external,-,-0.0289533893385297,0,0.994242903987301,0,0,2.0958,-,0.2102,Good
,943,10212091,True external,-,0.0993546904344768,0,0.99683510342457,0,33.3780169708091,3.482,-,0.2092,Good
,944,10217132,True external,-,-0.14725744403106,0,0.997666505568475,5,25.5660972613811,3.2537,-,0.1805,Good
,945,10217228,True external,-,-0.0604383551976485,0,0.997612584002042,3,15.0792410722127,2.3613,-,0.0652,Good
,946,10217438,True external,-,-0.0250877787878048,11,0.995858966623458,2,0,2.9566,-,0.4922,Good
,947,10218204,True external,-,-0.190507577397517,0,0.998071480827556,3,20.3226691667969,2.6606,-,0.1145,Good
,948,10219092,True external,-,-0.225469641146967,6,0.996758812604782,6,10.4868561891685,3.286,-,0.2182,Good
,949,10221172,True external,-,-0.138842041698194,4,0.995175683606019,3,10.4868561891685,3.2521,-,0.1307,Good
,950,10222277,True external,-,-0.242389790712322,2,0.999175895855826,9,10.4868561891685,2.383,-,0.4219,Good
,951,10224086,True external,-,-0.377916271539253,2,0.997716844510448,12,10.4868561891685,3.1262,-,0.6504,Good
,952,10224087,True external,-,0.221260302664739,0,0.997503410868487,14,10.4868561891685,2.7391,-,0.8939,Good
,953,10225504,True external,-,-0.199565928502803,8,0.995893266196707,0,10.4868561891685,3.2844,-,0.2766,Good
,954,10226639,True external,-,0.00278906577352535,0,0.997415158769225,4,10.4868561891685,2.1476,-,0.0818,Good
,955,10227220,True external,-,-0.0477135408343212,10,0.997356362195241,4,0,2.5752,-,0.4338,Good
,956,10227535,True external,-,-0.126524895468116,4,0.997592174996189,6,10.4868561891685,2.7618,-,0.1632,Good
,957,10227783,True external,-,-0.090863617705307,4,0.997545274242325,0,20.9737123783369,2.9985,-,0.1315,Good
,958,10227951,True external,-,-0.197937152209484,0,0.99708908901768,6,20.9737123783369,3.2249,-,0.2019,Good
,959,10228420,True external,-,0.164716160101439,0,0.997249451946731,3,15.0792410722127,2.323,-,0.0825,Good
,960,10229054,True external,-,-0.17023072170019,4,0.995034901131584,0,7.00121306331835,2.8533,-,0.1321,Moderate
,961,10231981,True external,-,-0.296692961688061,5,0.994506248587126,0,8.7440346262434,3.3143,-,0.2249,Moderate
,962,10233227,True external,-,0.0299484776745253,0,0.998257577515978,0,36.0529534505496,3.2876,-,0.2563,Moderate
,963,10237068,True external,-,-0.128724492942566,0,0.993734710355277,4,5.24342809458423,2.9629,-,0.3462,Moderate
,964,10239083,True external,-,-0.0731173157418088,8,0.995571668120223,7,5.24342809458423,3.4777,-,0.3679,Moderate
,965,10244874,True external,-,-0.0276447604706842,2,0.995577572193863,7,30.2741775178038,4.4721,-,0.3233,Moderate
,966,10246893,True external,-,-0.0365037405413588,0,0.995139478575933,0,10.4868561891685,2.538,-,0.1151,Moderate
,967,10247413,True external,-,-0.932592995389317,0,0.997968345356259,0,10.4868561891685,2.2841,-,0.5317,Moderate
,968,10248197,True external,-,0.0240275667869236,0,0.995572437456381,0,0,1.6712,-,0.0916,Moderate
,969,10251988,True external,-,-0.0249306170367147,0,0.997255313995417,0,10.4868561891685,1.9091,-,0.0311,Good
,970,10254458,True external,-,-0.074475667961836,1,0.997604702860808,2,0,1.3972,-,0.0509,Good
,971,10254569,True external,-,-0.162317227403187,0,0.996596877940245,0,23.5422039931806,3.0633,-,0.1159,Good
,972,10258794,True external,-,-0.0362744993454363,0,0.997018674938467,6,37.8704973600545,4.2704,-,0.3295,Good
,973,10258810,True external,-,-0.11416493065384,1,0.99661031916547,3,17.8359886257377,2.9823,-,0.0716,Good
,974,10263164,True external,-,-0.413327969641517,1,0.997976871585695,0,15.7302842837527,2.4054,-,0.1465,Good
,975,10266709,True external,-,0.0177481343121241,3,0.99375128782594,0,10.3769054268666,3.227,-,0.2526,Good
,976,10269651,True external,-,-0.0675691113907757,0,0.995706436329702,0,0,1.6908,-,0.0804,Good
,977,10269956,True external,-,-0.324012128996974,0,0.997446682249887,5,31.1135522440749,3.8027,-,0.2755,Good
,978,10274131,True external,-,-0.093550574649626,4,0.998009333180804,2,9.83581297762843,2.2714,-,0.0884,Good
,979,10275072,True external,-,-0.0932988516788543,4,0.998066575933429,2,15.0792410722127,2.6047,-,0.1026,Good
,980,10275258,True external,-,0.0546672743809549,1,0.995226504517193,11,22.5440688821603,4.2011,-,0.6063,Good
,981,10275387,True external,-,-0.205767750567507,2,0.997580873046726,4,10.4868561891685,2.4489,-,0.085,Good
,982,10277395,True external,-,-0.522976577624975,0,0.997249724374528,4,10.4868561891685,2.5346,-,0.226,Good
,983,10279644,True external,-,-0.131640032261131,2,0.99806959008719,4,20.3226691667969,2.9148,-,0.1158,Good
,984,10280067,True external,-,-0.0196416559408856,3,0.996883294239611,4,23.5422039931806,3.5141,-,0.1191,Good
,985,10280115,True external,-,-0.0980293967360475,0,0.997428983934816,0,44.5159163715176,4.1789,-,0.3821,Good
,986,10280546,True external,-,-0.173270041792707,1,0.996646757878155,4,23.5422039931806,3.4667,-,0.1322,Good
,987,10282004,True external,-,-0.151050260179492,10,0.997300233240056,0,34.0290601823491,4.6286,-,0.6507,Good
,988,10286784,True external,-,-0.13867799632103,0,0.994361625585276,0,0,2.1316,-,0.2002,Good
,989,10286785,True external,-,-0.0862884541643425,0,0.994361625585276,0,0,2.0978,-,0.1966,Good
,990,10288570,True external,-,-0.127742964819136,8,0.995562122318248,6,0,3.0896,-,0.344,Good
,991,10289359,True external,-,-0.200391930324403,8,0.995691774531657,6,0,3.0983,-,0.3431,Good
,992,10292443,True external,-,-0.519761846614323,4,0.996552168783355,0,10.4868561891685,2.8656,-,0.1916,Good
,993,10292564,True external,-,0.109845473049978,0,0.995002722415866,5,2.105704341985,2.303,-,0.2564,Good
,994,10292860,True external,-,-0.0752226698680769,0,0.996216229536885,4,5.24342809458423,2.1996,-,0.1096,Good
,995,10292861,True external,-,-0.0752226698680769,0,0.996216229536885,4,5.24342809458423,2.1996,-,0.1096,Good
,996,10295818,True external,-,-0.00710705010375182,2,0.997716844510448,8,10.4868561891685,2.5842,-,0.2539,Good
,997,10295819,True external,-,0.256617799707306,2,0.997060440621492,8,10.4868561891685,2.6073,-,0.3017,Good
,998,10296275,True external,-,-0.114228936332598,8,0.998190983127026,2,9.83581297762843,2.6627,-,0.3012,Good
,999,10297198,True external,-,-0.0891894783341394,1,0.997267876719661,0,15.0792410722127,2.3615,-,0.0421,Good
,1000,10297273,True external,-,-0.0413913876798483,0,0.9969347638904,0,0,1.3132,-,0.0403,Good
,1001,10297665,True external,-,-0.340178570370351,0,0.997606559448184,4,10.4868561891685,2.3121,-,0.1415,Good
,1002,10297902,True external,-,0.239066173492346,0,0.996442534104751,4,20.9737123783369,2.9818,-,0.1634,Good
,1003,10298511,True external,-,-0.192293796864532,6,0.995947249694706,0,13.6724311399085,3.261,-,0.1745,Good
,1004,10299043,True external,-,0.0355162773922375,0,0.99695560714475,8,10.4868561891685,2.5647,-,0.2858,Good
,1005,10299062,True external,-,-0.333226468325827,4,0.995544336584553,0,20.9737123783369,3.7422,-,0.199,Good
,1006,10299304,True external,-,-0.202234250493225,0,0.995878508903136,2,5.24342809458423,2.2289,-,0.0899,Good
,1007,10299369,True external,-,-0.193285259544088,2,0.998295053380436,4,15.0792410722127,2.5379,-,0.1154,Good
,1008,10299615,True external,-,-0.222006154358183,0,0.996761416062913,4,10.4868561891685,2.4843,-,0.1077,Good
,1009,10299790,True external,-,0.497611431454798,0,0.996991951394063,2,28.7288923196194,3.0205,-,0.2884,Good
,1010,10300855,True external,-,-0.151052405710865,2,0.998380290477444,4,15.0792410722127,2.4857,-,0.1131,Good
,1011,10303105,True external,-,-0.113061342704816,2,0.997044341068218,4,0,1.8461,-,0.0898,Good
,1012,10303642,True external,-,-0.17616820427477,0,0.996039663757317,0,10.4868561891685,2.3635,-,0.0684,Good
,1013,10303681,True external,-,-0.13681964344055,0,0.995792686023191,0,0,1.7101,-,0.08,Good
,1014,10303709,True external,-,-0.0227403338292323,2,0.995657821529643,2,15.6203335214508,3.0872,-,0.0815,Good
,1015,10305411,True external,-,-0.197520538815017,0,0.997118349469023,5,33.3780169708091,3.969,-,0.2619,Good
,1016,10308660,True external,-,-0.0787023596547316,0,0.994767608087171,0,5.24342809458423,2.3241,-,0.145,Good
,1017,10308857,True external,-,-0.101289014694562,0,0.994361625585276,0,0,2.1075,-,0.1973,Good
,1018,10309690,True external,-,-0.0491172092484501,1,0.996930647462147,0,10.4868561891685,2.1279,-,0.0261,Good
,1019,10311016,True external,-,-0.130452989052126,8,0.995362145709265,14,2.32792015631004,3.912,-,0.9498,Good
,1020,10311460,True external,-,-0.116348085355183,8,0.995718380977022,6,0,3.0363,-,0.3382,Good
,1021,10311938,True external,-,-0.0638353308072998,6,0.995718380977022,6,0,2.7868,-,0.2549,Good
,1022,10314051,True external,-,0.00191531635061389,0,0.996144057913341,0,10.4868561891685,2.2182,-,0.0527,Good
,1023,10314415,True external,-,-0.218253319067412,2,0.99596075275932,0,13.6724311399085,2.8424,-,0.078,Good
,1024,10316940,True external,-,-0.168606990286393,0,0.996740130792061,0,28.7856320877649,3.3756,-,0.1651,Good
,1025,10317484,True external,-,0.0385572153227299,0,0.997506035215053,0,51.6767928694055,4.5468,-,0.5199,Good
,1026,10317864,True external,-,-0.147228223376799,0,0.996571474454847,5,10.4868561891685,2.5677,-,0.1352,Good
,1027,10319685,True external,-,-0.136356910017282,6,0.997085158565884,2,9.83581297762843,2.7861,-,0.1348,Good
,1028,10319806,True external,-,-0.136577840213352,3,0.99628029160989,2,28.7516722121212,3.9629,-,0.1616,Good
,1029,10320419,True external,-,-0.106383904207518,2,0.997203718939689,0,15.7302842837527,2.5428,-,0.0511,Good
,1030,10321076,True external,-,-0.226722804904779,0,0.996849104655942,2,0,1.6093,-,0.0766,Good
,1031,10321081,True external,-,0.0938703751529897,0,0.995297206896889,5,0,2.0861,-,0.2378,Good
,1032,10322905,True external,-,-0.116874439163944,3,0.997101197397438,4,21.8157629413319,3.3973,-,0.1107,Good
,1033,10324137,True external,-,-0.124370366747934,4,0.994661196815764,0,0,2.4658,-,0.1633,Good
,1034,10324271,True external,-,-0.115659615117787,0,0.997363011412961,2,15.0792410722127,2.3944,-,0.0519,Good
,1035,10327530,True external,-,0.142981354323286,0,0.997415967753577,4,39.3432519105137,3.9851,-,0.2979,Good
,1036,10334090,True external,-,-0.245917923772113,0,0.996682958062092,0,10.4868561891685,2.2195,-,0.0625,Good
,1037,10335783,True external,-,-0.219849462144642,10,0.99789386533137,0,0,2.2249,-,0.4854,Good
,1038,10337543,True external,-,-0.000485094449606999,0,0.995476762970968,0,10.4868561891685,2.4158,-,0.09,Good
,1039,10338440,True external,-,0.00452827360731149,0,0.993635731313294,0,0,2.2526,-,0.2921,Good
,1040,10341055,True external,-,-0.15264377516174,7,0.997576928637207,0,5.24342809458423,2.3015,-,0.2222,Moderate
,1041,10342085,True external,-,0.0527614244866199,2,0.997196398319116,8,23.5422039931806,3.5709,-,0.2753,Moderate
,1042,10342442,True external,-,-0.652336415067927,0,0.994002781104068,0,6.3711499014801,2.9933,-,0.4485,Moderate
,1043,10344432,True external,-,-0.111268825343128,2,0.99747115779406,2,0,1.5679,-,0.0507,Moderate
,1044,10347102,True external,-,0.165695701091069,8,0.997420022832866,0,10.4868561891685,2.6008,-,0.3293,Moderate
,1045,10347257,True external,-,-0.106658835630514,6,0.996142938086492,6,19.6716259552569,4.0041,-,0.2363,Moderate
,1046,10347479,True external,-,0.0390317926675184,0,0.996014213195352,0,10.4868561891685,2.2325,-,0.0609,Moderate
,1047,10349393,True external,-,-0.127013426074992,1,0.996581789053756,3,17.8359886257377,2.999,-,0.0736,Moderate
,1048,10351066,True external,-,0.396100728043335,0,0.99593549344259,0,23.2291559921287,2.8771,-,0.229,Good
,1049,10355231,True external,-,-0.477554474338563,0,0.996491171669639,0,10.4868561891685,2.425,-,0.1573,Good
,1050,10355232,True external,-,-0.420091394415108,1,0.995893303544605,0,5.24342809458423,2.3211,-,0.1308,Good
,1051,10357078,True external,-,-0.100597700606435,4,0.99906746543224,0,5.24342809458423,1.5067,-,0.1769,Good
,1052,10360194,True external,-,-0.219874035674584,13,0.997184513278721,1,0,2.8326,-,0.7367,Good
,1053,10361732,True external,-,0.0371935059255283,0,0.994535884965107,4,10.4868561891685,2.9711,-,0.2387,Good
,1054,10361788,True external,-,-0.304233744385902,8,0.998294699043778,0,0,1.9458,-,0.3647,Good
,1055,10363048,True external,-,-0.00834575864180615,2,0.997286231616466,9,34.866562400848,4.4163,-,0.4189,Good
,1056,10364034,True external,-,0.0133392537505663,2,0.996896038239898,9,34.866562400848,4.5169,-,0.4232,Good
,1057,10365247,True external,-,-0.185032952835735,0,0.997565347925316,0,5.24342809458423,1.5708,-,0.0459,Good
,1058,10365829,True external,-,-0.152878327874758,3,0.996110825519757,2,22.2579581857588,3.5893,-,0.111,Good
,1059,10368697,True external,-,-0.0842394073292782,0,0.993815354648342,0,3.18557495074005,2.4698,-,0.2588,Good
,1060,10368732,True external,-,-0.134110899408145,0,0.997411808090125,2,18.4870318372777,2.6196,-,0.0686,Good
,1061,10368944,True external,-,-0.145227432103178,0,0.998226884417762,4,10.4868561891685,2.0044,-,0.1089,Good
,1062,10372522,True external,-,-0.115763350555707,13,0.998282489062553,2,0,2.5189,-,0.8014,Good
,1063,10379298,True external,-,0.0684424701878597,0,0.994691854590002,2,5.24342809458423,2.4032,-,0.1759,Good
,1064,10382395,True external,-,0.12344082274932,0,0.994512142959253,0,0,1.9186,-,0.1979,Good
,1065,10387525,True external,-,-0.149787010153966,0,0.998355938004478,0,20.3226691667969,2.3234,-,0.1107,Good
,1066,10387801,True external,-,-0.204132311103779,0,0.996949400021892,2,10.4868561891685,2.266,-,0.0564,Good
,1067,10390455,True external,-,-0.165243183824554,0,0.996719190922517,3,19.6716259552569,2.998,-,0.0985,Good
,1068,10390647,True external,-,-0.3397768495014,2,0.995727913874858,8,0,2.6819,-,0.3749,Good
,1069,10400456,True external,-,-0.18678403723156,4,0.99474433605867,0,3.18557495074004,2.6944,-,0.1561,Good
,1070,10402511,True external,-,-0.065940706291523,0,0.99456961015645,0,0,2.0237,-,0.1732,Good
,1071,10404212,True external,-,-0.200748815777921,3,0.995477859273716,0,8.42900304532428,2.7304,-,0.0926,Good
,1072,10405091,True external,-,-0.275158979549792,3,0.995472199072441,0,13.6724311399085,3.1303,-,0.1236,Good
,1073,10406333,True external,-,-0.110762056151343,0,0.99374923647397,0,10.4868561891685,2.9941,-,0.2745,Good
,1074,10406522,True external,-,0.0453823373404111,0,0.996847052543782,2,28.1345888762248,3.3145,-,0.1353,Good
,1075,10408428,True external,-,0.100615013983192,0,0.996268960042811,0,28.1345888762248,3.2972,-,0.1649,Good
,1076,10408433,True external,-,0.0946359249107435,3,0.995487134031297,0,8.42900304532428,2.5375,-,0.0967,Good
,1077,10409277,True external,-,-0.0887464608676471,0,0.995798315558873,0,35.313305989771,4.0369,-,0.2746,Good
,1078,10410833,True external,-,0.0597425137030379,0,0.997387434258078,2,20.9737123783369,2.6681,-,0.0773,Good
,1079,10412287,True external,-,-0.105219380208735,3,0.99721035567498,3,19.6716259552569,3.1387,-,0.0821,Good
,1080,10412933,True external,-,-0.0773642424355053,0,0.997925133375944,2,25.5660972613811,2.9053,-,0.1182,Good
,1081,10413582,True external,-,0.069742989424731,6,0.997470184609291,0,5.24342809458423,2.0818,-,0.1738,Good
,1082,10414598,True external,-,0.0122553423816394,2,0.997608708036103,3,9.83581297762843,2.181,-,0.0501,Good
,1083,10417140,True external,-,-0.445962639329926,12,0.995757671565392,0,3.10146791979456,3.4208,-,0.6618,Good
,1084,10417929,True external,-,-0.248111633328454,0,0.996251086076515,7,10.4868561891685,2.8784,-,0.2688,Good
,1085,10422671,True external,-,-0.501388240081937,0,0.997323179278475,0,0,1.4952,-,0.1657,Good
,1086,10424193,True external,-,0.0653586046808868,3,0.99651117286855,0,0,1.6924,-,0.0635,Good
,1087,10425668,True external,-,-0.0162876373464605,2,0.99787462621441,0,17.0145300911745,2.3735,-,0.0702,Good
,1088,10431092,True external,-,-0.122322825785187,4,0.994857082793472,0,5.13347733228232,2.7499,-,0.1408,Good
,1089,10431797,True external,-,-0.00329662928310409,0,0.995123330802447,0,23.5422039931806,3.3937,-,0.1865,Good
,1090,10433453,True external,-,0.136911452036846,9,0.993887547104075,0,16.8580060906486,4.1904,-,0.5319,Good
,1091,10433966,True external,-,-0.120434104134418,0,0.997427029119704,2,5.24342809458423,1.7214,-,0.0448,Good
,1092,10434382,True external,-,0.244277401794808,8,0.9966465142228,0,22.2579581857588,3.5639,-,0.3987,Good
,1093,10435205,True external,-,-0.0944536578271259,5,0.995673445681211,0,13.6724311399085,3.1706,-,0.1362,Good
,1094,10436264,True external,-,0.0707971482092375,0,0.996675801638655,12,23.5422039931806,3.7997,-,0.6467,Good
,1095,10436465,True external,-,-0.376704517120733,0,0.997087411422842,2,15.7302842837527,2.6869,-,0.1232,Good
,1096,10436959,True external,-,-0.0139813568144133,0,0.997292165190432,0,22.5244463382342,2.6956,-,0.0874,Moderate
,1097,10437758,True external,-,0.127766145806209,4,0.997678555019528,0,19.6716259552569,2.7316,-,0.1453,Moderate
,1098,10438956,True external,-,-0.060404369609476,5,0.997945083912029,6,20.3226691667969,3.3807,-,0.2191,Moderate
,1099,10439014,True external,-,0.0292822870157307,6,0.998090313921314,6,0,2.0302,-,0.282,Moderate
,1100,10439609,True external,-,-0.0864618364722231,1,0.996738231649792,3,17.8359886257377,2.9269,-,0.0666,Moderate
,1101,10451809,True external,-,-0.139515118466446,0,0.99482554146769,2,0,2.1475,-,0.1724,Good
,1102,10452242,True external,-,-0.417077093830662,10,0.996488892271323,0,0,2.7645,-,0.4682,Good
,1103,10453872,True external,-,-0.154194006982629,0,0.994994448359923,0,15.7302842837527,3.0067,-,0.1546,Good
,1104,10456241,True external,-,0.15601189837416,0,0.996584067099831,0,23.5422039931806,2.8621,-,0.1211,Good
,1105,10457249,True external,-,-0.140964258582088,2,0.998030626105173,0,25.5660972613811,2.9793,-,0.1447,Good
,1106,10457518,True external,-,-0.250177073226064,0,0.995222242267537,0,20.9737123783369,3.352,-,0.1877,Good
,1107,10458959,True external,-,-0.120955806359963,0,0.997465400603491,2,17.0145300911745,2.497,-,0.0606,Good
,1108,10459154,True external,-,-0.393611306376906,0,0.99719999419912,3,19.6716259552569,3.0038,-,0.1635,Good
,1109,10459202,True external,-,0.141107506606783,8,0.997178080575477,0,10.4868561891685,2.6877,-,0.3132,Good
,1110,10459782,True external,-,-0.101657845680942,0,0.997236246055546,2,25.5660972613811,3.1233,-,0.1115,Good
,1111,10460281,True external,-,-0.155557991649326,12,0.995891872415715,0,0,2.9872,-,0.6133,Good
,1112,10462492,True external,-,-0.105974054172505,0,0.997330996550548,0,20.9737123783369,2.6398,-,0.0811,Good
,1113,10462974,True external,-,-0.0890389725475724,0,0.997166410279081,0,10.4868561891685,1.9765,-,0.0329,Good
,1114,10468408,True external,-,-0.139666324812175,1,0.995291651618943,0,5.24342809458423,2.3172,-,0.0904,Good
,1115,10470177,True external,-,-0.0612660661839109,0,0.996689248604924,0,34.0290601823491,3.6718,-,0.2167,Good
,1116,10470633,True external,-,-0.0336724674775131,0,0.994975368367298,7,5.24342809458423,2.7647,-,0.3433,Good
,1117,10471717,True external,-,-0.232431576060638,10,0.997882297950518,0,0,2.2364,-,0.486,Good
,1118,10472402,True external,-,-0.0972944728306012,0,0.998222144921817,0,30.1584821444253,2.9861,-,0.1854,Good
,1119,10472656,True external,-,0.0098918037354418,0,0.995140001447639,0,5.24342809458423,2.1576,-,0.1124,Good
,1120,10474528,True external,-,-0.109492048379605,5,0.994215751612941,0,0,2.6949,-,0.2287,Good
,1121,10474732,True external,-,-0.0786016685080653,2,0.997198690700868,9,34.866562400848,4.4872,-,0.4217,Good
,1122,10475608,True external,-,-0.17931683438994,2,0.997103083066389,0,38.8336620095717,4.163,-,0.3006,Good
,1123,10475730,True external,-,-0.1137783106156,0,0.995237594035995,0,0,1.8583,-,0.1144,Good
,1124,10476659,True external,-,0.0641770601736056,0,0.994914010907332,0,9.83581297762843,2.4959,-,0.1402,Good
,1125,10479379,True external,-,-0.101844650078389,4,0.997477403196198,2,18.9568310428539,3.0424,-,0.0981,Good
,1126,10479468,True external,-,-0.00439841055347997,0,0.994649666159865,0,1.55073395989728,2.0641,-,0.1622,Good
,1127,10479798,True external,-,-0.166181934758753,0,0.994489356275929,4,0,2.415,-,0.269,Good
,1128,10480887,True external,-,-0.240675757104504,4,0.995636628338676,0,13.6724311399085,3.1677,-,0.1249,Good
,1129,10482019,True external,-,0.0302510820792024,2,0.997105154413415,7,5.24342809458423,2.3137,-,0.2033,Good
,1130,10482105,True external,-,-0.0844107549839271,1,0.997757810115946,2,20.3226691667969,2.7165,-,0.0715,Good
,1131,10482795,True external,-,-0.239366388340411,8,0.995843279416594,8,0,3.2305,-,0.4395,Good
,1132,10483750,True external,-,-0.371990880313235,0,0.997259839017508,2,18.4870318372777,2.8174,-,0.134,Good
,1133,10486175,True external,-,-0.121734153828454,0,0.997612220001673,0,10.4868561891685,1.8666,-,0.0405,Good
,1134,10493374,True external,-,0.0028535889309747,1,0.996286649187105,1,0,1.6587,-,0.0479,Good
,1135,10494283,True external,-,-0.00134066994215102,1,0.996069462612893,0,0,1.6494,-,0.0535,Good
,1136,10495286,True external,-,-0.03543387972913,4,0.995292920045852,4,0,2.5262,-,0.1598,Good
,1137,10495336,True external,-,-0.0438916353383682,0,0.993128573610217,0,10.4868561891685,3.1334,-,0.3679,Good
,1138,10497291,True external,-,-0.175357460590873,0,0.997956692959644,4,10.4868561891685,2.1032,-,0.1042,Good
,1139,10498931,True external,-,0.00994007263730265,0,0.995216936192886,3,10.4868561891685,2.7128,-,0.1402,Good
,1140,10500218,True external,-,0.0272556021410398,0,0.994998375957736,0,22.1014341852328,3.3144,-,0.1872,Good
,1141,10500662,True external,-,-0.178253549283263,0,0.996087920294302,0,10.4868561891685,2.3507,-,0.0666,Good
,1142,10500814,True external,-,0.0579232350392324,0,0.996268960042811,0,28.1345888762248,3.3246,-,0.1602,Good
,1143,10500931,True external,-,0.0225504042989919,0,0.994939367948921,0,7.77795983378424,2.3778,-,0.1311,Good
,1144,10500979,True external,-,-0.281173311087624,0,0.995470543050088,4,20.9737123783369,3.6022,-,0.2186,Good
,1145,10501911,True external,-,0.0420976324928731,0,0.994292077229373,0,0,2.0356,-,0.2096,Good
,1146,10502591,True external,-,-0.00282778211149905,0,0.994312352087552,3,0,2.286,-,0.2494,Good
,1147,10502687,True external,-,-0.0966313137290408,0,0.9952802874082,0,28.1345888762248,3.7145,-,0.2214,Good
,1148,10503249,True external,-,-0.243285161419891,0,0.996714429887586,1,13.2436037426935,2.4686,-,0.067,Good
,1149,10503306,True external,-,-0.0536989062354052,3,0.996439464104815,6,10.4868561891685,2.9457,-,0.147,Good
,1150,10503728,True external,-,-0.124863309106667,0,0.995647139734235,0,20.863761616035,3.1391,-,0.1316,Good
,1151,10503809,True external,-,0.280610853637896,0,0.996193159868179,15,2.32792015631003,2.6163,-,1.1381,Good
,1152,10503987,True external,-,-0.227458662846815,4,0.997789250492362,4,15.0792410722127,2.9242,-,0.1284,Good
,1153,10504169,True external,-,0.220025721850005,2,0.99689399337539,0,8.42900304532428,1.9358,-,0.0714,Good
,1154,10504181,True external,-,-0.0369800583796789,0,0.99768838896969,0,10.4868561891685,1.7897,-,0.0369,Good
,1155,10504334,True external,-,-0.0967261061388964,1,0.997923507647438,0,15.0792410722127,2.1738,-,0.0569,Good
,1156,10505297,True external,-,-0.132805227566336,2,0.997966581731754,0,15.0792410722127,2.2922,-,0.07,Good
,1157,10505421,True external,-,-0.093850124862134,0,0.996686364054523,0,13.6724311399085,2.3334,-,0.0462,Good
,1158,10505902,True external,-,5.87191079821536e-05,2,0.996547947025177,25,0,3.511,-,2.8304,Good
,1159,10506024,True external,-,-0.222499492903569,0,0.998163761368233,6,15.0792410722127,2.5312,-,0.2023,Good
,1160,10506059,True external,-,-0.0143195723252896,7,0.996445189262778,3,15.7302842837527,3.4729,-,0.2007,Good
,1161,10506432,True external,-,-0.552112529242142,0,0.997725710631133,0,10.4868561891685,2.1104,-,0.2009,Good
,1162,10506952,True external,-,0.229845646685188,0,0.998008221649256,4,19.6716259552569,2.4409,-,0.1476,Good
,1163,10507725,True external,-,0.184379162006658,2,0.998602693224562,8,24.2640108383011,3.1213,-,0.3385,Good
,1164,10508818,True external,-,-0.129969458027946,2,0.996294430616402,4,22.3715011976986,3.572,-,0.1225,Good
,1165,10509241,True external,-,-0.0873453963223435,9,0.997387003056468,0,6.3711499014801,2.6063,-,0.3572,Good
,1166,10509312,True external,-,-0.0694243952748906,0,0.996061506256521,7,2.75674755352504,2.3026,-,0.2727,Good
,1167,10509837,True external,-,0.00225279151299676,0,0.997567721761726,0,6.3711499014801,1.5249,-,0.0326,Good
,1168,10515117,True external,-,-0.191766748247397,8,0.997993001453661,0,0,1.962,-,0.3238,Good
,1169,10516321,True external,-,-0.111371883848237,2,0.996363284601557,3,0,1.9692,-,0.0711,Good
,1170,10517033,True external,-,-0.160590053082033,0,0.996870144455786,0,10.4868561891685,2.1096,-,0.0424,Good
,1171,10517738,True external,-,-0.197316970411178,8,0.997507772372272,0,0,2.1081,-,0.2961,Good
,1172,10518158,True external,-,-0.291401016308378,0,0.994944732778866,0,15.7302842837527,3.1097,-,0.1901,Good
,1173,10520209,True external,-,-0.0833036810995515,0,0.997081003094641,0,10.4868561891685,1.9979,-,0.0326,Good
,1174,10521093,True external,-,0.202400945951793,0,0.99614826590495,5,26.2989515467057,3.5235,-,0.2304,Good
,1175,10521442,True external,-,0.0355552677087164,0,0.995129015968217,3,0,2.0214,-,0.1685,Good
,1176,10521945,True external,-,-0.215500586958777,0,0.998029277156946,0,34.0290601823491,3.3775,-,0.2484,Good
,1177,10522385,True external,-,-0.0894974462621394,5,0.997979799982139,0,9.83581297762843,2.2337,-,0.1376,Good
,1178,10523660,True external,-,-0.220477319076096,0,0.996095749664245,4,10.4868561891685,2.6788,-,0.1298,Good
,1179,10524534,True external,-,-0.495370214559782,8,0.996597849035959,6,13.2436037426935,3.9069,-,0.3957,Good
,1180,10525654,True external,-,0.0212815361299944,2,0.997852455950828,0,10.4868561891685,1.9197,-,0.0496,Good
,1181,10526333,True external,-,-0.118514017598817,0,0.995503306450226,0,35.313305989771,4.1428,-,0.2978,Good
,1182,10527506,True external,-,-0.0889076008173397,3,0.998398517873243,4,9.83581297762843,2.1978,-,0.1135,Good
,1183,10528159,True external,-,0.103886993316353,0,0.994891522241033,0,10.4868561891685,2.5205,-,0.1493,Good
,1184,10528313,True external,-,-0.0103080471426026,0,0.994451263493607,5,0,2.4016,-,0.31,Good
,1185,10528345,True external,-,-0.0486951829973698,0,0.994136146363372,0,0,2.1399,-,0.2228,Good
,1186,10529392,True external,-,-0.0989638970065066,0,0.993815354648342,0,3.18557495074005,2.4793,-,0.2595,Good
,1187,10529452,True external,-,-0.0404771251618283,2,0.997334419329125,0,10.4868561891685,2.1116,-,0.0334,Good
,1188,10529928,True external,-,-0.11466364782636,1,0.997195808553666,0,10.4868561891685,2.0922,-,0.0296,Good
,1189,10530258,True external,-,-0.203776741228903,4,0.997073125784947,0,20.9737123783369,3.2099,-,0.1347,Good
,1190,10530623,True external,-,-0.0241122748071239,0,0.997361147409745,4,10.4868561891685,2.1807,-,0.081,Good
,1191,10531381,True external,-,-0.209396027017635,0,0.996457183730081,7,5.24342809458423,2.4426,-,0.2621,Good
,1192,10531404,True external,-,-0.0627249731128185,0,0.994278207031576,0,31.9712070385049,4.2434,-,0.3672,Good
,1193,10531584,True external,-,-0.111814864080212,0,0.998042420544294,6,19.6716259552569,2.8024,-,0.1908,Good
,1194,10531746,True external,-,-0.00833085501468807,0,0.995299036474807,0,36.5635919215491,4.2154,-,0.3245,Good
,1195,10531788,True external,-,-0.0155570541732769,2,0.99854639950231,6,19.6716259552569,2.8081,-,0.1924,Good
,1196,10531870,True external,-,-0.427249221357015,0,0.998035840999615,0,10.4868561891685,1.9389,-,0.1425,Moderate
,1197,10531995,True external,-,0.274809838506315,3,0.997970519536173,8,24.2640108383011,3.3566,-,0.3455,Moderate
,1198,10540102,True external,-,-0.11716121462539,4,0.995596304912347,0,0,2.1865,-,0.1007,Moderate
,1199,10546053,True external,-,-0.110142664867779,0,0.995633129689723,0,15.7302842837527,2.7908,-,0.1001,Moderate
,1200,10548322,True external,-,-0.345378991467103,0,0.991750233598548,0,0,3.0316,-,0.6828,Moderate
,1201,10548555,True external,-,-0.0283633224964216,0,0.997041222015172,0,10.4868561891685,1.9742,-,0.0311,Moderate
,1202,10549707,True external,-,-0.00471607513486652,1,0.994392755900066,0,11.6145779960643,2.9201,-,0.1779,Moderate
,1203,10549832,True external,-,-0.162512550278124,5,0.996961488088639,0,5.24342809458423,2.2729,-,0.1041,Moderate
,1204,10550830,True external,-,-0.131359880641904,4,0.997638563192417,0,5.24342809458423,1.9461,-,0.0832,Good
,1205,10550985,True external,-,-0.222502436789176,2,0.995364423133346,0,20.9737123783369,3.5081,-,0.1544,Good
,1206,10551583,True external,-,-0.230813889915985,0,0.997057660230605,0,10.4868561891685,2.0997,-,0.0548,Good
,1207,10551675,True external,-,-0.114392210112631,2,0.997350783483062,0,14.4281978606726,2.4177,-,0.048,Good
,1208,10553082,True external,-,-0.0774772366896769,1,0.996356141626908,0,28.1006290005811,3.4918,-,0.1495,Good
,1209,10553215,True external,-,0.0786387917650582,0,0.996223038530589,13,5.24342809458423,2.7808,-,0.8055,Good
,1210,10553900,True external,-,-0.0676101458451619,0,0.994414892694834,0,31.9712070385049,4.2064,-,0.351,Good
,1211,10553968,True external,-,0.00643852770342162,4,0.996424723473017,7,10.4868561891685,3.0949,-,0.2077,Good
,1212,10554286,True external,-,-0.113458395848768,2,0.995583891842002,0,0,1.972,-,0.075,Good
,1213,10554366,True external,-,-0.328169658914429,0,0.996477735408296,0,36.502171774044,4.071,-,0.3192,Good
,1214,10554919,True external,-,0.26476738674898,0,0.99771438467807,4,19.6716259552569,2.5047,-,0.152,Good
,1215,10555493,True external,-,0.175204761818377,0,0.997896675985827,4,19.6716259552569,2.5088,-,0.1306,Good
,1216,10555520,True external,-,-0.128420291311268,0,0.997918683247077,0,24.9150540498411,2.745,-,0.1256,Good
,1217,10556125,True external,-,-0.128493629744379,0,0.996976879285425,2,20.9737123783369,2.9099,-,0.0825,Good
,1218,10556425,True external,-,0.172144143655092,1,0.995595450076797,6,15.0792410722127,3.1393,-,0.2293,Good
,1219,10556704,True external,-,-0.058563643599853,4,0.998132535881984,0,10.4868561891685,2.1045,-,0.1077,Good
,1220,10556745,True external,-,0.227350119584882,0,0.993916800658703,0,0,2.0266,-,0.2986,Good
,1221,10567880,True external,-,-0.075494268693753,0,0.992866613960449,0,10.4868561891685,3.2307,-,0.4137,Good
,1222,10569293,True external,-,0.171163708745612,0,0.996235052381111,0,38.1441861539417,3.9305,-,0.3069,Good
,1223,10569527,True external,-,-0.181422914106599,0,0.995129015968217,3,0,2.1611,-,0.1743,Good
,1224,10570076,True external,-,-0.177082059734618,4,0.99711166106489,2,9.83581297762843,2.5888,-,0.0679,Good
,1225,10570762,True external,-,0.111641796582204,0,0.992776499387552,0,0,2.436,-,0.4469,Good
,1226,10571558,True external,-,0.120478145816153,0,0.995281997416115,0,0,1.6944,-,0.126,Good
,1227,10572832,True external,-,-0.111058465343138,0,0.99673228240455,0,10.4868561891685,2.1182,-,0.0382,Good
,1228,10573133,True external,-,-0.0708916398353863,3,0.997502389035697,2,9.83581297762843,2.2978,-,0.0457,Good
,1229,10573359,True external,-,-0.346741796116922,0,0.99603959918252,0,15.7302842837527,2.8237,-,0.1338,Good
,1230,10573385,True external,-,0.0932079122716066,0,0.994767579923318,0,9.18476976608839,2.4767,-,0.1574,Good
,1231,10573610,True external,-,-0.0561795801552595,0,0.997511838013941,0,15.0792410722127,2.1607,-,0.047,Good
,1232,10574347,True external,-,-0.0530418940037718,0,0.99649500088724,0,20.9737123783369,2.8512,-,0.087,Good
,1233,10575117,True external,-,-0.343673843498324,10,0.997838725418714,0,0,2.3208,-,0.5038,Good
,1234,10576455,True external,-,-0.0275027648110124,0,0.995579375059834,4,0,2.0056,-,0.1628,Good
,1235,10577210,True external,-,-0.252680441501805,0,0.995937097529608,0,20.9737123783369,3.1436,-,0.1409,Good
,1236,10577734,True external,-,-0.118179100399554,0,0.99398898533152,0,3.18557495074005,2.4407,-,0.2376,Good
,1237,10578381,True external,-,0.163048935633918,0,0.998288429387067,4,19.6716259552569,2.4016,-,0.1405,Good
,1238,10578811,True external,-,0.0303913434323914,0,0.996546761724031,7,15.7302842837527,2.9626,-,0.2323,Good
,1239,10578994,True external,-,0.0661388000923816,0,0.998565206011927,4,19.6716259552569,2.3827,-,0.1388,Good
,1240,10579134,True external,-,0.0670602030472102,0,0.997936639655481,4,19.6716259552569,2.5667,-,0.1143,Good
,1241,10579577,True external,-,-0.032318296177256,0,0.995299036474807,2,36.5635919215491,4.3824,-,0.314,Good
,1242,10579873,True external,-,-0.0222957434270539,1,0.995489143859105,7,0,2.364,-,0.2968,Good
,1243,10579957,True external,-,0.164270245614251,3,0.994712273881471,4,7.34913243656924,2.9514,-,0.2102,Good
,1244,10579958,True external,-,0.0605378594876935,4,0.995662455992493,0,12.3703447168284,2.8792,-,0.1112,Good
,1245,10580634,True external,-,-0.0206715628021035,0,0.995210930293217,0,6.3711499014801,2.2318,-,0.105,Good
,1246,10581542,True external,-,-0.0117106954212631,0,0.997644936943893,0,6.3711499014801,1.5112,-,0.0337,Good
,1247,10586261,True external,-,-0.49612842261603,2,0.996671975896743,0,5.24342809458423,2.2492,-,0.1431,Good
,1248,10588833,True external,-,-0.0259186507557158,0,0.996022672261479,0,10.4868561891685,2.2718,-,0.0574,Good
,1249,10590036,True external,-,-0.261193374098674,0,0.996996092799825,0,15.6203335214508,2.4804,-,0.0801,Good
,1250,10590123,True external,-,-0.49451803778442,0,0.996996092799825,0,10.4868561891685,2.2876,-,0.159,Good
,1251,10590921,True external,-,-0.332202045441247,0,0.996973871436098,0,21.3844980577413,2.9177,-,0.1388,Good
,1252,10591194,True external,-,-0.0318127050343613,2,0.997574825940784,0,5.24342809458423,1.6851,-,0.0356,Good
,1253,10591326,True external,-,-0.0328356647860219,0,0.996214046101281,0,34.0290601823491,3.793,-,0.2312,Good
,1254,10593486,True external,-,-0.203194445329958,0,0.997238016661496,3,10.4868561891685,2.2564,-,0.0723,Good
,1255,10595825,True external,-,-0.22431670417949,4,0.998759631019134,0,9.83581297762843,1.9836,-,0.1661,Good
,1256,10595901,True external,-,-0.115566474846649,3,0.998317115331966,2,9.83581297762843,2.0873,-,0.0814,Good
,1257,10596030,True external,-,-0.122871933892629,3,0.99716885338244,2,9.83581297762843,2.4292,-,0.0424,Good
,1258,10598564,True external,-,0.173687497881009,0,0.993798792298365,0,5.24342809458423,2.4461,-,0.2888,Good
,1259,10598739,True external,-,-0.239451080319352,4,0.996796156576321,0,10.4868561891685,2.6135,-,0.0872,Good
,1260,10599219,True external,-,-0.0181511998977326,0,0.995358326562514,0,26.7277789439207,3.5471,-,0.1966,Good
,1261,10599223,True external,-,-0.0524973200690558,1,0.994741153122709,0,0,2.0725,-,0.1405,Good
,1262,10599524,True external,-,-0.156121312441597,10,0.996609042691589,0,0,2.5612,-,0.4233,Good
,1263,10600135,True external,-,-0.121167550689878,0,0.994501095019899,0,31.4605685675054,4.1814,-,0.3395,Good
,1264,10601603,True external,-,-0.0386941818654733,2,0.998302357291957,0,10.4868561891685,1.8262,-,0.0678,Good
,1265,10601898,True external,-,-0.104447575138423,0,0.994055061199054,0,3.18557495074005,2.4124,-,0.2281,Good
,1266,10602534,True external,-,-0.0126934450568957,1,0.994956782690676,6,0,2.4383,-,0.2818,Good
,1267,10602632,True external,-,0.0417406485946717,0,0.997287424976085,0,10.4868561891685,1.8568,-,0.0342,Good
,1268,10602982,True external,-,-0.00418696896614654,2,0.995099102639774,0,13.0213879283685,2.9141,-,0.1121,Good
,1269,10603271,True external,-,-0.123579164070231,0,0.995240798780064,0,23.1952518515627,3.4134,-,0.1795,Good
,1270,10603288,True external,-,0.243233767455008,0,0.996497725694192,0,0,1.2583,-,0.0969,Good
,1271,10603308,True external,-,-0.252889915396108,0,0.998219358879156,4,15.0792410722127,2.3828,-,0.1371,Good
,1272,10603330,True external,-,0.0490103974499507,0,0.9979695525655,4,19.6716259552569,2.5687,-,0.1136,Good
,1273,10603650,True external,-,0.232215554964207,0,0.996562226389632,17,0,2.5352,-,1.4217,Good
,1274,10603949,True external,-,0.144980707161857,0,0.99774470710191,4,19.6716259552569,2.5729,-,0.1212,Good
,1275,10609957,True external,-,-0.11776395139698,2,0.996933529136858,0,0,1.5784,-,0.0387,Good
,1276,10612359,True external,-,0.0309952059823412,2,0.995090809302247,0,0,2.0239,-,0.1122,Good
,1277,10614162,True external,-,0.106339688239067,6,0.997202169783659,0,0,1.7866,-,0.1827,Good
,1278,10616677,True external,-,0.105929528034731,0,0.994977767463922,2,5.24342809458423,2.2951,-,0.1537,Good
,1279,10617258,True external,-,-0.240984846234906,2,0.995031458167472,0,8.42900304532428,2.7796,-,0.1243,Good
,1280,10618358,True external,-,-0.602768398751403,0,0.994709433683082,0,16.8580060906486,3.4546,-,0.3724,Good
,1281,10621720,True external,-,-0.0863395878998981,5,0.997189539276016,0,10.4868561891685,2.5072,-,0.1092,Good
,1282,10621925,True external,-,-0.128734731575535,0,0.996957345257462,0,20.3226691667969,2.7207,-,0.08,Good
,1283,10622338,True external,-,0.0150978507482194,0,0.994312352087552,0,0,2.047,-,0.2045,Good
,1284,10623709,True external,-,0.158278861888255,0,0.993416168509899,0,0,2.2181,-,0.3503,Good
,1285,10624325,True external,-,0.0347385248160938,0,0.995579375059834,6,0,2.1171,-,0.26,Good
,1286,10624326,True external,-,-0.0870270527563537,0,0.995579375059834,4,0,2.0439,-,0.1634,Good
,1287,10624921,True external,-,-0.127759101813821,0,0.998099435265069,0,26.850343068803,2.8207,-,0.1496,Good
,1288,10625432,True external,-,0.102291331016584,0,0.996421231505665,13,5.24342809458423,2.7073,-,0.7993,Good
,1289,10625498,True external,-,0.0161869215242163,0,0.995011288776731,5,0,2.2201,-,0.2531,Good
,1290,10625577,True external,-,0.193027889595219,0,0.99820256564445,4,19.6716259552569,2.4075,-,0.144,Good
,1291,10625920,True external,-,0.00379364841278734,0,0.995132964660225,5,0,2.1923,-,0.2412,Good
,1292,10626045,True external,-,-0.0730947625206357,0,0.994296508729493,0,31.9712070385049,4.2447,-,0.3656,Good
,1293,10626159,True external,-,-0.0620097732265013,1,0.994013112278866,0,0,2.2924,-,0.2202,Good
,1294,10626432,True external,-,0.120790433343572,0,0.994592953207,4,0,2.1998,-,0.2675,Good
,1295,10626517,True external,-,0.0785022554731254,0,0.996269535304645,14,0,2.4927,-,0.9679,Good
,1296,10626638,True external,-,-0.170480244712063,0,0.99696622761152,0,20.9737123783369,2.7884,-,0.091,Good
,1297,10626660,True external,-,0.00174844021261025,6,0.995566953186183,4,15.7302842837527,3.6885,-,0.1928,Good
,1298,10627088,True external,-,-0.164454564040114,0,0.998313787408819,4,15.0792410722127,2.2981,-,0.1211,Good
,1299,10629002,True external,-,-0.115619499515411,0,0.996604259609774,0,20.9737123783369,2.8594,-,0.0889,Good
,1300,10637356,True external,-,-0.421653903216589,0,0.993868711681648,0,0,2.4585,-,0.3365,Good
,1301,10637837,True external,-,0.0550772885385425,0,0.993776480821274,0,10.4868561891685,2.8794,-,0.2738,Good
,1302,10638676,True external,-,-0.107266353338946,0,0.997744808795711,2,28.7856320877649,3.1926,-,0.1464,Good
,1303,10638997,True external,-,-0.0431465004104393,6,0.996745670923859,0,0,2.017,-,0.1519,Good
,1304,10641036,True external,-,-0.133531914914932,3,0.994886806079923,0,8.42900304532428,2.8607,-,0.1258,Good
,1305,10641167,True external,-,-0.627115254412621,0,0.995385558841762,0,16.8580060906486,3.2717,-,0.3311,Good
,1306,10641880,True external,-,-0.219212426584068,2,0.995676018109331,0,5.24342809458423,2.3634,-,0.0752,Good
,1307,10642247,True external,-,-0.050476731927848,2,0.995843757544025,0,0,1.8552,-,0.0609,Good
,1308,10642427,True external,-,-0.270260152225938,0,0.997674689629951,0,10.4868561891685,1.9439,-,0.0714,Good
,1309,10642895,True external,-,0.00244377431813173,0,0.99519757761142,0,18.9158592344927,3.0591,-,0.1462,Good
,1310,10643039,True external,-,0.128174197777064,2,0.997885291606338,0,5.24342809458423,1.4909,-,0.0647,Good
,1311,10643097,True external,-,-0.176233820820066,0,0.996223980521149,0,10.4868561891685,2.3094,-,0.0607,Good
,1312,10644204,True external,-,-0.0527108254545176,2,0.997817316518231,0,10.4868561891685,1.9776,-,0.0457,Good
,1313,10645483,True external,-,-0.124385131451936,0,0.993975292278706,0,27.6598938607362,4.084,-,0.3604,Moderate
,1314,10646221,True external,-,-0.324392919241178,0,0.994418263207014,0,22.4164657661519,3.7323,-,0.3013,Moderate
,1315,10646454,True external,-,0.0093543995892444,2,0.998005138300082,0,10.4868561891685,1.8825,-,0.0548,Moderate
,1316,10646809,True external,-,-0.0755310369540045,0,0.994789681274683,4,0,2.2684,-,0.2295,Moderate
,1317,10646845,True external,-,-0.0897777045641795,0,0.99628272636925,0,34.0290601823491,3.8095,-,0.2322,Moderate
,1318,10647981,True external,-,-0.348357369900625,1,0.995755293607896,0,15.7302842837527,3.0161,-,0.1361,Moderate
,1319,10648258,True external,-,-0.0457288729313249,2,0.99820249595619,0,10.4868561891685,1.86,-,0.0624,Moderate
,1320,10648567,True external,-,-0.0699180493078587,0,0.99626577871393,0,18.4870318372777,2.7633,-,0.0794,Moderate
,1321,10649456,True external,-,0.130203423084511,0,0.998046814233385,6,19.6716259552569,2.6453,-,0.1973,Moderate
,1322,10649599,True external,-,-0.0900345706130669,1,0.995089114789591,0,0,1.9944,-,0.1106,Moderate
,1323,10650055,True external,-,0.0226989432143743,0,0.995147220582356,5,5.13347733228232,2.519,-,0.2212,Good
,1324,10650433,True external,-,-0.0252957758894485,1,0.99450979022451,0,3.18557495074005,2.3358,-,0.1576,Good
,1325,10650626,True external,-,0.0440393576848221,0,0.997018846356539,0,16.0003512962185,2.3026,-,0.0511,Good
,1326,10650669,True external,-,-0.0757835912343363,0,0.998198471669969,0,31.8713542469098,3.0937,-,0.2024,Good
,1327,10651407,True external,-,-0.0381025006178117,1,0.994987199770205,0,3.18557495074005,2.2038,-,0.1119,Good
,1328,10660155,True external,-,-0.118814477558305,0,0.995951373081507,2,10.4868561891685,2.5042,-,0.0741,Good
,1329,10660861,True external,-,-0.152282645931271,4,0.997616078697856,0,0,1.6159,-,0.093,Good
,1330,10663727,True external,-,-0.359299766928289,4,0.995906681712236,0,6.3711499014801,2.6769,-,0.1274,Good
,1331,10663914,True external,-,-0.0834207424637567,2,0.995177960817656,0,5.24342809458423,2.4223,-,0.0919,Good
,1332,10666673,True external,-,-0.170053323080155,3,0.997067741003241,2,9.83581297762843,2.4893,-,0.0466,Good
,1333,10667055,True external,-,-0.0441927000980334,2,0.997534595969702,1,5.24342809458423,1.7807,-,0.0303,Good
,1334,10667068,True external,-,-0.285616877008255,0,0.996312218404319,1,15.7302842837527,2.7801,-,0.0993,Good
,1335,10668342,True external,-,-0.235786270319395,0,0.998407080600069,0,19.6716259552569,2.3203,-,0.1274,Good
,1336,10668465,True external,-,-0.0318970816479988,2,0.998059860752627,0,5.24342809458423,1.5427,-,0.0533,Good
,1337,10668538,True external,-,-0.00181941128083872,0,0.995429992552957,0,23.5422039931806,3.3027,-,0.1618,Good
,1338,10668635,True external,-,-0.134098602414962,0,0.996571353812853,2,10.4868561891685,2.3319,-,0.0517,Good
,1339,10668774,True external,-,-0.201930710858404,0,0.996921364985374,4,10.4868561891685,2.4244,-,0.1007,Good
,1340,10669803,True external,-,0.132387680051236,0,0.996209179417666,11,4.65584031262006,2.5594,-,0.6,Good
,1341,10669899,True external,-,-0.181793626778859,4,0.997895431339371,2,9.83581297762843,2.3616,-,0.0909,Good
,1342,10669986,True external,-,-0.0830470597855575,3,0.997434273377836,2,9.83581297762843,2.3256,-,0.0445,Good
,1343,10670010,True external,-,0.123166864982373,0,0.995112226093927,0,1.55073395989728,1.8461,-,0.1356,Good
,1344,10670015,True external,-,-0.179446646160192,6,0.995666382673979,0,13.6724311399085,3.3352,-,0.1822,Good
,1345,10671564,True external,-,-0.0945937549477673,0,0.993858213062354,0,3.18557495074005,2.4639,-,0.2534,Good
,1346,10671823,True external,-,-0.279534127106864,10,0.996280512815499,0,8.42900304532428,3.3003,-,0.4322,Good
,1347,10671899,True external,-,-0.0677552089902629,1,0.995907721006603,0,18.9158592344927,3.0035,-,0.0891,Good
,1348,10672107,True external,-,-0.142550484066476,0,0.993755478060423,0,3.18557495074005,2.5249,-,0.2713,Good
,1349,10672619,True external,-,0.0088503083161165,0,0.995447102222748,2,5.24342809458423,2.2197,-,0.1033,Good
,1350,10672967,True external,-,-0.102536875536648,0,0.996271507163866,0,17.1730376715677,2.6948,-,0.0742,Good
,1351,10673194,True external,-,-0.1347877299883,0,0.994340587936493,0,34.0290601823491,4.4089,-,0.3947,Good
,1352,10673502,True external,-,0.0234985335689383,0,0.994544874303209,0,0,1.9733,-,0.1793,Good
,1353,10674224,True external,-,-0.122827755250033,0,0.997148753692694,0,20.9737123783369,2.7041,-,0.0827,Good
,1354,10674454,True external,-,-0.110089535834163,0,0.997182962624855,0,20.9737123783369,2.6859,-,0.0812,Good
,1355,10674507,True external,-,0.0460755915312703,0,0.998167993749357,4,19.6716259552569,2.5123,-,0.1197,Good
,1356,10674797,True external,-,0.0993164455010952,4,0.998574176759757,6,19.6716259552569,2.9417,-,0.2351,Good
,1357,10674875,True external,-,0.0115233654692381,1,0.995563439600142,7,5.24342809458423,2.6707,-,0.2689,Good
,1358,10674909,True external,-,-0.412374409092424,0,0.996945370379497,0,10.4868561891685,2.2496,-,0.118,Good
,1359,10684135,True external,-,-0.106890829522405,0,0.995951373081507,0,33.6821080407312,3.8947,-,0.245,Good
,1360,10686902,True external,-,-0.20835684312695,0,0.995959098606247,0,10.4868561891685,2.4079,-,0.0782,Good
,1361,10687703,True external,-,-0.252238553093498,6,0.99440747413832,0,3.18557495074005,3.0512,-,0.2528,Good
,1362,10687714,True external,-,-0.431716602991983,0,0.996533680772561,0,10.4868561891685,2.383,-,0.1333,Good
,1363,10689738,True external,-,-0.219131057367542,0,0.994675878835335,0,10.4868561891685,2.7918,-,0.1774,Good
,1364,10689832,True external,-,-0.268029688064065,0,0.997047787218509,4,10.4868561891685,2.4298,-,0.1155,Good
,1365,10690006,True external,-,0.0808079398982131,0,0.99298151507987,0,11.7711019965903,3.1821,-,0.4061,Good
,1366,10690422,True external,-,-0.178317961598171,2,0.996133557055562,0,0,1.8524,-,0.0572,Good
,1367,10691176,True external,-,-0.435476403690205,0,0.99448661733282,0,6.3711499014801,2.7116,-,0.2636,Good
,1368,10691901,True external,-,0.123727473023582,0,0.994130503894101,0,23.5422039931806,3.6035,-,0.3066,Good
,1369,10694216,True external,-,-0.174798931175545,0,0.993232352243797,0,0,2.4865,-,0.3594,Good
,1370,10694367,True external,-,-0.129448220905619,0,0.996432272718396,0,15.7302842837527,2.5685,-,0.0645,Good
,1371,10694930,True external,-,-0.100580898274611,0,0.996232042818808,0,23.5422039931806,3.1307,-,0.1195,Good
,1372,10695332,True external,-,-0.246142927791589,2,0.997334419329125,0,10.4868561891685,2.244,-,0.0568,Good
,1373,10696169,True external,-,0.0962943689367524,2,0.997115144692051,6,5.24342809458423,2.1924,-,0.1598,Good
,1374,10696225,True external,-,-0.0956075242421966,0,0.996371903939015,0,25.5660972613811,3.2216,-,0.1318,Good
,1375,10696868,True external,-,-0.593511738264301,0,0.997599361221751,0,10.4868561891685,2.1741,-,0.2246,Good
,1376,10697885,True external,-,-0.0253654632406689,0,0.993847119904849,0,0,2.2097,-,0.2608,Good
,1377,10698164,True external,-,-0.0360961839658024,1,0.994808883874567,2,7.77795983378424,2.7133,-,0.1365,Good
,1378,10698207,True external,-,-0.123027545929183,2,0.997679734421014,1,26.0153155848756,3.1767,-,0.1219,Good
,1379,10698650,True external,-,0.0302945470692073,0,0.998402682255563,4,19.6716259552569,2.4535,-,0.1283,Good
,1380,10699162,True external,-,0.03707371381339,0,0.996834696060938,0,16.8580060906486,2.4184,-,0.0565,Good
,1381,10699575,True external,-,-0.424474279971913,7,0.996474716471343,4,12.8147763454785,3.6093,-,0.2652,Good
,1382,10699757,True external,-,-0.0824641486405945,0,0.996079535503658,0,10.4868561891685,2.2915,-,0.0561,Good
,1383,10699830,True external,-,0.0108054462853599,0,0.995925329084654,0,0,1.5761,-,0.0705,Good
,1384,10706936,True external,-,-0.253859766818985,0,0.996839831666731,0,10.4868561891685,2.1785,-,0.0622,Good
,1385,10708728,True external,-,-0.0298955690073852,3,0.996363284601557,1,0,1.873,-,0.053,Good
,1386,10713069,True external,-,-0.173390899793659,3,0.998193289479163,2,9.83581297762843,2.1609,-,0.0808,Good
,1387,10713070,True external,-,-0.173390899793659,3,0.998193289479163,2,9.83581297762843,2.1609,-,0.0808,Good
,1388,10713524,True external,-,0.109373467919071,0,0.996576866577435,0,23.5422039931806,2.8942,-,0.1131,Good
,1389,10715302,True external,-,-0.00669724362805749,0,0.996933395487157,0,9.83581297762843,1.9484,-,0.0311,Good
,1390,10715499,True external,-,-0.281577583340674,0,0.995733890139223,0,15.7302842837527,2.8716,-,0.1277,Good
,1391,10715919,True external,-,-0.157227588134873,2,0.995872395617122,2,2.75674755352504,2.2513,-,0.0657,Good
,1392,10716458,True external,-,-0.184050296576138,0,0.996901401098875,0,10.4868561891685,2.1155,-,0.046,Good
,1393,10716527,True external,-,-0.157896335969927,10,0.997201426492002,0,0,2.3884,-,0.4414,Good
,1394,10717195,True external,-,-0.0550666704143692,0,0.995975871732135,0,23.5422039931806,3.1766,-,0.128,Good
,1395,10717533,True external,-,-0.594633337943352,0,0.994613075983966,0,15.6203335214508,3.3949,-,0.3695,Good
,1396,10717800,True external,-,0.0303849753483558,12,0.996580886184241,0,0,2.6651,-,0.6404,Good
,1397,10718119,True external,-,-0.160370415479373,0,0.996823239446999,2,20.3226691667969,2.932,-,0.0855,Good
,1398,10719290,True external,-,-0.110055472387417,0,0.995579375059834,4,0,2.0587,-,0.1648,Good
,1399,10721188,True external,-,0.232065523956062,0,0.997807535435587,4,19.6716259552569,2.4984,-,0.1434,Good
,1400,10721988,True external,-,-0.0833549513069878,10,0.998232829283175,0,20.9737123783369,3.4388,-,0.5613,Good
,1401,10722139,True external,-,0.117105972247869,0,0.995136137805387,0,10.4868561891685,2.4401,-,0.1297,Good
,1402,10722823,True external,-,0.225549605503117,0,0.997512770638525,0,4.65220187969184,1.2824,-,0.0729,Good
,1403,10722833,True external,-,0.0812018559465827,0,0.997885969760358,6,19.6716259552569,2.7241,-,0.1864,Good
,1404,10723165,True external,-,0.0307197613920132,1,0.998045685479278,5,24.2640108383011,3.0486,-,0.1589,Good
,1405,10730452,True external,-,-0.276582756830212,0,0.996202186585343,0,10.4868561891685,2.3805,-,0.0845,Good
,1406,10731776,True external,-,-0.156164524870435,4,0.997114348405147,0,0,1.7657,-,0.0799,Good
,1407,10735027,True external,-,-0.285677661546455,0,0.996869674365311,0,28.7856320877649,3.4129,-,0.1933,Good
,1408,10737090,True external,-,-0.174836637447684,0,0.998027004345254,0,20.3226691667969,2.4362,-,0.1013,Good
,1409,10737359,True external,-,-0.239841204534063,4,0.996962444343924,0,10.4868561891685,2.5649,-,0.0881,Good
,1410,10738967,True external,-,-0.281495836280249,0,0.9962038373471,1,15.7302842837527,2.8093,-,0.1022,Good
,1411,10739391,True external,-,0.110039269985697,3,0.996320182942513,0,8.42900304532427,2.2829,-,0.0658,Good
,1412,10739811,True external,-,-0.121336195747087,10,0.99687114500586,1,0,2.5376,-,0.4112,Good
,1413,10740039,True external,-,-0.167277918533738,0,0.998071958147937,0,22.2579581857588,2.5474,-,0.1152,Good
,1414,10740297,True external,-,-0.148679287599228,4,0.99530136917635,0,0,2.2934,-,0.1182,Good
,1415,10740302,True external,-,0.0937364117830313,0,0.994875872695114,0,13.0213879283685,2.7009,-,0.1557,Good
,1416,10740727,True external,-,-0.127740631632771,10,0.996997787203316,0,0,2.4288,-,0.4332,Good
,1417,10741596,True external,-,0.112475762166895,0,0.994555213484867,0,0,1.913,-,0.1911,Good
,1418,10744087,True external,-,0.102299124403418,0,0.995737021496698,13,2.32792015631003,2.7135,-,0.8597,Good
,1419,10745157,True external,-,-0.0935992162484271,5,0.994149460722166,0,7.77795983378424,3.2238,-,0.2323,Good
,1420,10745507,True external,-,-0.158261567760396,0,0.997209937873586,0,20.9737123783369,2.709,-,0.0879,Good
,1421,10745563,True external,-,0.049056471214273,0,0.99834357142649,4,19.6716259552569,2.4588,-,0.1268,Good
,1422,10745843,True external,-,0.113490776130748,0,0.997875921456481,4,19.6716259552569,2.5547,-,0.1185,Good
,1423,10746388,True external,-,0.0914744999150231,4,0.997914500961341,4,19.6716259552569,2.9889,-,0.1449,Good
,1424,10746625,True external,-,-0.16218084319896,1,0.996038790594584,8,0,2.3684,-,0.3377,Moderate
,1425,10746825,True external,-,-0.131815169264916,1,0.996038790594585,8,0,2.3489,-,0.3343,Moderate
,1426,10758192,True external,-,-0.24094919394342,0,0.997277106862214,6,22.2579581857588,3.2831,-,0.2176,Good
,1427,10759152,True external,-,-0.355553495713509,4,0.996698612663155,0,10.4868561891685,2.7169,-,0.1189,Good
,1428,10759703,True external,-,-0.11561139759793,5,0.995488168196376,0,13.6724311399085,3.2386,-,0.1455,Good
,1429,10762796,True external,-,-0.0788027843203093,0,0.997162939048056,1,10.4868561891685,2.0467,-,0.0308,Good
,1430,10763072,True external,-,-0.494811526499718,4,0.996597849035959,6,13.2436037426935,3.4752,-,0.2666,Good
,1431,10763452,True external,-,-0.0816531817217131,0,0.995872395617122,2,2.75674755352504,1.9869,-,0.0807,Good
,1432,10764900,True external,-,-0.322798684034954,4,0.995816069222034,0,13.6724311399085,3.1679,-,0.1379,Good
,1433,10764976,True external,-,-0.143291641026249,0,0.994132518162613,0,0,2.2018,-,0.2278,Good
,1434,10765112,True external,-,-0.124008377469796,0,0.996128940884751,0,10.4868561891685,2.3037,-,0.0573,Good
,1435,10765153,True external,-,0.0401153018004587,0,0.994720595510611,3,0,2.1384,-,0.2076,Good
,1436,10765614,True external,-,-0.0940355388546805,0,0.997030289210049,1,28.7856320877649,3.3182,-,0.1412,Good
,1437,10766060,True external,-,-0.121965947977917,1,0.99544434010535,0,5.24342809458423,2.261,-,0.0782,Good
,1438,10767099,True external,-,-0.0680563022637449,1,0.997542836047004,0,10.4868561891685,1.9603,-,0.0312,Good
,1439,10767562,True external,-,-0.157495309439828,2,0.997044614608837,0,10.4868561891685,2.2721,-,0.0377,Good
,1440,10767637,True external,-,0.0882573911735482,0,0.998324843050275,4,19.6716259552569,2.439,-,0.1298,Good
,1441,10767855,True external,-,0.137034600710532,0,0.99735055369567,0,10.4868561891685,1.7769,-,0.0481,Good
,1442,10767876,True external,-,-0.00593466121688144,0,0.99428459143809,0,0,2.0687,-,0.2063,Good
,1443,10768348,True external,-,-0.103941384324195,2,0.996538334545563,0,18.9158592344927,2.9495,-,0.0716,Good
,1444,10768403,True external,-,0.168896098262858,0,0.99831670917196,4,19.6716259552569,2.3895,-,0.1429,Good
,1445,10768550,True external,-,-0.0710641114471822,0,0.994235279735735,0,7.77795983378424,2.6448,-,0.2038,Good
,1446,10769070,True external,-,0.0409862751515741,10,0.99710754819566,0,0,2.2879,-,0.4552,Good
,1447,10769106,True external,-,0.156446379268332,0,0.99801164086052,4,19.6716259552569,2.4871,-,0.1296,Good
,1448,10769251,True external,-,0.147828710171797,0,0.998539081004172,4,19.6716259552569,2.3378,-,0.1489,Good
,1449,10769552,True external,-,-0.232569080845129,0,0.998219358879156,3,15.0792410722127,2.2939,-,0.1081,Good
,1450,10769782,True external,-,-0.0228191985326864,0,0.995214300462121,2,37.2146351330891,4.4447,-,0.3304,Good
,1451,10770376,True external,-,0.177239267042338,2,0.997755029735849,4,19.6716259552569,2.7648,-,0.1224,Good
,1452,10770516,True external,-,0.020306715080857,1,0.998028674706269,4,19.6716259552569,2.6776,-,0.105,Good
,1453,10770681,True external,-,-0.183116095367583,10,0.996751343060769,0,0,2.5368,-,0.4274,Good
,1454,10778469,True external,-,-0.164418014585999,6,0.997892472781521,0,0,1.7582,-,0.19,Good
,1455,10781687,True external,-,-0.0707258990774869,0,0.994807972667337,0,0,1.9567,-,0.1494,Good
,1456,10782518,True external,-,0.0512052356590287,6,0.99654689986338,0,0,2.0146,-,0.1627,Good
,1457,10783757,True external,-,-0.086750202440172,0,0.993508582591615,0,8.42900304532427,2.9119,-,0.3041,Good
,1458,10785138,True external,-,-0.064975291777036,0,0.996945349597475,0,10.4868561891685,2.0259,-,0.0324,Good
,1459,10785453,True external,-,-0.0249447952418125,0,0.99764970893805,2,15.0792410722127,2.2518,-,0.0502,Good
,1460,10785656,True external,-,0.161373605835995,0,0.995424749644828,5,2.32792015631003,2.1607,-,0.2305,Good
,1461,10787093,True external,-,-0.0299488953041612,0,0.995872395617122,4,2.75674755352504,2.1053,-,0.1331,Good
,1462,10788426,True external,-,0.151671201701429,0,0.996407163171193,2,5.24342809458423,1.8458,-,0.0732,Good
,1463,10789697,True external,-,-0.0441210980237362,2,0.995611984263156,2,11.7711019965903,2.8573,-,0.0723,Good
,1464,10789883,True external,-,-0.012074736787378,0,0.994544874303209,0,0,1.9962,-,0.1768,Good
,1465,10790224,True external,-,0.117138529503765,6,0.996369588685668,0,8.42900304532427,2.5874,-,0.1704,Good
,1466,10791135,True external,-,0.166126932026475,0,0.992574389630411,0,0,2.4603,-,0.4973,Good
,1467,10791193,True external,-,0.0128327010718657,0,0.994926336541852,0,5.24342809458423,2.2185,-,0.1313,Good
,1468,10791524,True external,-,-0.206679828729601,1,0.996621587747987,0,25.5660972613811,3.3276,-,0.1351,Good
,1469,10791738,True external,-,-0.055359158447356,3,0.997839388107651,2,9.83581297762843,2.1888,-,0.0561,Good
,1470,10792038,True external,-,-0.0961099241835262,1,0.99673258739706,0,28.1006290005811,3.3932,-,0.1417,Good
,1471,10792156,True external,-,0.0131116449039653,0,0.995132964660226,5,0,2.1863,-,0.2419,Good
,1472,10792249,True external,-,-0.0688902705936809,0,0.99319919766765,5,0,2.8071,-,0.4871,Good
,1473,10792853,True external,-,0.0219547818819483,1,0.995555364917263,7,0,2.316,-,0.2951,Good
,1474,10793143,True external,-,-0.274021574256295,0,0.99818240415786,4,19.6716259552569,2.7141,-,0.1585,Good
,1475,10793382,True external,-,-0.104470322986674,4,0.998067218952508,0,0,1.4526,-,0.1111,Good
,1476,10793873,True external,-,0.121631892021253,0,0.99794105244408,4,19.6716259552569,2.5303,-,0.1214,Good
,1477,10793890,True external,-,-0.163092097141411,0,0.997039281759518,0,20.9737123783369,2.7622,-,0.0891,Good
,1478,10794144,True external,-,-0.316431440835627,0,0.995219440088366,0,16.8580060906486,3.1204,-,0.1807,Good
,1479,10794766,True external,-,0.113203257170518,2,0.998017281797287,0,39.3432519105137,3.7402,-,0.3185,Good
,1480,10800304,True external,-,-0.33125135112466,2,0.996271271086633,0,13.6724311399085,2.8239,-,0.0975,Good
,1481,10806215,True external,-,-0.261294361160303,4,0.995226055820477,0,0,2.388,-,0.1386,Good
,1482,10806463,True external,-,0.0786555765559106,0,0.995775866513915,0,28.7856320877649,3.4996,-,0.1943,Good
,1483,10807116,True external,-,-0.18619728965563,0,0.995929200048932,0,10.4868561891685,2.4024,-,0.0755,Good
,1484,10807507,True external,-,0.165410437600138,0,0.994928349596391,0,35.313305989771,4.1288,-,0.3574,Good
,1485,10809054,True external,-,-0.0402092963718873,2,0.997921279377815,0,5.24342809458423,1.5887,-,0.0471,Good
,1486,10809073,True external,-,-0.0840711024303012,0,0.995778222924952,0,10.4868561891685,2.381,-,0.0714,Good
,1487,10809772,True external,-,-0.0207441905775942,1,0.996376957760106,0,33.3780169708091,3.8018,-,0.2101,Good
,1488,10810513,True external,-,0.194906572371703,0,0.995375926432807,0,30.5101503477505,3.6575,-,0.2624,Good
,1489,10811382,True external,-,-0.155937636219582,4,0.997373489421884,2,9.83581297762843,2.4983,-,0.07,Good
,1490,10811655,True external,-,0.125810354054366,0,0.993416168509899,0,0,2.239,-,0.3426,Good
,1491,10812631,True external,-,0.249189980051842,0,0.996193159868179,15,2.32792015631003,2.6366,-,1.1267,Good
,1492,10813243,True external,-,0.0415493284906579,0,0.99489836386763,4,0,2.1611,-,0.2235,Good
,1493,10813595,True external,-,-0.0616980806869631,0,0.996567353566933,0,13.2436037426935,2.3191,-,0.0455,Good
,1494,10813629,True external,-,-0.12815574741137,10,0.997201426492002,0,0,2.3692,-,0.441,Good
,1495,10813683,True external,-,-0.0854055406451132,0,0.996709819903028,0,0,1.4076,-,0.0439,Good
,1496,10814601,True external,-,-0.0630503694047786,0,0.996668099104711,4,19.6716259552569,3.0231,-,0.1115,Good
,1497,10815531,True external,-,-0.101792579944359,0,0.997254357479599,0,10.4868561891685,1.9589,-,0.0341,Good
,1498,10815661,True external,-,-0.0584106589847262,2,0.997418390865433,8,20.3226691667969,3.3621,-,0.2587,Good
,1499,10816314,True external,-,-0.100281960240923,0,0.993677494769619,0,3.18557495074005,2.5206,-,0.2789,Good
,1500,10816729,True external,-,-0.0379370831406878,0,0.994952812514824,0,7.77795983378424,2.4128,-,0.1274,Good
,1501,10817302,True external,-,0.0564403769332862,0,0.99500184848746,6,0,2.2727,-,0.3101,Good
,1502,10817590,True external,-,-0.141096667564077,0,0.997015059087188,0,20.9737123783369,2.7552,-,0.0858,Good
,1503,10818230,True external,-,-0.0624916055232729,0,0.997654975313507,5,19.6716259552569,2.8086,-,0.1375,Good
,1504,10818708,True external,-,0.0198945074114827,0,0.998028267365946,0,40.6453383335938,3.6683,-,0.3179,Good
,1505,10818709,True external,-,-0.0524942999713912,0,0.996912429135848,2,20.9737123783369,2.8799,-,0.0767,Good
,1506,10829187,True external,-,-0.0820612045264762,2,0.996086598802803,0,0,1.8042,-,0.0513,Good
,1507,10830265,True external,-,-0.303085873177354,8,0.995321186289499,0,0,2.8184,-,0.3064,Good
,1508,10830985,True external,-,0.0435697329453948,2,0.995776857363747,0,8.42900304532428,2.3775,-,0.0624,Good
,1509,10831150,True external,-,-0.0815691706104988,5,0.994421908548098,0,8.42900304532428,3.1795,-,0.2063,Good
,1510,10832307,True external,-,-0.119925140095512,4,0.997979799982139,4,9.83581297762843,2.4486,-,0.1138,Good
,1511,10833633,True external,-,-0.322232255421265,0,0.995117956328986,0,20.9737123783369,3.429,-,0.2187,Good
,1512,10834146,True external,-,-0.202252086400814,0,0.998441330345183,0,26.850343068803,2.7683,-,0.1788,Good
,1513,10835011,True external,-,-0.196017216057278,0,0.995888384364314,0,15.7302842837527,2.7711,-,0.0978,Good
,1514,10835134,True external,-,-0.232543048943562,0,0.995867206072373,0,15.7302842837527,2.8008,-,0.107,Good
,1515,10835175,True external,-,-0.182577030652432,10,0.99687114500586,0,5.24342809458423,2.8516,-,0.4255,Good
,1516,10836172,True external,-,-0.18355510783729,0,0.995380776443242,0,23.5422039931806,3.4341,-,0.1809,Good
,1517,10836580,True external,-,0.190269817588916,0,0.996193159868179,15,4.65584031262006,2.83,-,1.0899,Good
,1518,10837417,True external,-,0.0227198176718883,1,0.995562010515928,0,26.7277789439207,3.5688,-,0.1737,Good
,1519,10837805,True external,-,-0.0634641562625695,0,0.996622562977191,11,12.6309931752435,3.0969,-,0.5376,Good
,1520,10837975,True external,-,-0.379584369577868,0,0.996729234484301,2,10.4868561891685,2.4436,-,0.1139,Good
,1521,10838237,True external,-,-0.00888524910961401,0,0.995585303730256,5,0,2.0676,-,0.2051,Good
,1522,10838979,True external,-,-0.00203190053034531,2,0.996293000692093,0,0,1.692,-,0.0472,Good
,1523,10839097,True external,-,-0.0300459870230116,0,0.993611593418896,0,8.42900304532428,2.8451,-,0.288,Good
,1524,10839754,True external,-,-0.0829581674196629,11,0.997324250169987,0,5.24342809458423,2.7622,-,0.5395,Good
,1525,10839955,True external,-,0.0065422696566651,0,0.998222447460471,0,19.6716259552569,2.2185,-,0.0898,Good
,1526,10840471,True external,-,-0.0259727415299542,1,0.995223314379931,11,0,2.7476,-,0.6468,Good
,1527,10840557,True external,-,-0.067814266365095,0,0.994657409776145,0,31.9712070385049,4.1353,-,0.3236,Good
,1528,10840687,True external,-,0.191167115287188,0,0.998093218580349,4,24.8051032875392,2.7838,-,0.1675,Good
,1529,10840780,True external,-,-0.298628983717234,0,0.99818240415786,3,19.6716259552569,2.6541,-,0.1448,Moderate
,1530,10840963,True external,-,-0.267440282169826,0,0.998219358879156,3,15.0792410722127,2.3164,-,0.1177,Moderate
,1531,10841163,True external,-,-0.142023419258175,0,0.995605464333459,2,0,1.92,-,0.11,Moderate
,1532,10841556,True external,-,0.0245319909519104,0,0.997622631044867,5,19.6716259552569,2.7621,-,0.1366,Moderate
,1533,10841636,True external,-,0.0911318777167922,2,0.99827998246643,8,24.2640108383011,3.2761,-,0.305,Moderate
,1534,10841730,True external,-,-0.105305781221893,0,0.99701069354538,0,15.0792410722127,2.3396,-,0.0483,Moderate
,1535,10842035,True external,-,0.0112402793056261,2,0.996029344913479,0,3.18557495074005,1.9738,-,0.0493,Moderate
,1536,10853141,True external,-,-0.246210334592964,4,0.99704778721851,0,10.4868561891685,2.5439,-,0.0903,Good
,1537,10854769,True external,-,-0.0834314963795835,5,0.995224693474706,0,8.42900304532427,2.945,-,0.1442,Good
,1538,10858891,True external,-,0.0312938627112347,0,0.995154280965351,0,10.4868561891685,2.49,-,0.1167,Good
,1539,10861317,True external,-,-0.133177986298834,0,0.996171316950265,0,15.7302842837527,2.6475,-,0.0743,Good
,1540,10862422,True external,-,-0.121779015747579,5,0.998423453917397,0,9.83581297762843,2.1241,-,0.167,Good
,1541,10863286,True external,-,-0.0416418202532139,2,0.997776815896319,0,19.6716259552569,2.5961,-,0.0818,Good
,1542,10863738,True external,-,0.02842326600384,0,0.997063298561238,2,15.0792410722127,2.3896,-,0.0486,Good
,1543,10864258,True external,-,-0.244293405944595,0,0.996289443756009,0,18.2648160229527,2.8537,-,0.1048,Good
,1544,10865067,True external,-,-0.111816343669164,3,0.995328201520165,5,2.75674755352504,2.7172,-,0.1724,Good
,1545,10865275,True external,-,-0.119663309566478,3,0.996411550125268,11,12.5925605311535,3.516,-,0.4856,Good
,1546,10865286,True external,-,-0.14584852988256,3,0.996411550125269,6,12.5925605311535,3.1539,-,0.1531,Good
,1547,10865617,True external,-,-0.188755478360011,2,0.997087170902764,0,15.7302842837527,2.63,-,0.0607,Good
,1548,10869333,True external,-,-0.287334602983841,4,0.99539077829577,0,0,2.3564,-,0.1347,Good
,1549,10869689,True external,-,0.0312938627112347,0,0.995935742537186,0,10.4868561891685,2.2605,-,0.0642,Good
,1550,10871480,True external,-,0.27946332416001,0,0.997720883504355,6,18.8139711608268,2.5876,-,0.2266,Good
,1551,10871661,True external,-,-0.256761768924893,10,0.997914451004529,0,0,2.2426,-,0.4917,Good
,1552,10871718,True external,-,-0.228853350538819,5,0.995091986897569,0,0,2.5144,-,0.1666,Good
,1553,10872512,True external,-,-0.144181887610103,0,0.996211732348535,0,10.4868561891685,2.2924,-,0.0564,Good
,1554,10872792,True external,-,0.0322336784788892,0,0.996609215910093,0,15.7302842837527,2.4124,-,0.0553,Good
,1555,10873119,True external,-,-0.22284761172995,0,0.996695658279614,0,15.7302842837527,2.5513,-,0.0746,Good
,1556,10873391,True external,-,0.166336906647724,2,0.997274687191338,0,28.7856320877649,3.2187,-,0.1717,Good
,1557,10873765,True external,-,-0.0904339608146457,0,0.997314738519928,0,10.4868561891685,1.9338,-,0.0336,Good
,1558,10874466,True external,-,0.00486932980441255,0,0.997581871461069,4,13.2436037426935,2.2815,-,0.0852,Good
,1559,10875758,True external,-,-0.113878543507308,3,0.99620512850579,12,12.5925605311535,3.6488,-,0.588,Good
,1560,10875861,True external,-,-0.135369475621333,3,0.995368232426038,5,2.75674755352504,2.7206,-,0.1712,Good
,1561,10881324,True external,-,-0.0639909542226146,0,0.996507677017177,0,5.24342809458423,1.8035,-,0.0368,Good
,1562,10882209,True external,-,0.0964787274771962,0,0.997385954090183,0,10.4868561891685,1.7926,-,0.0414,Good
,1563,10882561,True external,-,0.166291282586383,0,0.993628436471799,3,0,2.378,-,0.3689,Good
,1564,10883743,True external,-,-0.0246821519693173,0,0.995371177110301,0,10.4868561891685,2.4624,-,0.0969,Good
,1565,10884005,True external,-,-0.144511716643918,5,0.996582742998769,2,9.83581297762843,2.831,-,0.0923,Good
,1566,10884691,True external,-,-0.137702120618216,2,0.99513220856772,0,18.9158592344927,3.3842,-,0.1428,Good
,1567,10884785,True external,-,-0.163635827125982,6,0.996700708544029,2,10.4868561891685,2.96,-,0.1339,Good
,1568,10885040,True external,-,-0.209488749195174,0,0.995902822888497,1,10.4868561891685,2.501,-,0.0813,Good
,1569,10885663,True external,-,0.0635976027769805,0,0.995959422220393,4,9.83581297762843,2.4925,-,0.1215,Good
,1570,10886609,True external,-,-0.137300224330465,0,0.997118207392852,1,18.4870318372777,2.6321,-,0.0639,Good
,1571,10887150,True external,-,-0.0815667574362987,0,0.996703607804584,12,10.4868561891685,3.0173,-,0.6424,Good
,1572,10892452,True external,-,-0.0288411881050868,12,0.99327485973713,0,0,3.6742,-,0.7781,Good
,1573,10893425,True external,-,-0.152722147544119,4,0.996796939509734,0,10.4868561891685,2.5574,-,0.0739,Good
,1574,10895121,True external,-,0.0721834115543104,2,0.995913249517036,0,9.83581297762843,2.413,-,0.0617,Good
,1575,10895235,True external,-,0.072490694331539,0,0.997962505090486,0,28.8563957213453,2.8661,-,0.16,Good
,1576,10895354,True external,-,-0.0267275213930243,0,0.994190106089741,0,0,2.1099,-,0.2167,Good
,1577,10895366,True external,-,0.0930665324745989,0,0.99610456822816,0,23.5422039931806,3.0434,-,0.1282,Good
,1578,10895926,True external,-,-0.133604402665613,2,0.997454726645268,0,19.6716259552569,2.7499,-,0.0793,Good
,1579,10896522,True external,-,0.111737325203281,0,0.995843184693439,0,20.9737123783369,2.9366,-,0.1251,Good
,1580,10907984,True external,-,-0.226901617824605,0,0.997941608719934,0,19.6716259552569,2.4513,-,0.1056,Good
,1581,10915937,True external,-,-0.0846580368896191,0,0.997890365433804,0,15.0792410722127,2.0679,-,0.0571,Good
,1582,10917870,True external,-,0.0455254440124885,0,0.997800205903527,2,31.4605685675054,3.2567,-,0.1704,Good
,1583,10940226,True external,-,-0.00887446335942335,0,0.997962505090486,0,19.6716259552569,2.3048,-,0.0798,Good
,1584,10974311,True external,-,-0.211446917166556,0,0.997335875416656,0,10.4868561891685,2.0055,-,0.0512,Good
,1585,10981890,True external,-,0.0401597722849767,2,0.997624668408054,0,5.24342809458423,1.6241,-,0.0418,Good
,1586,10996158,True external,-,-0.0680330881012104,5,0.998045004476988,7,20.3226691667969,3.432,-,0.2627,Good
,1587,11035837,True external,-,-0.0874463228001374,0,0.997563111404953,0,10.4868561891685,1.859,-,0.0365,Good
,1588,11091825,True external,-,-0.169941929404813,0,0.997867296496438,0,19.6716259552569,2.4364,-,0.091,Good
,1589,11123962,True external,-,-0.233804950982559,2,0.997387682973866,0,15.0792410722127,2.5273,-,0.0701,Good
,1590,11443057,True external,-,-0.000293831408376054,4,0.997332477107573,0,10.4868561891685,2.302,-,0.0785,Good
,1591,11474776,True external,-,-0.285473359957259,0,0.996934258881744,0,10.4868561891685,2.1712,-,0.0702,Good
,1592,11552959,True external,-,-0.240279024221345,0,0.998069455099155,0,19.6716259552569,2.4223,-,0.1136,Good
,1593,11718506,True external,-,-0.220336547821181,0,0.997967589422568,0,19.6716259552569,2.4394,-,0.1049,Good
,1594,11952594,True external,-,-0.205068402036857,0,0.996856473610402,2,20.9737123783369,2.9945,-,0.0977,Good
,1595,11952648,True external,-,-0.273405522568586,0,0.995870866492142,2,20.9737123783369,3.328,-,0.1511,Good
,1596,11962432,True external,-,-0.0810836305739778,4,0.994699357197086,0,8.42900304532428,2.9899,-,0.1555,Good
,1597,11962602,True external,-,-0.299563598790283,4,0.995611003659198,0,8.42900304532428,2.8628,-,0.1241,Good
,1598,12010410,True external,-,-0.0350696380544633,0,0.997819603564124,0,10.4868561891685,1.7499,-,0.0402,Good
,1599,12270580,True external,-,0.117292794732942,6,0.994889064129199,0,3.10146791979456,2.6662,-,0.2301,Good
,1600,12270582,True external,-,-0.0324442790013086,8,0.996650552151025,0,3.10146791979456,2.4609,-,0.2647,Good
,1601,12270588,True external,-,-0.413188754417099,4,0.995055791993503,4,0,2.839,-,0.2383,Good
,1602,12337637,True external,-,-0.511734596297707,2,0.994828050633915,0,6.3711499014801,2.8761,-,0.2397,Good
,1603,12337644,True external,-,-0.182982360354011,8,0.995885196463683,0,6.3711499014801,3.0011,-,0.2672,Good
,1604,12411067,True external,-,-0.581702273753097,0,0.994955074236568,0,10.4868561891685,2.9432,-,0.306,Good
,1605,12510740,True external,-,0.214696908023301,0,0.997775125811555,0,10.4868561891685,1.6022,-,0.0738,Good
,1606,12537775,True external,-,-0.113118292318494,0,0.998378964478198,4,4.28827397215005,1.5249,-,0.1213,Good
,1607,12545293,True external,-,0.00843239058701485,2,0.997958847756127,0,20.9737123783369,2.5974,-,0.0978,Good
,1608,12627543,True external,-,-0.0964220317545281,0,0.997977733908785,0,20.9737123783369,2.4437,-,0.0927,Good
,1609,12924739,True external,-,-0.37346605810782,0,0.99539584733047,0,0,1.979,-,0.1622,Good
,1610,12967693,True external,-,-0.131386773796586,2,0.997318639971119,4,10.4868561891685,2.478,-,0.0698,Good
,1611,13151324,True external,-,-0.160774318755754,0,0.996690222042675,0,22.5244463382342,2.9669,-,0.1051,Good
,1612,13151326,True external,-,-0.31225686251981,0,0.996380234484466,0,22.5244463382342,3.1554,-,0.1529,Good
,1613,13291760,True external,-,-0.159322062279567,2,0.997540095458868,0,9.83581297762843,2.0842,-,0.0438,Good
,1614,13408847,True external,-,-0.367331187667944,2,0.99487084180227,0,8.7440346262434,2.9292,-,0.1748,Good
,1615,13408851,True external,-,-0.225518834335744,4,0.995155687684034,1,8.7440346262434,3.0457,-,0.1272,Good
,1616,13431771,True external,-,-0.0250287983395115,0,0.997977733908785,0,20.9737123783369,2.3977,-,0.0887,Good
,1617,13505423,True external,-,-0.369312455705678,1,0.996502936784155,0,17.28101824365,2.9136,-,0.1239,Good
,1618,13505432,True external,-,-0.133238740895876,0,0.996862348460742,0,22.5244463382342,2.8986,-,0.0979,Good
,1619,13505443,True external,-,-0.297829265549705,0,0.996534205921615,0,15.7302842837527,2.647,-,0.0991,Good
,1620,13505492,True external,-,-0.250876826941736,1,0.99672868308035,0,17.28101824365,2.7711,-,0.0808,Good
,1621,13570327,True external,-,-0.387233148007451,8,0.996247835494877,2,0,2.752,-,0.2909,Good
,1622,13633917,True external,-,-0.0631694778929513,0,0.997583653902414,0,10.4868561891685,1.8373,-,0.0355,Good
,1623,13643752,True external,-,-0.0197847004188873,3,0.998168134101673,10,15.0792410722127,3.0262,-,0.4059,Good
,1624,13709842,True external,-,0.220216554787196,0,0.997226748941023,2,31.4605685675054,3.3127,-,0.1937,Good
,1625,13782272,True external,-,0.0163142619880119,4,0.997406725194595,0,20.9737123783369,2.9702,-,0.1297,Good
,1626,13827739,True external,-,-0.0455764953729046,2,0.998066568102171,0,5.24342809458423,1.5495,-,0.0534,Good
,1627,13827740,True external,-,0.146340222683835,2,0.997502919598581,0,5.24342809458423,1.5915,-,0.0572,Good
,1628,13827741,True external,-,-0.0215657287942794,2,0.997583210127714,0,5.24342809458423,1.676,-,0.0361,Good
,1629,13827742,True external,-,-0.0700740375522647,2,0.997769117040967,0,5.24342809458423,1.6526,-,0.0414,Good
,1630,13827744,True external,-,-0.252069851430767,2,0.997363501957506,0,5.24342809458423,1.8889,-,0.054,Good
,1631,13827747,True external,-,-0.0263792614318814,2,0.998022438174933,0,5.24342809458423,1.5501,-,0.0517,Good
,1632,13839658,True external,-,0.00175987131844512,0,0.997023850611317,8,10.4868561891685,2.5664,-,0.2828,Good
,1633,13907618,True external,-,-0.134330013421997,3,0.997188376453339,2,5.24342809458423,2.124,-,0.0442,Good
,1634,14008173,True external,-,-0.224641051518123,0,0.998019699466116,0,20.9737123783369,2.5139,-,0.1165,Good
,1635,14010416,True external,-,-0.191168314059321,0,0.997258884375595,0,10.4868561891685,2.0151,-,0.0466,Good
,1636,14031446,True external,-,-0.305487371883281,0,0.997044341068218,0,9.18476976608839,2.0647,-,0.0735,Good
,1637,14032485,True external,-,-0.324411290878727,0,0.996798164499422,0,19.6716259552569,2.8499,-,0.1257,Good
,1638,14032486,True external,-,-0.294358611533995,4,0.9958093865412,0,0,2.238,-,0.1171,Good
,1639,14121742,True external,-,-0.146873592924373,4,0.996617220074147,0,0,1.9058,-,0.0762,Good
,1640,14243253,True external,-,-0.3028560421916,0,0.99705186768757,8,10.4868561891685,2.7543,-,0.3269,Good
,1641,14401888,True external,-,-0.474272030526519,0,0.996689248604924,2,10.4868561891685,2.5163,-,0.1591,Good
,1642,14419658,True external,-,0.0784226716996078,4,0.997333661549762,0,0,1.5503,-,0.0955,Good
,1643,14453170,True external,-,-0.00340081620395713,3,0.997710064954002,0,5.24342809458423,1.7349,-,0.0584,Good
,1644,14512871,True external,-,-0.124880236401694,0,0.997768583958138,0,20.9737123783369,2.5234,-,0.09,Good
,1645,14534038,True external,-,0.00531975863533278,0,0.997753312342619,0,10.4868561891685,1.7434,-,0.0391,Good
,1646,14598624,True external,-,-0.100496806391221,4,0.997867296496439,0,19.6716259552569,2.8231,-,0.1349,Good
,1647,14618226,True external,-,0.045196334078995,0,0.996602356424065,4,20.9737123783369,3.0597,-,0.1211,Good
,1648,14619014,True external,-,0.0656536973268375,2,0.997517541840985,6,20.9737123783369,3.145,-,0.1665,Good
,1649,14721515,True external,-,-0.190234954613605,2,0.995871739627871,1,17.28101824365,3.1674,-,0.0873,Good
,1650,14751805,True external,-,0.205344423879168,2,0.996303697050616,6,18.5798476038718,3.2517,-,0.1999,Good
,1651,14848719,True external,-,-0.443998728746751,6,0.995361183901431,0,0,2.6817,-,0.2469,Good
,1652,14848720,True external,-,-0.107610838837686,6,0.995361183901431,0,0,2.4651,-,0.1784,Good
,1653,14848723,True external,-,-0.107365273441619,6,0.995055791993502,0,0,2.5546,-,0.1955,Good
,1654,15176907,True external,-,-0.0296530514834336,2,0.998388806751809,0,5.24342809458423,1.4446,-,0.0709,Good
,1655,15250469,True external,-,-0.0135274343820966,2,0.997088814041302,0,5.24342809458423,1.816,-,0.0284,Good
,1656,15250540,True external,-,-0.153935323742357,2,0.997237954431673,0,5.24342809458423,1.8626,-,0.0347,Good
,1657,15250560,True external,-,-0.354475928988656,3,0.99505297329042,0,5.24342809458423,2.7413,-,0.1554,Good
,1658,15353044,True external,-,-0.159556530165422,0,0.997720883504355,0,10.4868561891685,1.8591,-,0.0479,Good
,1659,15407961,True external,-,-0.194675266784012,3,0.997776815896319,0,19.6716259552569,2.8025,-,0.1142,Good
,1660,15606735,True external,-,-0.0677394651500503,2,0.99745788041872,4,15.0792410722127,2.703,-,0.074,Good
,1661,15752804,True external,-,-0.133215173776106,6,0.996486709465387,0,0,2.151,-,0.15,Good
,1662,15869148,True external,-,0.0487327490803293,5,0.997177305413066,12,18.5798476038718,3.8743,-,0.582,Moderate
,1663,15994514,True external,-,-0.238331958259641,0,0.997370581315786,0,34.0290601823491,3.5857,-,0.2418,Good
,1664,16084950,True external,-,-0.452293074466165,4,0.997052794918257,2,0,2.1261,-,0.1565,Good
,1665,16226212,True external,-,-0.311553567849779,0,0.995811713761067,0,10.4868561891685,2.5176,-,0.1134,Good
,1666,16273880,True external,-,0.0672491532120981,6,0.996055143561438,8,10.4868561891685,3.4558,-,0.326,Good
,1667,16481605,True external,-,-0.16237798382507,0,0.997768583958138,4,26.487207485387,3.2192,-,0.163,Good
,1668,16645593,True external,-,0.197975793414687,0,0.997566799319292,4,19.6716259552569,2.5911,-,0.1305,Good
,1669,16645594,True external,-,-0.01397332906556,0,0.99759290718231,4,19.6716259552569,2.7198,-,0.1037,Good
,1670,16645658,True external,-,0.0671077670363957,0,0.998031632314071,4,19.6716259552569,2.5388,-,0.1169,Good
,1671,17297009,True external,-,0.233307233129066,0,0.997737861734971,6,14.7751301613185,2.3425,-,0.2044,Good
,1672,17297010,True external,-,-0.259715479243202,0,0.997672453348851,4,4.28827397215005,1.8268,-,0.1241,Good
,1673,17297011,True external,-,-0.152623404377071,0,0.99818031676821,4,4.28827397215005,1.6087,-,0.1173,Good
,1674,17297012,True external,-,0.234282598086652,0,0.998246601923774,6,4.28827397215005,1.4918,-,0.2371,Good
,1675,17297013,True external,-,0.160336825406652,0,0.997740576795211,6,4.28827397215005,1.688,-,0.2025,Good
,1676,17297014,True external,-,-0.286919326139447,0,0.998246601923774,4,22.530310102601,2.8946,-,0.1808,Good
,1677,17607517,True external,-,-0.165120280281424,0,0.997417872159142,4,19.6716259552569,2.8686,-,0.1154,Good
,1678,17765055,True external,-,-0.0611109146496649,2,0.9969195883732,0,6.79416205448151,2,-,0.0266,Good
,1679,17765062,True external,-,-0.111430001254302,2,0.997414319279825,0,12.0375901490657,2.2374,-,0.0409,Good
,1680,17765066,True external,-,-0.0621418782114565,2,0.997551053355903,0,17.28101824365,2.5159,-,0.062,Good
,1681,17765071,True external,-,-0.00163375986924922,2,0.997316551489932,0,10.4868561891685,2.0918,-,0.0344,Good
,1682,17765091,True external,-,-0.21347172488146,2,0.997392154375352,0,12.0375901490657,2.3096,-,0.0547,Good
,1683,17778353,True external,-,-0.140840739205224,2,0.998161130475703,8,25.6331227701747,3.5519,-,0.3083,Good
,1684,17778369,True external,-,-0.341276375521122,2,0.997351771597708,4,25.6331227701747,3.6154,-,0.1848,Good
,1685,17792405,True external,-,-0.0716897297145819,2,0.996878466513637,0,17.0145300911745,2.7018,-,0.0548,Good
,1686,17792410,True external,-,0.00891076968654784,4,0.997071207128864,0,17.28101824365,2.8268,-,0.1001,Good
,1687,17797176,True external,-,0.0200918470005105,0,0.997581066857501,0,24.2640108383011,2.705,-,0.1047,Good
,1688,17843498,True external,-,-0.0591160179601051,4,0.997263569096952,0,17.28101824365,2.8141,-,0.1003,Good
,1689,18172662,True external,-,-0.0614868102959084,0,0.99542594487973,12,0,2.6789,-,0.7734,Good
,1690,18327850,True external,-,-0.47968182197511,0,0.995171928188629,2,0,2.2647,-,0.246,Good
,1691,18327862,True external,-,0.0201906260908592,0,0.997813831688321,2,31.4605685675054,3.269,-,0.1697,Good
,1692,18327866,True external,-,-0.0752378123781617,3,0.996666622706932,0,0,1.7373,-,0.0507,Good
,1693,18361636,True external,-,-0.0873644636080181,4,0.997803704146457,0,0,1.519,-,0.0974,Good
,1694,18401315,True external,-,-0.0801145023072826,4,0.997946414055737,2,31.4605685675054,3.7261,-,0.2195,Good
,1695,18417504,True external,-,-0.00674549796115133,3,0.997557402617602,3,5.24342809458423,2.0093,-,0.0627,Good
,1696,18432304,True external,-,0.295617427923142,4,0.995885196463683,0,0,1.8359,-,0.1738,Moderate
,1697,18510120,True external,-,-0.050062326515475,2,0.996267823581314,0,0,1.7304,-,0.0457,Good
,1698,18515461,True external,-,-0.0903439534560492,4,0.99759132080827,0,22.2579581857588,3.0704,-,0.1427,Good
,1699,18515463,True external,-,-0.190774418326741,4,0.997562501175416,0,22.2579581857588,3.1436,-,0.1527,Good
,1700,18515464,True external,-,-0.300485962231025,4,0.997341690993086,0,22.2579581857588,3.2791,-,0.1722,Good
,1701,18515534,True external,-,-0.252069851430767,2,0.996849440148169,0,5.24342809458423,2.0399,-,0.05,Good
,1702,18522620,True external,-,0.339093881140811,0,0.99717872092341,0,19.6716259552569,2.311,-,0.1434,Good
,1703,18522626,True external,-,0.113039687121265,0,0.996954257514146,0,19.6716259552569,2.5224,-,0.0791,Good
,1704,18615995,True external,-,0.0563583072799664,3,0.997768770931234,4,5.24342809458423,1.9824,-,0.0971,Good
,1705,18619997,True external,-,-0.0376040691336124,2,0.997340617521033,3,8.7440346262434,2.2189,-,0.0433,Good
,1706,18704197,True external,-,-0.328952609530973,0,0.99670954187872,0,16.0003512962185,2.6335,-,0.1072,Good
,1707,18710895,True external,-,-0.140222914378014,0,0.997016506766208,0,15.7302842837527,2.4038,-,0.0552,Good
,1708,18731167,True external,-,-0.004944991678544,5,0.997589671027838,10,5.24342809458423,2.745,-,0.4358,Good
,1709,18782863,True external,-,-0.0417355752588927,4,0.996937300789998,8,5.24342809458423,2.7009,-,0.2672,Good
,1710,18782894,True external,-,0.00758498725598656,5,0.996703150367327,8,5.24342809458423,2.8457,-,0.2894,Good
,1711,18793673,True external,-,-0.0804860048776966,2,0.997679881722606,0,5.24342809458423,1.6856,-,0.0388,Good
,1712,18947814,True external,-,0.00220296712199711,2,0.997774387315052,0,9.83581297762843,1.9114,-,0.0445,Good
,1713,18956392,True external,-,-0.166367211889179,2,0.995400652737145,0,17.28101824365,3.2146,-,0.117,Good
,1714,18956394,True external,-,-0.130796514609387,2,0.99625979551797,1,10.4868561891685,2.5612,-,0.0399,Good
,1715,18957587,True external,-,-0.00530777912709557,3,0.997844767015531,3,5.24342809458423,1.924,-,0.0719,Good
,1716,18995614,True external,-,0.111026637155212,0,0.997135236867834,0,10.4868561891685,1.8569,-,0.0427,Good
,1717,18995615,True external,-,-0.297555116513437,0,0.997392688931202,0,10.4868561891685,2.0443,-,0.0748,Good
,1718,18995616,True external,-,-0.114887329292403,0,0.997616763223799,0,10.4868561891685,1.8609,-,0.0398,Good
,1719,18995618,True external,-,0.0195922722010825,0,0.997861375446499,0,15.0792410722127,2.0093,-,0.0549,Good
,1720,18996639,True external,-,0.132408849049907,6,0.997469136172615,0,10.4868561891685,2.3921,-,0.1914,Good
,1721,19010642,True external,-,-0.0169485509922716,0,0.998407108504544,4,10.4868561891685,1.8689,-,0.1082,Good
,1722,19070378,True external,-,0.00436069631889711,1,0.997753312342619,0,10.4868561891685,1.8519,-,0.0369,Good
,1723,19070382,True external,-,0.0401169605384966,7,0.997510171865494,7,5.24342809458423,2.7276,-,0.3225,Good
,1724,19070384,True external,-,0.0322321273600964,3,0.997427943921649,6,5.24342809458423,2.2497,-,0.1572,Good
,1725,19088388,True external,-,-0.0748453499552841,4,0.995814503741373,0,0,2.0951,-,0.0909,Good
,1726,19092019,True external,-,-0.390090169669209,2,0.996812769391019,0,9.83581297762843,2.4464,-,0.0984,Good
,1727,19092021,True external,-,-0.0619055413072902,2,0.997851742335746,0,5.24342809458423,1.6231,-,0.0443,Good
,1728,19092022,True external,-,-0.0553575565696701,2,0.997928465823755,0,5.24342809458423,1.5964,-,0.0473,Good
,1729,19099802,True external,-,-0.0313706242917615,6,0.99581887162746,0,0,2.2816,-,0.1632,Good
,1730,19133378,True external,-,0.14052183098454,0,0.997154508826172,4,19.6716259552569,2.7491,-,0.1172,Good
,1731,19133379,True external,-,-0.0870344642884263,0,0.997627203067451,4,19.6716259552569,2.7568,-,0.1072,Good
,1732,19133380,True external,-,0.0380107606499699,0,0.997379501121662,6,19.6716259552569,2.9007,-,0.1769,Good
,1733,19133382,True external,-,-0.0169226474403029,0,0.998340492752516,4,19.6716259552569,2.5022,-,0.1244,Good
,1734,19133384,True external,-,-0.0975084881313838,2,0.998230037237403,6,19.6716259552569,2.9538,-,0.1789,Good
,1735,19133385,True external,-,-0.230897725031455,0,0.998230037237403,6,19.6716259552569,2.824,-,0.2195,Good
,1736,19349612,True external,-,-0.225545732975234,0,0.998068706123272,0,19.6716259552569,2.4131,-,0.1097,Good
,1737,19366135,True external,-,0.283952513638004,0,0.997086164360048,6,10.4868561891685,2.2148,-,0.2206,Good
,1738,19366138,True external,-,0.0967254338073946,0,0.996415725434241,6,34.0290601823491,4.1052,-,0.3066,Good
,1739,19366141,True external,-,0.0853532684867229,0,0.997131232637311,6,34.0290601823491,3.9024,-,0.2856,Good
,1740,19366148,True external,-,0.159279355032964,0,0.996766405200745,6,34.0290601823491,3.962,-,0.3037,Good
,1741,19366153,True external,-,-0.178971793193785,4,0.997415564178747,2,20.9737123783369,3.2449,-,0.1169,Good
,1742,19366155,True external,-,0.125803296085658,0,0.997789494179552,6,10.4868561891685,2.11,-,0.1799,Good
,1743,19366169,True external,-,-0.118332124261669,2,0.996974320189632,6,16.0003512962185,3.0907,-,0.146,Good
,1744,19366171,True external,-,-0.210127571990222,0,0.996974320189632,6,10.4868561891685,2.5657,-,0.1836,Good
,1745,19366176,True external,-,-0.00797056825529384,0,0.996662725759471,6,26.487207485387,3.5962,-,0.2231,Good
,1746,19366177,True external,-,-0.422536274380278,4,0.997415564178747,2,20.9737123783369,3.4017,-,0.1891,Good
,1747,19366195,True external,-,0.0124468198943922,0,0.997318269175816,6,20.7538108537331,3.0074,-,0.18,Good
,1748,19366203,True external,-,0.05656697324185,6,0.997318269175816,6,10.4868561891685,2.9401,-,0.2239,Good
,1749,19366207,True external,-,-0.111719129276025,4,0.997899302212279,2,20.9737123783369,3.0596,-,0.1251,Good
,1750,19366213,True external,-,-0.153006076472219,4,0.997415564178747,2,20.9737123783369,3.2282,-,0.1134,Good
,1751,19366222,True external,-,-0.0689487346987225,0,0.996974320189632,6,16.0003512962185,2.8432,-,0.1689,Good
,1752,19366225,True external,-,-0.0126838717142485,0,0.996953550338375,4,10.4868561891685,2.2931,-,0.0828,Good
,1753,19366226,True external,-,0.15258062860572,0,0.99710608100701,6,10.4868561891685,2.2935,-,0.1819,Good
,1754,19366230,True external,-,0.0911731432082377,0,0.996415725434241,6,34.0290601823491,4.1088,-,0.3059,Good
,1755,19366233,True external,-,0.0904760246940533,0,0.997789494179552,6,20.7538108537331,2.8188,-,0.1896,Good
,1756,19366234,True external,-,-0.0410218263684146,4,0.99707322047003,2,31.4605685675054,3.9574,-,0.1974,Moderate
,1757,19377165,True external,-,-0.137574364951125,0,0.997907942331245,0,19.6716259552569,2.4037,-,0.0869,Moderate
,1758,19378367,True external,-,0.0533623905398722,3,0.99787019043436,4,5.24342809458423,1.9546,-,0.1002,Moderate
,1759,19428442,True external,-,-0.0179156328934841,10,0.997038601005195,0,16.8580060906486,3.4725,-,0.4701,Moderate
,1760,19431362,True external,-,-0.284444725909014,0,0.997539298511439,0,24.9150540498411,2.9568,-,0.1536,Moderate
,1761,19598225,True external,-,-0.0222895227106653,0,0.997800205903527,2,20.9737123783369,2.5997,-,0.0798,Good
,1762,19598227,True external,-,0.0219637444209314,0,0.997813831688321,4,20.9737123783369,2.7188,-,0.1144,Good
,1763,19710934,True external,-,-0.21267540242998,2,0.996410583850189,0,3.10146791979456,2.0003,-,0.0488,Good
,1764,19710936,True external,-,-0.151127502819718,4,0.996376640327165,0,3.10146791979456,2.1864,-,0.0726,Good
,1765,19710941,True external,-,-0.191056159163804,4,0.996376640327165,0,3.10146791979456,2.2121,-,0.077,Good
,1766,19710943,True external,-,-0.0395376313963924,4,0.996376640327165,0,3.10146791979456,2.1145,-,0.0703,Good
,1767,19710944,True external,-,-0.157556000936716,4,0.996604151798685,0,1.55073395989728,2.0201,-,0.0734,Good
,1768,19738350,True external,-,-0.0595437471126585,0,0.998645843218939,0,41.9474247566739,3.6251,-,0.3696,Good
,1769,19739464,True external,-,-0.40961644772358,4,0.996167095812687,0,0,2.2071,-,0.1432,Good
,1770,19758721,True external,-,0.0725974432341085,2,0.99767522083879,4,15.7302842837527,2.5923,-,0.0868,Good
,1771,19777095,True external,-,-0.101000888616679,0,0.99769979612071,0,28.8563957213453,3.0549,-,0.1555,Good
,1772,19786005,True external,-,-0.0838547857637273,4,0.996024244113915,4,8.61496302684463,2.9182,-,0.1024,Good
,1773,19786009,True external,-,-0.245708096166824,0,0.997383524276948,0,34.0290601823491,3.5866,-,0.244,Good
,1774,19789192,True external,-,-0.140645232343127,4,0.996880124213282,5,32.0937711633872,4.3479,-,0.2392,Good
,1775,19802957,True external,-,-0.0679557103962711,0,0.9958093865412,0,0,1.6608,-,0.0747,Good
,1776,19825579,True external,-,-0.174398428681695,2,0.996488570022253,0,5.24342809458423,2.0959,-,0.0393,Good
,1777,19825585,True external,-,-0.411737706379357,2,0.996115370295438,0,5.24342809458423,2.3583,-,0.115,Good
,1778,19825593,True external,-,-0.257609226643729,2,0.997513606826343,0,9.83581297762843,2.1553,-,0.0619,Good
,1779,19847270,True external,-,-0.185790652318858,3,0.997878881015807,2,9.83581297762843,2.2612,-,0.0679,Moderate
,1780,19856932,True external,-,-0.226888845846446,4,0.99647692429462,7,20.3226691667969,3.887,-,0.239,Good
,1781,19871381,True external,-,0.0689311767720219,0,0.996127205707562,0,10.4868561891685,2.18,-,0.059,Good
,1782,19873557,True external,-,-0.030629059253576,0,0.997850618861323,0,19.6716259552569,2.3516,-,0.0766,Good
,1783,19880497,True external,-,-0.0622441182638288,0,0.997443105736919,0,20.9737123783369,2.5787,-,0.0785,Good
,1784,19890132,True external,-,-0.276819277822349,2,0.995811074116586,0,0,2.0105,-,0.0885,Good
,1785,19892662,True external,-,-0.182657309083955,0,0.996805373126132,0,10.4868561891685,2.1428,-,0.0469,Good
,1786,19899539,True external,-,0.00676332338401212,4,0.996935313486063,0,0,1.7134,-,0.0787,Good
,1787,19899933,True external,-,-0.318209542286484,2,0.997351273001676,0,9.83581297762843,2.242,-,0.0758,Good
,1788,19913378,True external,-,-0.0700965792311801,4,0.995055791993503,0,0,2.3149,-,0.132,Good
,1789,19913381,True external,-,-0.0779129835989619,4,0.996877056825457,0,0,1.785,-,0.0738,Good
,1790,19956668,True external,-,0.0672764537528498,4,0.995339220548934,0,0,2.1432,-,0.1277,Good
,1791,19967669,True external,-,0.000870619423794672,2,0.996745272200431,0,5.24342809458423,1.9077,-,0.0297,Good
,1792,19967671,True external,-,-0.0838111765506723,2,0.996877712949788,0,5.24342809458423,1.9233,-,0.0275,Good
,1793,19967672,True external,-,0.206590714782601,2,0.996635575276933,0,5.24342809458423,1.8075,-,0.07,Good
,1794,19967673,True external,-,-0.657777714327041,2,0.994625969592091,0,5.24342809458423,2.9542,-,0.3472,Good
,1795,19967674,True external,-,-0.481748260038301,2,0.996115370295437,0,5.24342809458423,2.4034,-,0.1473,Good
,1796,19967676,True external,-,0.0877372770184679,2,0.996377637545963,0,5.24342809458423,1.9597,-,0.0461,Good
,1797,19967680,True external,-,0.0592085346997497,2,0.99657934116751,0,5.24342809458423,1.9189,-,0.0376,Good
,1798,19967681,True external,-,0.181850642584891,2,0.996914796894691,0,5.24342809458423,1.7414,-,0.0604,Good
,1799,19967682,True external,-,-0.195270683905861,2,0.996479604731589,0,5.24342809458423,2.112,-,0.0426,Good
,1800,19967684,True external,-,-0.0108685491317627,2,0.997121327512526,0,5.24342809458423,1.8048,-,0.0288,Good
,1801,19967686,True external,-,0.139860237493742,2,0.996269743139929,0,5.24342809458423,1.9579,-,0.0596,Good
,1802,19979202,True external,-,0.0241211270647603,2,0.997350318639091,0,9.83581297762843,2.0218,-,0.0356,Good
,1803,19986965,True external,-,-0.407315154308406,0,0.992890417871935,0,3.10146791979456,2.9438,-,0.4764,Good
,1804,19987039,True external,-,0.341255934633724,0,0.99836661014586,0,31.4605685675054,2.7484,-,0.27,Good
,1805,19987040,True external,-,0.0246889568639016,0,0.997941592944291,0,31.4605685675054,3.077,-,0.1856,Good
,1806,19987043,True external,-,-0.717791789857187,0,0.997953946973927,0,20.9737123783369,2.8507,-,0.382,Good
,1807,19987047,True external,-,0.181454284959039,0,0.997930805864662,0,31.4605685675054,2.9792,-,0.2047,Good
,1808,19987049,True external,-,-0.0737030672427847,0,0.997977733908785,0,39.2157485087879,3.6479,-,0.2975,Good
,1809,20032859,True external,-,-0.136547980827079,7,0.996900166579663,0,12.937280897423,3.004,-,0.2142,Good
,1810,20037358,True external,-,0.125595970141047,4,0.997458408200469,0,20.9737123783369,2.8847,-,0.1468,Good
,1811,20037359,True external,-,-0.136890846071609,4,0.997472790973308,2,20.9737123783369,3.201,-,0.1129,Moderate
,1812,20068012,True external,-,-0.187452695713228,0,0.997704245163688,0,19.6716259552569,2.4956,-,0.0902,Good
,1813,20070601,True external,-,0.040820297227795,0,0.997667453248565,0,20.9737123783369,2.4464,-,0.0824,Good
,1814,20130391,True external,-,-0.157133150813373,2,0.998065624987669,3,20.9737123783369,2.9001,-,0.1056,Good
,1815,20133588,True external,-,-0.35277238743959,0,0.995687820206672,0,10.4868561891685,2.5806,-,0.1349,Good
,1816,20135279,True external,-,-0.352861061490361,0,0.99712309474354,0,19.6716259552569,2.7728,-,0.1338,Good
,1817,20136015,True external,-,0.094442690272356,0,0.997379495561188,2,31.4605685675054,3.3488,-,0.1697,Good
,1818,20151183,True external,-,-0.0893990785328581,0,0.997754736719308,0,15.0792410722127,2.1108,-,0.0537,Good
,1819,20209418,True external,-,0.0484339640039806,2,0.997526008466972,9,15.0792410722127,2.9872,-,0.3195,Good
,1820,20213909,True external,-,-0.231827570218809,4,0.997572007016305,2,10.4868561891685,2.5323,-,0.0879,Good
,1821,20228372,True external,-,-0.0421746012136555,6,0.99660710531524,0,0,2.057,-,0.1512,Good
,1822,20228373,True external,-,-0.189945487574322,5,0.994544048475553,0,6.79416205448151,3.1042,-,0.1988,Good
,1823,20228374,True external,-,-0.116946347898298,4,0.99548246160215,0,0,2.2198,-,0.1064,Good
,1824,20228375,True external,-,-0.167450889542199,5,0.996212399636155,0,11.3865469375257,2.9066,-,0.1158,Good
,1825,20234602,True external,-,-0.0182018246940418,0,0.996626722498467,0,38.0411654874336,3.9305,-,0.2744,Good
,1826,20239895,True external,-,-0.0565998246817153,2,0.99784247121423,0,5.24342809458423,1.6224,-,0.0439,Good
,1827,20239896,True external,-,-0.0476398934689281,0,0.998208840398092,0,10.4868561891685,1.6437,-,0.0545,Good
,1828,20239898,True external,-,0.0705845728903998,2,0.996817458997843,0,5.24342809458423,1.8416,-,0.0367,Good
,1829,20249643,True external,-,-0.18441066368587,2,0.996911293206953,0,27.1168312212784,3.4397,-,0.1462,Good
,1830,20249645,True external,-,-0.10280692690946,0,0.99719342889318,0,31.7092161043226,3.3954,-,0.1842,Moderate
,1831,20258575,True external,-,-0.096733093128544,5,0.996189443928046,0,0,2.107,-,0.1106,Good
,1832,20271876,True external,-,-0.14070648359509,8,0.996544221396264,3,0,2.582,-,0.2532,Good
,1833,20274196,True external,-,-0.133028947234643,7,0.996606345502094,7,20.3226691667969,4.1121,-,0.3109,Good
,1834,20278520,True external,-,0.114272726203746,6,0.996314069810483,0,0,2.0424,-,0.1777,Good
,1835,20278521,True external,-,0.0398564852799109,6,0.99585027027473,0,0,2.2265,-,0.1713,Good
,1836,20316266,True external,-,-0.356954743643754,8,0.996353923702787,0,10.4868561891685,3.2504,-,0.3036,Good
,1837,20316268,True external,-,-0.466874221183185,0,0.996110851949639,0,10.4868561891685,2.5298,-,0.1644,Good
,1838,20318290,True external,-,-0.141385505195993,0,0.995833055660328,0,9.18476976608839,2.3148,-,0.0713,Good
,1839,20345133,True external,-,0.000454905433047524,0,0.998035002082378,0,31.4605685675054,3.0652,-,0.1881,Good
,1840,20356520,True external,-,-0.0750454361666776,0,0.997579310602416,0,20.9737123783369,2.5469,-,0.0811,Good
,1841,20383696,True external,-,-0.368145741135825,0,0.995687820206672,0,23.5422039931806,3.4628,-,0.2158,Good
,1842,20392449,True external,-,-0.233340705098746,4,0.997618469527878,0,15.7302842837527,2.7184,-,0.1201,Good
,1843,20392454,True external,-,-0.356815978761331,4,0.997018600302949,0,10.4868561891685,2.6237,-,0.1208,Good
,1844,20392456,True external,-,-0.185284064175781,4,0.997322311434802,0,10.4868561891685,2.4241,-,0.0843,Good
,1845,20392460,True external,-,-0.138453044582842,2,0.998082348536053,0,15.7302842837527,2.3054,-,0.0785,Good
,1846,20400267,True external,-,-0.0649486321484568,0,0.997784551402152,0,15.0792410722127,2.0863,-,0.0529,Good
,1847,20429671,True external,-,-0.369971539033701,4,0.994636063136808,0,11.3865469375257,3.3921,-,0.2197,Good
,1848,20447384,True external,-,-0.206643188781526,4,0.996818285228305,5,20.3226691667969,3.6221,-,0.1544,Good
,1849,20454321,True external,-,-0.259623147958366,0,0.996544651772997,0,10.4868561891685,2.2689,-,0.0691,Good
,1850,20461727,True external,-,-0.0178611139237297,2,0.99822251512629,0,10.4868561891685,1.8362,-,0.0639,Good
,1851,20463471,True external,-,-0.0933527274563685,1,0.997083299135199,3,15.0792410722127,2.6458,-,0.0534,Good
,1852,20479560,True external,-,0.052486314011582,0,0.998442984373309,0,20.9737123783369,2.2111,-,0.1107,Good
,1853,20479561,True external,-,-0.0102397291795631,0,0.998453771452938,0,20.9737123783369,2.2484,-,0.1088,Good
,1854,20479562,True external,-,0.0638410010361338,0,0.997565752819723,0,20.9737123783369,2.4615,-,0.0825,Good
,1855,20479563,True external,-,0.0905783437114634,0,0.997953946973927,0,20.9737123783369,2.3303,-,0.0943,Good
,1856,20479564,True external,-,0.0803768864716545,0,0.998245016924832,0,20.9737123783369,2.2513,-,0.1039,Good
,1857,20479565,True external,-,-0.0249059001518088,0,0.997977733908785,0,20.9737123783369,2.3976,-,0.0887,Good
,1858,20479567,True external,-,-0.0517463399268159,0,0.997996766625748,0,20.9737123783369,2.4093,-,0.0901,Good
,1859,20479570,True external,-,-0.037859679173222,0,0.998160280074745,0,20.9737123783369,2.3523,-,0.0956,Good
,1860,20508811,True external,-,-0.13115673964603,0,0.996782144021262,0,10.4868561891685,2.1165,-,0.0395,Good
,1861,20512206,True external,-,-0.0586792225439387,0,0.994311248967838,0,23.1871958927251,3.6441,-,0.2683,Good
,1862,20512214,True external,-,-0.182338087324625,0,0.994585186458779,0,12.220417793459,2.9105,-,0.1849,Good
,1863,20512232,True external,-,0.156004227713352,0,0.996765964000436,0,23.5422039931806,2.8087,-,0.1169,Good
,1864,20512241,True external,-,-0.394464409029854,0,0.996168308226464,0,32.726973759269,3.9523,-,0.305,Good
,1865,20512258,True external,-,-0.290297115487768,0,0.996351374372529,0,23.5422039931806,3.2178,-,0.1551,Good
,1866,20512263,True external,-,0.157174021159773,0,0.997302612245096,0,34.0290601823491,3.351,-,0.2226,Good
,1867,20520963,True external,-,-0.126022673046457,2,0.997408421326773,3,20.9737123783369,3.073,-,0.0836,Good
,1868,20520974,True external,-,-0.0396128373164852,2,0.997767559645023,0,10.4868561891685,1.9838,-,0.044,Good
,1869,20520989,True external,-,-0.0926331570329921,0,0.997475704625723,0,20.9737123783369,2.5887,-,0.0811,Good
,1870,20520991,True external,-,-0.163551219810165,0,0.99662477696471,0,20.9737123783369,2.8843,-,0.0953,Good
,1871,20520992,True external,-,-0.163686607058821,2,0.996760960234157,0,10.4868561891685,2.3594,-,0.0391,Good
,1872,20521006,True external,-,-0.0579135470199914,2,0.997254035565309,0,22.2579581857588,2.9329,-,0.0894,Good
,1873,20521028,True external,-,0.0356033729828511,0,0.998208045431264,0,20.9737123783369,2.291,-,0.0986,Good
,1874,20521031,True external,-,-0.168829740444657,2,0.997443594376493,0,10.4868561891685,2.1622,-,0.0441,Good
,1875,20521034,True external,-,-0.00157304865193734,0,0.998116422079341,0,20.9737123783369,2.3419,-,0.0936,Good
,1876,20521036,True external,-,-0.032482005142107,2,0.997775235305351,0,10.4868561891685,1.977,-,0.0443,Good
,1877,20521037,True external,-,-0.0807862764274039,2,0.997894293907974,3,20.9737123783369,2.9012,-,0.0912,Good
,1878,20521051,True external,-,-0.0431177336261715,0,0.997716885035763,0,20.9737123783369,2.486,-,0.0821,Good
,1879,20521055,True external,-,-0.0890638274743981,0,0.997215247364785,0,41.9474247566739,4.0643,-,0.3345,Good
,1880,20521068,True external,-,-0.0944453229370985,2,0.997902714613898,0,10.4868561891685,1.9794,-,0.0503,Good
,1881,20521073,True external,-,-0.0328071575280788,2,0.997677272002612,0,10.4868561891685,2.006,-,0.0412,Good
,1882,20521074,True external,-,0.0420484303183238,0,0.998182592532594,0,20.9737123783369,2.2943,-,0.0979,Good
,1883,20521080,True external,-,-0.0077746358712434,0,0.998381941616183,0,41.9474247566739,3.6693,-,0.3533,Good
,1884,20521090,True external,-,-0.119622205780213,0,0.997209477796292,3,32.7448143749272,3.6982,-,0.1953,Good
,1885,20521094,True external,-,-0.162392944753655,2,0.996459591919326,0,10.4868561891685,2.447,-,0.0432,Good
,1886,20521099,True external,-,-0.0289248034802787,2,0.996464220436419,0,22.2579581857588,3.1462,-,0.0944,Good
,1887,20521100,True external,-,-0.146493508685012,2,0.996753115085335,0,10.4868561891685,2.3506,-,0.037,Good
,1888,20521104,True external,-,-0.213741102987069,0,0.997610525141487,0,20.9737123783369,2.627,-,0.1029,Good
,1889,20521114,True external,-,0.015863700677036,0,0.998374544761581,0,41.9474247566739,3.6562,-,0.3527,Good
,1890,20521116,True external,-,-0.147007840361987,0,0.997784821184805,0,20.9737123783369,2.5329,-,0.0936,Good
,1891,20521137,True external,-,-0.109266084125845,2,0.997805057911885,3,20.9737123783369,2.9458,-,0.0905,Good
,1892,20521145,True external,-,-0.0750610922640356,2,0.997344700950935,0,10.4868561891685,2.1308,-,0.034,Good
,1893,20521151,True external,-,-0.124110157492595,0,0.998114652231158,0,20.9737123783369,2.4213,-,0.1007,Good
,1894,20521152,True external,-,-0.0696599645739844,0,0.998201072852282,0,20.9737123783369,2.3608,-,0.0988,Good
,1895,20521159,True external,-,-0.0202641352222422,0,0.997202010996701,0,41.9474247566739,4.0238,-,0.3293,Good
,1896,20521165,True external,-,-0.116797057186671,2,0.997593564970207,0,10.4868561891685,2.0846,-,0.0417,Good
,1897,20521166,True external,-,-0.134736894302309,0,0.997238194437299,0,20.9737123783369,2.6855,-,0.0843,Good
,1898,20521175,True external,-,-0.106033135005928,0,0.998182186954746,0,20.9737123783369,2.3898,-,0.1013,Good
,1899,20521185,True external,-,-0.0966197178666053,0,0.997143316979114,0,41.9474247566739,4.0902,-,0.3358,Good
,1900,20521187,True external,-,-0.222192198134697,2,0.997543241842537,3,20.9737123783369,3.0954,-,0.102,Good
,1901,20521199,True external,-,-0.0975965918265057,0,0.998104296634715,0,20.9737123783369,2.4072,-,0.0973,Good
,1902,20521200,True external,-,0.00651056892191093,2,0.997351771597708,0,22.2579581857588,2.8628,-,0.0911,Good
,1903,20521201,True external,-,-0.0314025946838786,0,0.998024970131398,0,20.9737123783369,2.3879,-,0.0904,Moderate
,1904,20521211,True external,-,-0.0224692536166278,2,0.99813056358422,0,10.4868561891685,1.8662,-,0.0591,Moderate
,1905,20521214,True external,-,-0.0613601263906477,2,0.997123388926883,0,22.2579581857588,2.9735,-,0.0886,Moderate
,1906,20521218,True external,-,-0.117361823551423,0,0.998187165606883,0,20.9737123783369,2.3956,-,0.1028,Moderate
,1907,20521222,True external,-,-0.163678217442372,2,0.99717091113835,3,20.9737123783369,3.1671,-,0.0866,Moderate
,1908,20521223,True external,-,-0.0760392714386817,0,0.997721049639144,0,20.9737123783369,2.5059,-,0.0839,Moderate
,1909,20521229,True external,-,-0.110995920711518,0,0.998109474432936,0,20.9737123783369,2.4144,-,0.0989,Moderate
