Table S7. The PRI result of 1913 true external FCOCs using the optimal Mouse-QSTR model,,,,,,,,,,
CID,Score(MAE-LOO),Score(Proximity Train YObs Mean),Score(Similarity based AD),CompositeScore,PredictionQuality,YPred(Test),AD status,Closest Training Compound,Euclidean Distance,Generalized Jaccard Coeff.
1762,3,2,3,3,Good,4.073471078,In,4485134,0.193552139,0.829867566
6779,2,3,3,3,Good,1.848867278,In,3026,0.002548171,0.994211281
6960,2,3,3,3,Good,1.371489207,In,18725,0.149307605,0.858224903
8345,2,3,3,3,Good,2.386495839,In,6787,0.169831363,0.730787143
8558,2,3,3,3,Good,1.745409566,In,33934,0.011090095,0.981625014
8559,2,3,3,3,Good,1.806380444,In,3026,0.014322124,0.968489429
8561,2,3,3,3,Good,1.728710242,In,33934,0.003979789,0.993405957
8970,2,3,3,3,Good,1.543504063,In,6787,0.081464347,0.854655206
11689,2,3,3,3,Good,2.482555081,In,30580,0.224263585,0.596587957
14902,2,3,3,3,Good,1.686404469,In,6787,0.009845186,0.985232128
28124,2,3,3,3,Good,1.837353626,In,6785,0.199704209,0.743007325
28813,2,3,3,3,Good,1.807331638,In,3026,0.013944432,0.969294886
36426,2,3,3,3,Good,2.117538441,In,33934,0.090405023,0.788265515
39180,2,3,3,3,Good,1.765701475,In,33934,0.03484299,0.934541684
61333,2,3,3,3,Good,1.282550585,In,18725,0.066098742,0.926693122
66539,2,3,2,3,Good,2.820117987,In,8573,0.208490375,0.689481786
69060,2,3,3,3,Good,2.321771204,In,8344,0.165279749,0.798003344
69119,2,3,3,3,Good,1.837513908,In,8554,0.104868793,0.805114356
73717,2,3,3,3,Good,1.464925788,In,18725,0.236541527,0.788407623
73718,2,3,3,3,Good,1.451785166,In,18725,0.236165695,0.792348853
73719,2,3,3,3,Good,1.471159229,In,6785,0.135681142,0.854859567
74432,2,3,3,3,Good,2.933140295,In,70897,0.357785237,0.655377325
75560,2,3,3,3,Good,1.243123543,In,24072,0.15806465,0.837107805
76389,2,3,3,3,Good,2.652347292,In,8554,0.393963328,0.607396006
77861,2,3,3,3,Good,2.028724143,In,2347,0.116676779,0.759732775
79253,2,3,3,3,Good,1.820952792,In,3026,0.008535866,0.980977802
81346,2,3,3,3,Good,2.513849425,In,30580,0.39695148,0.497861175
81724,2,3,3,3,Good,1.801325279,In,3026,0.016329384,0.964231155
82047,3,3,2,3,Good,2.645290093,In,8573,0.320916825,0.539054472
83310,2,3,3,3,Good,2.026116423,In,6626,0.03003814,0.934241984
84135,2,3,3,3,Good,2.256869607,In,8344,0.08799324,0.862160796
84206,2,3,3,3,Good,1.676004656,In,6787,0.071651448,0.882427815
86117,2,3,3,3,Good,1.561382258,In,6787,0.077790357,0.863330642
86118,2,3,3,3,Good,1.542113741,In,6787,0.10846069,0.832276521
88370,2,3,3,3,Good,1.376260751,In,8554,0.019268381,0.969608787
92344,2,3,3,3,Good,1.593669729,In,6787,0.07277974,0.879452802
95071,2,3,3,3,Good,2.22084607,In,8344,0.058415389,0.902436238
95221,3,3,3,3,Good,3.663312066,In,3066716,0.283059901,0.634134722
100045,3,3,3,3,Good,2.152635297,In,767036,0.085275272,0.683937349
101371,3,3,3,3,Good,2.485660982,In,8573,0.289290446,0.588192806
101409,2,3,3,3,Good,1.829712534,In,8343,0.087889467,0.81193558
102047,2,3,3,3,Good,1.778646127,In,3026,0.064340082,0.868401823
102570,2,3,3,3,Good,1.513141072,In,8554,0.088084391,0.821397407
103667,2,3,3,3,Good,1.691654902,In,33934,0.034600241,0.941409851
103767,3,3,3,3,Good,2.255936071,In,65913,0.182513287,0.670713176
103924,2,3,3,3,Good,2.148247023,In,2391,0.111680877,0.882408462
104048,2,3,3,3,Good,2.215357867,In,24072,0.322599919,0.762054913
104136,3,3,3,3,Good,3.099604233,In,3079007,0.220273736,0.700771445
104162,2,3,3,3,Good,2.190122575,In,24072,0.311319383,0.715424537
104429,2,3,3,3,Good,1.686404469,In,6787,0.009845186,0.985232128
104473,3,3,3,3,Good,2.275587567,In,10708,0.119429565,0.536239032
105735,2,3,3,3,Good,1.741922774,In,2391,0.174250142,0.813267266
105788,3,3,3,3,Good,1.575768371,In,10708,0.139853083,0.603005263
105801,2,3,3,3,Good,2.610569515,In,2391,0.35909567,0.70697992
105907,3,3,3,3,Good,2.3428601,In,65913,0.109450898,0.67013704
106363,2,3,3,3,Good,2.934811338,In,3066712,0.200403596,0.781285303
107454,2,3,3,3,Good,2.536666861,In,3034829,1.38E-10,1
107991,3,3,3,3,Good,2.504346592,In,65913,0.027763474,0.927538259
108219,3,3,3,3,Good,2.514385642,In,65913,0.086513839,0.776500758
108406,2,3,3,3,Good,1.710113814,In,33934,0.036119105,0.929091278
109030,3,3,3,3,Good,3.645025043,In,3079009,0.252442785,0.554952677
109126,2,3,3,3,Good,1.178988835,In,18725,0.090640293,0.911925314
109238,2,3,3,3,Good,1.087323089,In,18725,0.015896786,0.987060398
109377,2,3,3,3,Good,2.236830023,In,202896,0.277262555,0.646978196
109430,2,3,3,3,Good,1.550200479,In,6787,0.107630359,0.835976802
109431,2,3,3,3,Good,2.489190316,In,24072,0.190271903,0.818655885
110044,2,3,3,3,Good,2.62008567,In,2391,0.204851321,0.75305381
110393,2,3,3,3,Good,1.67144946,In,6787,0.035005967,0.947533735
111272,3,3,3,3,Good,2.536326643,In,3079009,0.121745631,0.770721831
112193,2,3,3,3,Good,3.099393912,In,3066716,0.141663404,0.809636189
112770,2,3,3,3,Good,1.63291436,In,10708,0.149183107,0.564100235
113063,2,3,3,3,Good,2.098872219,In,6626,0.035006832,0.896715729
113161,2,3,3,3,Good,1.636921748,In,6787,0.069970494,0.902017707
113216,2,3,3,3,Good,1.639944368,In,6787,0.069956727,0.903637997
113403,2,3,3,3,Good,1.651876757,In,6787,0.036337471,0.936116137
113488,2,3,3,3,Good,3.316866465,In,3066712,0.325771355,0.610375306
113489,2,3,3,3,Good,1.650982347,In,6787,0.070113248,0.897299909
113492,2,3,3,3,Good,2.890029105,In,15854,0.079796003,0.890572538
114500,2,3,2,3,Good,2.408087873,In,18725,0.328739814,0.666399869
114581,2,3,3,3,Good,1.84087605,In,10708,0.176598882,0.420641751
115482,2,3,3,3,Good,2.876196694,In,70897,0.378938086,0.590538725
116934,2,3,3,3,Good,1.751791989,In,6781,0.014401529,0.970846169
117006,2,3,3,3,Good,2.70110842,In,6785,0.37929738,0.55994184
117291,3,3,3,3,Good,2.64902086,In,3079009,0.118936096,0.755154202
117425,3,3,3,3,Good,1.73868436,In,6623,0.050486831,0.728928682
118190,2,3,3,3,Good,2.62020926,In,3066716,0.127017199,0.768125055
118320,3,3,3,3,Good,3.266571557,In,3079009,0.135718937,0.773335338
119530,2,3,3,3,Good,1.691304389,In,6781,0.009787281,0.980571978
120307,2,3,3,3,Good,2.335645742,In,24072,0.321949271,0.679461707
121550,2,3,3,3,Good,2.632701277,In,15854,0.110130686,0.869446984
121657,3,3,3,3,Good,2.995244988,In,3066712,0.236948986,0.724405313
121712,2,3,3,3,Good,3.585153767,In,3066716,0.199319561,0.70467487
122297,2,3,3,3,Good,1.673472717,In,8343,0.013429063,0.97847121
122659,3,3,3,3,Good,3.185698263,In,3079009,0.106580578,0.853682809
122805,3,3,3,3,Good,2.462349833,In,8573,0.316061892,0.49263177
124183,2,3,3,3,Good,2.168989243,In,6626,0.072192129,0.736280519
124813,3,3,3,3,Good,2.144794036,In,65913,0.12814382,0.721254477
124986,2,3,3,3,Good,1.998539006,In,3066712,0.230988767,0.715167888
125286,3,3,3,3,Good,2.343816127,In,10708,0.227590117,0.506059988
125287,2,3,3,3,Good,1.477948296,In,6819,0.234507901,0.67714948
126021,2,3,3,3,Good,1.641802675,In,6785,0.236272773,0.650492291
127484,2,3,3,3,Good,1.564371095,In,6787,0.139943409,0.821400485
127485,2,3,2,3,Good,3.451843395,In,100191,0.310564756,0.733920962
137838,2,3,3,3,Good,1.889688938,In,3026,0.018757273,0.957388811
138795,3,3,2,3,Good,2.783982986,In,26391,0.29147196,0.713219178
152042,2,3,3,3,Good,2.245946159,In,3089902,0.20551187,0.730656238
161672,2,3,3,3,Good,1.786403192,In,3026,0.064513403,0.862296584
167737,2,3,3,3,Good,1.826347443,In,3026,0.006393806,0.985683045
169995,2,3,3,3,Good,1.668801122,In,6785,0.136131187,0.832210281
170231,2,3,3,3,Good,1.910026027,In,8554,0.131494641,0.781153904
171779,2,3,3,3,Good,1.866437162,In,8554,0.127855215,0.804826701
172810,2,3,3,3,Good,1.575135816,In,6785,0.073219467,0.896053142
179810,2,3,3,3,Good,1.562180041,In,6785,0.005117569,0.994311032
180551,2,3,3,3,Good,1.710098173,In,8343,0.061736937,0.851301105
181582,2,3,3,3,Good,1.777811146,In,8343,0.062042687,0.843073277
182851,2,3,3,3,Good,1.198299127,In,6785,0.407545879,0.49195099
186934,2,3,3,3,Good,1.566866599,In,6787,0.076783858,0.866027342
186935,2,3,3,3,Good,1.813568196,In,3026,0.011468076,0.974609279
186936,2,3,3,3,Good,1.848116921,In,2347,0.126300419,0.762875
187140,2,3,3,3,Good,1.322145803,In,24072,0.155499327,0.845345163
190983,2,3,3,3,Good,1.615780141,In,6787,0.043249861,0.915765408
191964,2,3,3,3,Good,1.912636315,In,6787,0.080699152,0.87656301
220134,2,3,3,3,Good,2.191709221,In,8344,0.062088264,0.889339363
220773,2,3,3,3,Good,1.792655144,In,6787,0.102601319,0.819856416
220895,2,3,3,3,Good,1.409322745,In,2347,0.118185514,0.755407362
226521,2,3,3,3,Good,2.950880219,In,3066712,0.190774116,0.776158621
227217,3,3,3,3,Good,3.452097775,In,4115,0.228410861,0.727721559
230027,2,3,3,3,Good,2.251425485,In,8344,0.216903037,0.708928135
231208,2,3,2,3,Good,3.367749261,In,3066715,0.222034626,0.771564973
232053,2,3,3,3,Good,2.675744764,In,30580,0.076233458,0.844981847
235391,2,3,3,3,Good,1.758507429,In,6781,0.02314965,0.941590626
236032,3,3,3,3,Good,2.586549789,In,41821,0.105128611,0.815226171
236045,2,3,3,3,Good,2.133403251,In,6787,0.211588489,0.70923602
236781,2,3,3,3,Good,2.05563261,In,6781,0.098592651,0.813967035
237347,2,3,3,3,Good,1.946362497,In,6781,0.102750161,0.792610378
237992,3,3,3,3,Good,2.842799635,In,8344,0.292431738,0.653006957
238615,2,3,3,3,Good,2.627639469,In,202896,0.206470858,0.675681991
239659,2,3,3,3,Good,2.798777012,In,8344,0.233755597,0.702544134
241306,2,3,3,3,Good,1.071060019,In,18725,0.255429211,0.682132967
241309,2,3,3,3,Good,2.354156101,In,30580,0.395172545,0.525812717
241314,2,3,2,3,Good,3.607597831,In,3066715,0.30731396,0.751324431
242859,2,3,3,3,Good,1.798964008,In,3026,0.017266977,0.962254916
244499,2,3,3,3,Good,1.675607382,In,6781,0.016064468,0.968504043
245354,2,3,3,3,Good,1.944132818,In,2347,0.089907104,0.809275781
245799,2,3,3,3,Good,1.760649654,In,6781,0.051279175,0.854487233
245866,2,3,3,3,Good,1.844740045,In,6781,0.052545081,0.843709161
249496,2,3,3,3,Good,1.786655253,In,3026,0.064521493,0.862098198
249553,2,3,3,3,Good,1.991393443,In,8554,0.132228833,0.75328746
249554,2,3,3,3,Good,2.390170239,In,8344,0.062918736,0.890143663
249793,2,3,3,3,Good,1.692376405,In,24072,0.194125176,0.875290803
249798,2,3,3,3,Good,2.370189711,In,24072,0.247420137,0.788065652
249800,2,3,3,3,Good,2.096436204,In,8344,0.088935766,0.863778267
249912,2,3,3,3,Good,1.99960667,In,6781,0.071661492,0.843906612
249923,2,3,3,3,Good,2.237111323,In,8344,0.093833224,0.845662497
250462,2,3,3,3,Good,2.256127776,In,3259,0.367171403,0.596312956
250503,2,3,3,3,Good,3.337120192,In,15854,0.168099333,0.803978409
250557,2,3,3,3,Good,1.899466377,In,24072,0.138005849,0.884307312
250963,3,3,3,3,Good,3.064780887,In,8573,0.280383602,0.612433632
250964,2,3,3,3,Good,2.056452352,In,6626,0.017593768,0.960405945
250965,2,3,3,3,Good,2.444288999,In,2391,0.313456339,0.719950416
251202,2,3,3,3,Good,2.515505462,In,8344,0.216935967,0.689243808
252418,2,3,3,3,Good,1.204153007,In,6785,0.334522318,0.542671787
254664,2,3,3,3,Good,1.258865234,In,8554,0.095740805,0.842890382
257492,2,3,3,3,Good,1.68061719,In,6781,0.01406106,0.972323208
257513,2,3,3,3,Good,1.326470016,In,8554,0.239870933,0.601658291
257599,2,3,3,3,Good,1.428970568,In,2347,0.114302709,0.763298551
257655,2,3,3,3,Good,3.574273277,In,214768,0.165472839,0.731915446
267999,2,3,3,3,Good,3.381823103,In,4115,0.263174445,0.643569218
272504,2,3,3,3,Good,3.364847668,In,4115,0.262540438,0.649613508
273813,2,3,3,3,Good,3.006796435,In,15854,0.203033042,0.772136624
276088,2,3,3,3,Good,2.917875167,In,3066715,0.206488074,0.73273789
280322,2,3,3,3,Good,3.22673682,In,15854,0.299067005,0.652245755
281287,2,3,3,3,Good,2.33831295,In,15854,0.184885592,0.724865044
284733,2,3,3,3,Good,2.886682148,In,202896,0.153249852,0.747261888
284736,2,3,3,3,Good,3.25640473,In,3034829,0.195455143,0.76099658
284737,2,3,3,3,Good,2.405221921,In,30580,0.02736557,0.940539965
285065,2,3,3,3,Good,2.747719037,In,4115,0.088581041,0.830235507
285066,2,3,3,3,Good,3.216250083,In,8344,0.418028838,0.520050716
286187,3,3,3,3,Good,2.284719397,In,8554,0.275817459,0.588645707
291874,2,3,3,3,Good,1.401623979,In,8554,0.009057169,0.985480661
301221,2,3,3,3,Good,2.840382204,In,12442,0.205977675,0.717774353
301232,2,3,3,3,Good,1.425465709,In,8554,5.41E-04,0.999119162
301402,2,3,3,3,Good,1.980968206,In,2347,0.090113413,0.819366153
301403,2,3,3,3,Good,1.84428195,In,8554,0.118761797,0.762081191
301404,2,3,3,3,Good,1.332116371,In,6785,0.237817837,0.679420765
301405,2,3,3,3,Good,1.809243236,In,24072,0.197538997,0.857476455
301406,2,3,3,3,Good,1.357821178,In,24072,0.156636716,0.836360471
302440,2,3,3,3,Good,1.498317364,In,8343,0.088089984,0.873874861
305636,2,3,3,3,Good,2.484986782,In,30580,0.100954956,0.781512711
316221,2,3,3,3,Good,1.205863984,In,8554,0.087869963,0.87493835
336110,2,3,3,3,Good,1.108715497,In,24072,0.239627255,0.779278366
337880,2,3,3,3,Good,1.426389728,In,8554,0.153169562,0.740660963
347511,2,3,2,3,Good,1.071179437,In,24072,0.336451243,0.634366446
347519,2,3,3,3,Good,2.16084161,In,202896,0.065390757,0.888903341
347522,2,3,3,3,Good,1.494332104,In,8554,0.171662393,0.716911885
350238,2,3,3,3,Good,1.433125257,In,2391,0.188648753,0.753500949
350574,2,3,3,3,Good,3.271089913,In,20327,0.170345833,0.71690466
359019,2,3,3,3,Good,2.471064535,In,6626,0.096676283,0.747379635
363360,3,3,3,3,Good,3.230848217,In,3079007,0.245013988,0.682112331
378586,2,3,3,3,Good,2.586607854,In,202896,0.106762536,0.841050596
382985,3,3,3,3,Good,2.562297827,In,10708,0.123156815,0.564238433
391002,2,3,3,3,Good,1.852147835,In,8554,0.133235115,0.73227358
399394,2,3,3,3,Good,2.345042853,In,3034829,0.336411233,0.705450151
399395,2,3,3,3,Good,1.945958828,In,8554,0.15911138,0.702012353
403970,2,3,3,3,Good,1.656784217,In,6781,0.023591795,0.954418675
409915,2,3,3,3,Good,1.243123543,In,24072,0.15806465,0.837107805
413761,2,3,3,3,Good,1.300652049,In,8554,0.190783603,0.683021799
415981,2,3,3,3,Good,1.870285412,In,24072,0.256107748,0.691778161
437399,2,3,3,3,Good,1.208462987,In,6785,0.308819095,0.563405213
437400,2,3,3,3,Good,1.769613086,In,33934,0.02139557,0.964550053
438019,2,3,3,3,Good,1.652076408,In,8554,0.06107537,0.886527388
438027,2,3,3,3,Good,1.829735044,In,6785,0.226579331,0.639498557
470404,2,3,3,3,Good,1.580390569,In,8554,0.080445707,0.853881816
518750,3,3,3,3,Good,3.208765191,In,26391,0.433496333,0.591817776
520132,2,3,3,3,Good,1.906783096,In,2347,0.070905355,0.895117908
520281,2,3,3,3,Good,1.9218218,In,2347,0.157797738,0.707317405
520638,2,3,3,3,Good,1.821800748,In,6781,0.050008052,0.85999574
520689,2,3,3,3,Good,1.319154622,In,8554,0.042259256,0.935678695
526520,2,3,3,3,Good,1.544847494,In,8554,0.124320442,0.77904575
540173,2,3,3,3,Good,1.471509008,In,6785,0.042881774,0.954250875
540670,2,3,3,3,Good,2.803026482,In,8344,0.307144948,0.635102121
586027,2,3,3,3,Good,1.578144697,In,6819,0.06839949,0.912754096
590776,2,3,3,3,Good,1.42425848,In,8554,5.55E-05,0.999909784
590783,2,3,3,3,Good,1.8953539,In,8554,0.147857189,0.732074276
595872,2,3,3,3,Good,1.260696709,In,8554,0.212756754,0.637585876
596028,2,3,3,3,Good,2.217543312,In,6785,0.359909296,0.556016605
605806,2,3,3,3,Good,2.500397444,In,8344,0.213959083,0.671066874
607564,2,3,3,3,Good,1.999441271,In,6785,0.189486646,0.679964119
610205,2,3,3,3,Good,2.042930663,In,8554,0.141970197,0.753328092
610228,2,3,3,3,Good,1.278454984,In,8554,0.192849658,0.676306693
610231,2,3,3,3,Good,2.065460082,In,8554,0.179636586,0.687417835
613072,2,3,3,3,Good,1.143250674,In,8554,0.113078023,0.844634893
613594,2,3,3,3,Good,1.685502014,In,8554,0.075125989,0.875705026
614114,2,3,3,3,Good,2.163701797,In,8344,0.166632687,0.750420704
615877,2,3,3,3,Good,1.391859871,In,8554,0.045119386,0.909674016
616675,2,3,3,3,Good,1.220523661,In,8554,0.08196799,0.882350118
617078,2,3,3,3,Good,1.209809679,In,8554,0.08628143,0.876920974
617214,2,3,3,3,Good,1.209809679,In,8554,0.08628143,0.876920974
617267,2,3,3,3,Good,1.209809679,In,8554,0.08628143,0.876920974
618721,2,3,2,3,Good,1.056890705,In,18725,0.21912501,0.759829897
619986,3,3,3,3,Good,2.630572456,In,41821,0.094790038,0.7905027
621872,2,3,3,3,Good,1.267802056,In,8554,0.062933752,0.90713311
624194,2,3,3,3,Good,1.494125579,In,8554,0.157024122,0.671736775
625237,2,3,3,3,Good,3.18359672,In,4115,0.078403499,0.898103989
625821,2,3,3,3,Good,1.239087417,In,6785,0.34971518,0.589611242
627580,2,3,3,3,Good,1.705319432,In,8554,0.122702622,0.752652414
627582,2,3,3,3,Good,2.114429635,In,202896,0.076056772,0.86549187
627583,2,3,3,3,Good,3.026747292,In,8573,0.244056972,0.734825352
629557,2,3,3,3,Good,1.768677688,In,8554,0.089408911,0.821277554
629824,2,3,3,3,Good,1.584081864,In,2391,0.173198152,0.776477724
631432,2,3,3,3,Good,1.826678638,In,6781,0.036949619,0.92657926
631667,2,3,3,3,Good,1.534016894,In,8554,0.185881158,0.700576052
633077,2,3,3,3,Good,2.55692835,In,8344,0.189712911,0.724935098
634543,2,3,3,3,Good,1.572779237,In,8554,0.08092048,0.815922678
640619,2,3,3,3,Good,2.866001744,In,15854,0.12935035,0.830181047
650478,2,3,3,3,Good,2.050953613,In,5502,0.109700236,0.775838603
660046,2,3,3,3,Good,2.728743856,In,2391,0.242162938,0.743350155
736307,2,3,3,3,Good,1.609106069,In,18725,0.252496017,0.640719084
745880,3,3,3,3,Good,2.911384501,In,4115,0.008771887,0.989610402
838557,3,3,3,3,Good,3.04589191,In,3079009,0.151225576,0.777548406
846589,2,3,3,3,Good,2.70888625,In,15854,0.089415741,0.86202673
878340,2,3,3,3,Good,3.0863197,In,3066718,0.114406094,0.843106964
900054,2,3,3,3,Good,2.835294511,In,3079009,0.175618422,0.677930795
1017569,3,3,3,3,Good,2.611392817,In,3066712,0.192909024,0.750655585
1023799,2,3,3,3,Good,2.637753261,In,3066712,0.197495926,0.740943678
1026564,2,3,3,3,Good,3.051981194,In,36713,0.14277293,0.7574623
1034761,2,3,3,3,Good,3.125269647,In,4115,0.185661071,0.727884744
1040650,2,3,3,3,Good,3.541655647,In,3034829,0.268645044,0.687501646
1042613,3,2,3,3,Good,3.880560735,In,3066716,0.294326525,0.61259506
1046981,2,3,3,3,Good,2.088605041,In,3089902,0.182746762,0.7168829
1050418,2,3,3,3,Good,2.473862851,In,2391,0.215680419,0.797296765
1070861,3,3,3,3,Good,1.988609933,In,3066715,0.291078169,0.687333205
1072480,2,3,3,3,Good,2.744048561,In,15854,0.191240288,0.762893926
1072481,2,3,3,3,Good,2.087460496,In,18725,0.376863982,0.554275626
1072485,3,3,3,3,Good,2.346717308,In,767036,0.117370117,0.658341877
1076662,3,3,3,3,Good,2.079056429,In,767036,0.073305582,0.799802598
1077192,2,3,3,3,Good,2.313214876,In,202896,0.120745333,0.748657285
1098909,2,3,3,3,Good,2.294642376,In,8344,0.170337397,0.760429464
1099234,2,3,3,3,Good,2.879690985,In,8573,0.212530997,0.710662591
1106874,2,3,3,3,Good,1.905332805,In,5502,0.076997952,0.774204728
1112352,3,3,3,3,Good,2.071164954,In,767036,0.15973942,0.527088787
1113512,2,3,3,3,Good,1.458088924,In,8554,0.13741626,0.757264927
1113683,3,3,3,3,Good,2.592001974,In,3079009,0.194513283,0.596837054
1117002,2,3,3,3,Good,1.060425626,In,6785,0.307870707,0.637991613
1118988,2,3,3,3,Good,2.601123703,In,8344,0.332917636,0.625133905
1128204,2,3,3,3,Good,2.178486411,In,18725,0.37066013,0.573711766
1160387,3,3,3,3,Good,2.724322863,In,767036,0.159981956,0.527458299
1160444,2,3,3,3,Good,2.48612431,In,2391,0.241919692,0.724802025
1187314,2,3,3,3,Good,2.256462862,In,2391,0.236867529,0.81196455
1187330,2,3,3,3,Good,2.279175912,In,2391,0.311741287,0.733187186
1188219,3,3,2,3,Good,3.434995812,In,3079007,0.256331392,0.706166734
1209089,2,3,3,3,Good,2.28581111,In,15854,0.201990987,0.70974946
1211820,2,3,3,3,Good,2.777471762,In,6785,0.32338572,0.582096377
1218923,2,3,3,3,Good,2.677707409,In,36713,0.126748605,0.720223589
1218942,3,3,3,3,Good,2.341619143,In,6626,0.081840495,0.821671861
1234824,2,3,3,3,Good,1.181643428,In,2391,0.217775907,0.764283239
1238651,2,3,3,3,Good,3.605093544,In,3066718,0.265404583,0.668920587
1248746,2,3,3,3,Good,2.106924278,In,2391,0.285905028,0.734562552
1255708,2,3,3,3,Good,2.619417159,In,70897,0.377086893,0.638230748
1289455,2,3,3,3,Good,2.707730851,In,70897,0.399389487,0.635747696
1351733,2,3,3,3,Good,1.599300225,In,6787,0.112359918,0.774978382
1368450,2,3,3,3,Good,2.921414007,In,3066716,0.121690831,0.823644269
1368670,2,3,3,3,Good,2.941253843,In,3034829,0.259397623,0.683589173
1377550,2,3,3,3,Good,3.301230255,In,4485134,0.421604474,0.614771726
1379517,2,3,3,3,Good,3.612653167,In,4115,0.242976417,0.654305017
1380471,2,3,3,3,Good,1.770205742,In,2391,0.379647517,0.613942424
1380529,2,3,3,3,Good,2.493526018,In,70897,0.365595747,0.65810603
1401084,2,3,3,3,Good,3.119784514,In,8573,0.48989779,0.581890629
1520997,2,3,3,3,Good,1.208930351,In,2391,0.212530083,0.771634747
1548030,2,3,3,3,Good,2.751813415,In,3066718,0.193442831,0.728226492
1619164,3,3,3,3,Good,2.684835875,In,41821,0.052597271,0.873230806
1623044,2,3,3,3,Good,2.106590124,In,18725,0.330178644,0.552063661
1634822,2,3,3,3,Good,3.079364692,In,15854,0.267574608,0.701388977
1641045,2,3,3,3,Good,2.838812816,In,202896,0.179293929,0.686010765
1648865,2,3,3,3,Good,2.926644192,In,6819,0.33336959,0.524832806
1714942,2,3,3,3,Good,2.694310589,In,6785,0.306704731,0.637803261
1719703,2,3,3,3,Good,2.916584,In,3066715,0.332599212,0.642586505
1738594,2,3,3,3,Good,2.886663987,In,3066715,0.355478268,0.621403336
1869367,3,3,3,3,Good,2.908334025,In,767036,0.168189846,0.503837357
1898724,3,3,3,3,Good,2.940274532,In,3047066,0.042627037,0.897676929
1899734,2,3,3,3,Good,3.581650964,In,4115,0.301300427,0.687254646
2024830,3,3,3,3,Good,2.863346593,In,3079009,0.159084977,0.67372875
2054598,2,3,3,3,Good,3.250521267,In,12442,0.272448822,0.630169507
2127702,2,3,3,3,Good,2.73648086,In,100191,0.381086029,0.646574664
2165757,3,3,3,3,Good,1.139062976,In,8554,0.315478636,0.594067981
2189771,2,3,3,3,Good,3.657984108,In,3066715,0.256458605,0.716311585
2195342,2,3,3,3,Good,2.660918284,In,3034829,0.355927124,0.653786369
2227627,2,3,3,3,Good,2.357156084,In,3034829,0.382467525,0.620483999
2232593,2,3,3,3,Good,2.686658618,In,3034829,0.353635942,0.657620868
2245412,2,3,3,3,Good,2.10659055,In,202896,0.263512715,0.580109527
2245536,2,3,3,3,Good,2.472513733,In,2391,0.3299482,0.743208625
2259863,2,3,3,3,Good,2.880503491,In,2391,0.347985547,0.709725545
2259864,2,3,3,3,Good,2.66622795,In,3034829,0.338401699,0.69641947
2302730,2,3,3,3,Good,3.111499836,In,3034829,0.392794127,0.636745059
2302731,2,3,3,3,Good,1.486491058,In,8554,0.101191592,0.811281603
2302732,2,3,3,3,Good,1.528081232,In,8554,0.090653628,0.829613924
2306092,2,3,3,3,Good,1.589105819,In,24072,0.317783392,0.734671596
2311516,2,3,3,3,Good,1.842489266,In,6785,0.363623317,0.486856817
2326127,2,3,3,3,Good,1.298647297,In,8554,0.050515487,0.924066402
2342124,2,3,3,3,Good,2.50658529,In,8344,0.258412622,0.638452971
2379358,2,3,3,3,Good,2.730387981,In,8573,0.202037544,0.699358452
2379368,2,3,3,3,Good,2.874844719,In,70897,0.385121128,0.617087415
2379395,2,3,3,3,Good,1.911077061,In,8554,0.293406573,0.554490726
2427342,2,3,2,3,Good,3.501351588,In,70897,0.276114625,0.80175769
2477762,2,3,3,3,Good,3.537409133,In,15854,0.344259672,0.639582369
2490383,2,3,3,3,Good,2.942244234,In,202896,0.236932836,0.630632834
2538590,2,3,3,3,Good,3.276896225,In,3034829,0.253146115,0.682685494
2649366,2,3,2,3,Good,3.603123241,In,3259,0.269103953,0.679733261
2747933,2,3,3,3,Good,2.551244903,In,2391,0.325355023,0.688997328
2747934,2,3,3,3,Good,2.187291671,In,5502,0.12040868,0.652332944
2748002,2,3,3,3,Good,3.409041081,In,3079009,0.154739636,0.735722858
2751931,2,3,3,3,Good,2.604041245,In,2391,0.334080472,0.673718043
2752047,2,3,3,3,Good,2.496366916,In,18725,0.26643679,0.658316735
2752912,2,3,3,3,Good,2.64736088,In,70897,0.37890983,0.651740626
2768817,2,3,3,3,Good,2.446945203,In,70897,0.289187196,0.739670471
2772130,2,3,3,3,Good,2.274285747,In,18725,0.422320098,0.54851368
2774890,2,3,3,3,Good,3.608154467,In,15854,0.260703428,0.707833096
2774891,2,3,2,3,Good,3.541113619,In,12442,0.333944498,0.558823867
2774892,2,3,3,3,Good,2.322440753,In,5502,0.12561716,0.741511873
2778236,2,3,3,3,Good,2.893774915,In,30580,0.150664213,0.698376483
2796568,2,3,3,3,Good,2.038315807,In,2391,0.239967986,0.771888444
2798845,2,3,3,3,Good,2.688127763,In,6819,0.254810965,0.619862152
2798846,2,3,3,3,Good,2.592366678,In,6785,0.283831984,0.570385695
2827662,2,3,3,3,Good,3.432178844,In,3034829,0.273635297,0.667703474
2829698,2,3,3,3,Good,2.568792671,In,2391,0.328057138,0.683918996
2829799,2,3,3,3,Good,1.735392062,In,6787,0.035163014,0.941586205
2829870,2,3,3,3,Good,1.673774596,In,6787,0.071449364,0.883753259
2831288,2,3,3,3,Good,1.662072088,In,6787,0.020355814,0.969940012
2831290,2,3,3,3,Good,2.938966231,In,3066716,0.113325707,0.851472028
2831291,2,3,3,3,Good,2.335539639,In,202896,0.20828488,0.699233451
2831292,2,3,3,3,Good,1.312840507,In,18725,0.092821507,0.903677315
2831638,2,3,3,3,Good,1.514071444,In,6787,0.142064334,0.799671908
2831675,2,3,3,3,Good,1.571696556,In,6787,0.07594762,0.868416266
2831680,2,3,3,3,Good,1.691654902,In,33934,0.034600241,0.941409851
2832539,2,3,3,3,Good,1.611633888,In,6787,0.071032167,0.888686326
2832801,2,3,3,3,Good,1.829179608,In,8343,0.087975338,0.811690293
2832973,2,3,3,3,Good,1.760540348,In,8343,0.053516525,0.877620729
2832997,2,3,3,3,Good,1.594092458,In,6787,0.049344933,0.903958253
2833524,2,3,3,3,Good,1.611939425,In,6787,0.044245977,0.913652032
2843702,2,3,3,3,Good,1.534711375,In,6787,0.14079282,0.808447397
2843919,2,3,3,3,Good,1.708981915,In,33934,0.035978433,0.929846652
2846891,2,3,3,3,Good,1.678248769,In,6787,0.035012508,0.947202872
2853367,2,3,2,3,Good,2.866799749,In,3259,0.257132532,0.708322411
2884190,2,3,3,3,Good,1.383581858,In,6787,0.24071243,0.643328892
3015053,2,3,3,3,Good,1.777853183,In,6781,0.024823323,0.949748741
3017480,2,3,3,3,Good,1.788903588,In,24072,0.073754247,0.934279563
3018042,2,3,3,3,Good,2.520584599,In,18725,0.286346395,0.612920248
3018101,2,3,3,3,Good,3.473406339,In,3066715,0.263798768,0.68683538
3020173,2,3,3,3,Good,1.627749577,In,6787,0.104533838,0.786380732
3020186,2,3,3,3,Good,1.330831018,In,18725,0.119922371,0.884350435
3020640,2,3,3,3,Good,1.705245824,In,6787,0.001706464,0.997408652
3020641,2,3,3,3,Good,2.383316293,In,2391,0.169432972,0.794273427
3020642,2,3,3,3,Good,3.118254765,In,3079009,0.110945057,0.806953024
3020643,2,3,3,3,Good,2.635364031,In,70897,0.377078977,0.653731289
3020703,2,3,3,3,Good,2.629725949,In,30580,0.068119892,0.873129332
3020873,3,3,3,3,Good,2.970060968,In,767036,0.181397291,0.463046256
3020984,2,3,3,3,Good,2.585860052,In,18725,0.31530364,0.574007785
3020988,2,3,3,3,Good,2.522135602,In,2391,0.321324384,0.697421574
3020993,2,3,3,3,Good,2.598370011,In,100191,0.344218949,0.701783256
3020994,2,3,3,3,Good,3.608564401,In,4115,0.242772809,0.655789177
3024584,2,3,2,3,Good,1.682951737,In,18725,0.302566414,0.667564268
3025053,2,3,2,3,Good,3.768493471,In,30580,0.401366028,0.491305108
3027244,2,3,3,3,Good,2.42014379,In,100191,0.367007798,0.69176562
3034464,2,3,3,3,Good,1.795379151,In,18725,0.392747988,0.531645992
3046467,2,3,3,3,Good,2.571822295,In,70897,0.387955451,0.639169541
3047433,2,3,3,3,Good,3.564131188,In,3034829,0.268719061,0.684530414
3047436,2,3,3,3,Good,3.702242037,In,15854,0.25141072,0.732005967
3079365,2,3,3,3,Good,3.265140232,In,3034829,0.229358153,0.703621172
3085422,3,2,3,3,Good,3.946709113,In,3066718,0.292943719,0.677246915
3085542,3,2,3,3,Good,3.892547395,In,20327,0.294882209,0.499511057
3086392,2,3,3,3,Good,1.968479275,In,18725,0.285064877,0.625857694
3090041,2,3,3,3,Good,3.084145328,In,202896,0.218647048,0.657798972
3090082,2,3,3,3,Good,3.765106382,In,3034829,0.417768721,0.619326
3090083,2,3,3,3,Good,1.933367076,In,6787,0.200716146,0.638602153
3091606,2,3,3,3,Good,3.761155526,In,3079009,0.278794704,0.559647798
3091608,2,3,3,3,Good,2.349317887,In,202896,0.116286956,0.761929933
3091609,2,3,3,3,Good,2.349317887,In,202896,0.116286956,0.761929933
3091610,2,3,3,3,Good,1.687017613,In,2391,0.09865777,0.879626392
3091670,2,3,3,3,Good,2.854716264,In,30580,0.131441586,0.735513626
3093288,2,3,3,3,Good,2.439673916,In,30580,0.106062382,0.737829399
3094534,2,3,3,3,Good,2.566702146,In,100191,0.347308868,0.698015563
3094848,2,3,3,3,Good,2.707521667,In,70897,0.360973203,0.686543632
3094939,3,3,3,3,Good,2.956723669,In,15854,0.180450618,0.693073941
3094943,2,3,3,3,Good,2.853962823,In,24072,0.405210325,0.638171664
3098718,2,3,3,3,Good,2.651791414,In,26391,0.167608166,0.808362754
3099145,2,3,3,3,Good,3.377791494,In,3066198,0.344237793,0.574373747
3100584,2,3,3,3,Good,3.749878452,In,4115,0.261951966,0.628800536
3100585,2,3,3,3,Good,3.346591619,In,3034829,0.322548375,0.655151738
3101113,2,3,3,3,Good,2.868951915,In,3034829,0.34140175,0.682753599
3101114,2,3,3,3,Good,2.4075848,In,8344,0.200361864,0.685694656
3101117,2,3,2,3,Good,2.649636924,In,70897,0.307198019,0.710466043
3103380,2,3,2,3,Good,3.433954964,In,3066715,0.161810524,0.811507124
3108224,2,3,3,3,Good,2.283428755,In,8344,0.193924561,0.728126741
3108225,2,3,3,3,Good,2.546325549,In,70897,0.315100496,0.705183234
3108226,2,3,3,3,Good,2.620761985,In,3066712,0.16965352,0.791131074
3108227,2,3,3,3,Good,2.295696939,In,2391,0.2528755,0.734708275
3108370,2,3,3,3,Good,2.451442932,In,202896,0.234043867,0.682491544
3108900,2,3,3,3,Good,1.761167392,In,3034829,0.326567523,0.707378291
3110314,2,3,3,3,Good,1.338067497,In,8554,0.065032973,0.881427044
3112570,2,3,3,3,Good,2.488301429,In,202896,0.105247392,0.816000598
3112571,2,3,3,3,Good,2.062418969,In,2391,0.150739809,0.857212336
3112639,2,3,3,3,Good,1.240567148,In,2391,0.282949439,0.700062402
3116536,2,3,3,3,Good,2.309718048,In,202896,0.240598944,0.563688436
3116630,2,3,3,3,Good,1.121961762,In,24072,0.236219261,0.763944162
3133153,2,3,3,3,Good,2.463959272,In,8344,0.21525947,0.71987586
3135656,2,3,3,3,Good,2.867064518,In,70897,0.396672707,0.613322645
3135662,2,3,3,3,Good,2.177193363,In,5502,0.118280451,0.659153752
3144923,2,3,3,3,Good,2.710987416,In,70897,0.356103888,0.648227505
3152433,2,3,3,3,Good,3.497804576,In,100191,0.296065806,0.752960552
3241590,3,2,3,3,Good,3.897046234,In,20327,0.299568527,0.496223435
3261929,2,3,3,3,Good,2.584117418,In,8344,0.273891342,0.653447889
3278893,2,3,3,3,Good,2.607034111,In,3034829,0.353796298,0.676997993
3287671,2,3,3,3,Good,2.359759762,In,70897,0.283740598,0.755278757
3288857,2,3,3,3,Good,2.539905639,In,2391,0.323717032,0.692278917
3298510,2,3,3,3,Good,2.813141257,In,70897,0.396131099,0.616249136
3351439,2,3,2,3,Good,3.56896719,In,3259,0.261266335,0.6879254
3359218,2,3,3,3,Good,2.855644309,In,70897,0.27553697,0.761420164
3366128,2,3,3,3,Good,2.965928137,In,15854,0.196092854,0.740965063
3373785,2,3,3,3,Good,2.183259832,In,70897,0.416247474,0.59005727
3415778,2,3,3,3,Good,1.541122679,In,8554,0.047104878,0.923374707
3432026,2,3,3,3,Good,2.11530283,In,6781,0.125718551,0.795707606
3433535,2,3,3,3,Good,2.577798833,In,5502,0.167985736,0.6332007
3437713,2,3,3,3,Good,2.094942085,In,3259,0.196362424,0.786536958
3447295,2,3,3,3,Good,2.694220234,In,202896,0.183742917,0.676161495
3451253,2,3,3,3,Good,1.722164264,In,2391,0.089628465,0.900900428
3462372,2,3,3,3,Good,2.241221356,In,6787,0.232244784,0.573920477
3478018,2,3,3,3,Good,1.448379014,In,2391,0.277781393,0.674842633
3487916,2,3,3,3,Good,2.475994151,In,70897,0.36265053,0.661244654
3493732,2,3,3,3,Good,2.165306809,In,2391,0.181984459,0.851443279
3501915,2,3,2,3,Good,3.267222941,In,3066715,0.272042577,0.708560049
3507854,2,3,3,3,Good,1.786192654,In,2391,0.083018225,0.921470881
3564246,2,3,3,3,Good,3.153630103,In,3034829,0.203574567,0.782130542
3581611,2,3,3,3,Good,3.102663727,In,3079009,0.112600072,0.800947755
3609266,2,3,3,3,Good,1.591735678,In,8343,0.114285056,0.802697101
3614055,2,3,3,3,Good,2.787363658,In,30580,0.142744134,0.699354011
3614976,2,3,3,3,Good,3.52628147,In,24072,0.425745711,0.687875724
3625965,2,3,3,3,Good,2.351230696,In,8344,0.217925737,0.670608877
3634225,2,3,3,3,Good,2.904548722,In,3034829,0.34767115,0.697216526
3701666,2,3,3,3,Good,2.279567307,In,70897,0.395356498,0.614039027
3706395,2,3,3,3,Good,1.298828903,In,18725,0.254088223,0.676551788
3745596,2,3,3,3,Good,2.138202471,In,18725,0.323591252,0.604272825
3752189,2,3,3,3,Good,1.564916344,In,18725,0.225969321,0.685080759
3759984,3,3,3,3,Good,2.723839737,In,26391,0.274952164,0.744901858
3760906,2,3,3,3,Good,1.894665058,In,5502,0.089482174,0.768506838
3769586,2,3,3,3,Good,1.963556986,In,8554,0.251977946,0.579493175
3805113,3,2,3,3,Good,3.873948051,In,20327,0.287990488,0.50846742
3836060,2,3,3,3,Good,2.589816991,In,8573,0.321288972,0.540438428
3842648,2,3,3,3,Good,3.297330444,In,3034829,0.328930186,0.646926523
3854389,2,3,2,3,Good,3.461975853,In,26391,0.319911573,0.689421307
3895058,2,3,3,3,Good,2.091213128,In,8344,0.178760773,0.7506252
3923526,2,3,3,3,Good,2.754539831,In,3066718,0.177777275,0.742907632
3941060,2,3,3,3,Good,2.628206876,In,24072,0.285881006,0.744012323
3976209,2,3,3,3,Good,2.250079587,In,10708,0.103226023,0.627520342
4056053,2,3,3,3,Good,2.620938588,In,2391,0.344978054,0.69627228
4106066,3,3,3,3,Good,3.019197688,In,3079009,0.092147801,0.839254694
4126465,2,3,3,3,Good,2.823415437,In,2391,0.352788523,0.679378617
4149757,2,3,3,3,Good,2.961139836,In,15854,0.185163305,0.739390705
4152551,2,3,3,3,Good,1.700961876,In,24072,0.23883057,0.767265218
4155976,2,3,3,3,Good,3.546223908,In,4115,0.159442077,0.789237465
4158909,2,3,3,3,Good,2.62179272,In,15854,0.17761283,0.750893423
4178021,2,3,3,3,Good,3.813547325,In,3066718,0.257208266,0.743797723
4208526,2,3,2,3,Good,1.071179437,In,24072,0.336451243,0.634366446
4217226,2,3,3,3,Good,2.165306809,In,2391,0.181984459,0.851443279
4218838,2,3,3,3,Good,1.835743694,In,3026,0.002662825,0.993987191
4304692,2,3,3,3,Good,2.15464709,In,3026,0.084256206,0.758497387
4321781,2,3,3,3,Good,2.017120868,In,8343,0.090449687,0.802213201
4347518,2,3,3,3,Good,2.084675211,In,6787,0.091773429,0.800508621
4351723,2,3,3,3,Good,2.089250256,In,6787,0.091677615,0.802550358
4367778,2,3,3,3,Good,2.097120281,In,6787,0.091612357,0.806087045
4370498,2,3,3,3,Good,2.108383559,In,33934,0.084817906,0.821309835
4425403,2,3,3,3,Good,1.848995683,In,2347,0.083689573,0.835220165
4432412,2,3,3,3,Good,1.920396414,In,6787,0.089160635,0.806615719
4460573,2,3,3,3,Good,1.928142124,In,6787,0.088280811,0.809943711
4495639,2,3,3,3,Good,1.900515136,In,6787,0.106506932,0.77919871
4495640,2,3,3,3,Good,1.946168106,In,6787,0.08324407,0.838748933
4495641,2,3,3,3,Good,1.936292445,In,8343,0.083009251,0.827739982
4495642,2,3,3,3,Good,1.912280304,In,6787,0.105734221,0.783925
4495643,2,3,3,3,Good,1.96474765,In,8343,0.079310156,0.841583572
4495644,2,3,3,3,Good,3.024257953,In,8344,0.269981472,0.693305615
4519631,2,3,3,3,Good,1.728717636,In,2347,0.07993648,0.857382431
4522662,2,3,3,3,Good,1.699749348,In,2347,0.086308245,0.844345784
4548722,2,3,3,3,Good,1.67377778,In,2347,0.093122081,0.832990275
4551427,2,3,3,3,Good,1.532083748,In,8343,0.073696879,0.892262339
4589619,2,3,3,3,Good,1.434813608,In,6787,0.112962102,0.805448996
4591686,2,3,3,3,Good,1.538626624,In,6787,0.073679384,0.899137957
4599436,2,3,3,3,Good,1.526558786,In,6787,0.085446556,0.846591898
4599450,2,3,3,3,Good,1.308497674,In,6787,0.159425357,0.754935704
4606001,2,3,3,3,Good,2.018297059,In,2391,0.124743621,0.865418988
4653497,2,3,3,3,Good,1.661837856,In,2347,0.096542075,0.827871658
4663458,2,3,3,3,Good,1.635807641,In,2347,0.104515732,0.816927746
4714864,2,3,3,3,Good,1.666939644,In,6787,0.171578517,0.701955835
4855121,2,3,3,3,Good,1.564103305,In,8343,0.060048369,0.910427919
5024137,2,3,3,3,Good,1.570836999,In,6787,0.059765773,0.916596165
5056868,2,3,3,3,Good,1.537764905,In,6787,0.074051612,0.898680029
5071838,2,3,3,3,Good,1.526257705,In,8343,0.076180261,0.889034732
5082992,2,3,3,3,Good,1.549456379,In,6787,0.064411648,0.880590972
5105077,2,3,3,3,Good,1.558236006,In,8343,0.062549337,0.907044093
5106227,2,3,3,3,Good,1.906939562,In,2391,0.120546159,0.880607977
5171383,2,3,3,3,Good,1.861384058,In,2347,0.013173604,0.974545834
5196803,2,3,3,3,Good,1.90134422,In,2347,0.074477005,0.861249761
5205957,2,3,3,3,Good,2.29275344,In,8344,0.062505696,0.882662064
5240590,2,3,3,3,Good,2.138995513,In,8344,0.107195951,0.824266129
5253141,2,3,3,3,Good,1.383657338,In,6787,0.161649375,0.748345808
5257702,2,3,3,3,Good,1.846909145,In,6787,0.089701007,0.844562323
5468494,2,3,3,3,Good,1.477353926,In,8343,0.0966126,0.817095884
5472508,2,3,3,3,Good,1.482918537,In,6787,0.097499892,0.82650981
6063677,2,3,3,3,Good,1.716036019,In,6787,0.002954475,0.995501832
6420644,2,3,3,3,Good,1.681508307,In,6787,0.035102892,0.945167601
6421085,2,3,3,3,Good,1.692070861,In,6787,0.035776956,0.938572291
6421088,2,3,3,3,Good,1.705245824,In,6787,0.001706464,0.997408652
6421093,2,3,3,3,Good,1.719016168,In,6787,0.004241781,0.993541915
6421094,2,3,3,3,Good,2.159811225,In,2391,0.162196574,0.805313761
6421095,2,3,3,3,Good,1.888205691,In,2347,0.075430287,0.864193494
6421096,2,3,3,3,Good,2.200491479,In,8344,0.100568671,0.833582895
6421097,2,3,3,3,Good,2.234334655,In,8344,0.095530589,0.846779173
6421403,2,3,3,3,Good,1.779548619,In,3026,0.064352693,0.867691512
6421404,2,3,3,3,Good,2.001381955,In,2347,0.08851216,0.812591148
6421405,2,3,3,3,Good,1.630099263,In,6787,0.07009102,0.898381755
6421408,2,3,3,3,Good,1.772359223,In,6787,0.046032223,0.912602769
6421415,2,3,3,3,Good,1.778847746,In,6787,0.044693778,0.916170593
6421417,2,3,3,3,Good,1.755527481,In,6787,0.055211212,0.879210993
6421418,2,3,3,3,Good,1.817144354,In,8343,0.054881137,0.864289193
6421544,2,3,3,3,Good,1.813547422,In,8343,0.055363873,0.862304789
6421545,2,3,3,3,Good,1.720283163,In,8343,0.059545376,0.85648744
6421546,2,3,3,3,Good,1.732492671,In,8343,0.057242467,0.862788584
6421547,3,2,3,3,Good,4.112300569,In,8573,0.405988881,0.638148923
6421944,2,3,3,3,Good,1.777862978,In,33934,0.024908242,0.958729966
6421946,2,3,3,3,Good,1.91994826,In,6781,0.070402258,0.857205305
6421947,2,3,3,3,Good,1.696472791,In,33934,0.03483242,0.938194628
6421949,2,3,3,3,Good,1.688820677,In,6787,0.008801479,0.986776996
6421950,2,3,3,3,Good,1.656359176,In,6787,0.022823567,0.966418193
6422008,2,3,3,3,Good,1.917419273,In,2347,0.031548097,0.955156501
6422046,2,3,3,3,Good,1.939311004,In,2347,0.041122284,0.941547437
6422047,2,3,3,3,Good,1.957587586,In,2347,0.049115412,0.930185741
6422283,2,3,3,3,Good,1.962913601,In,33934,0.073699783,0.887113727
6422366,2,3,3,3,Good,2.040030594,In,2347,0.114488845,0.764270804
6422367,2,3,3,3,Good,1.839208548,In,3026,0.001287032,0.997084752
6422368,2,3,3,3,Good,1.674307854,In,6787,0.015070446,0.977569993
6422369,2,3,3,3,Good,1.778251756,In,33934,0.025073778,0.958455693
6422388,2,3,3,3,Good,1.643329031,In,6787,0.117295335,0.785999578
6422389,2,3,3,3,Good,2.159920094,In,8344,0.108188199,0.814671339
6422480,2,3,3,3,Good,2.175855965,In,8344,0.109531441,0.80736408
6422519,2,3,3,3,Good,1.924278053,In,8343,0.086970988,0.85198448
6422520,2,3,3,3,Good,1.935304287,In,8343,0.085910462,0.857611068
6422594,2,3,3,3,Good,1.945183283,In,8343,0.085169611,0.862715727
6422743,2,3,3,3,Good,2.19917914,In,8344,0.112371324,0.796669435
6422927,2,3,3,3,Good,3.245982237,In,8344,0.275842923,0.660784702
6423157,2,3,3,3,Good,2.189618178,In,8344,0.075313568,0.89410946
6423317,2,3,3,3,Good,1.880559281,In,8343,0.11411191,0.79849701
6423325,2,3,3,3,Good,2.148523472,In,8344,0.078419325,0.876322492
6423379,2,3,3,3,Good,2.189618178,In,8344,0.075313568,0.89410946
6423380,2,3,3,3,Good,1.984992721,In,2347,0.086113615,0.821275056
6423381,2,3,3,3,Good,1.69998625,In,6781,0.006315431,0.9873767
6423388,2,3,3,3,Good,1.821646556,In,6787,0.109281787,0.810458546
6423389,2,3,3,3,Good,2.290129886,In,8344,0.066617694,0.869030321
6423397,2,3,3,3,Good,2.27379546,In,8344,0.096261638,0.828211725
6423398,2,3,3,3,Good,1.737329655,In,33934,0.007649798,0.987325183
6423399,2,3,3,3,Good,1.744096883,In,33934,0.010531176,0.982551078
6423400,2,3,3,3,Good,2.252513528,In,8344,0.10021127,0.832752306
6423404,2,3,3,3,Good,1.926691345,In,8343,0.121524164,0.75113017
6423405,2,3,3,3,Good,2.213385372,In,8344,0.114581275,0.790155287
6423406,2,3,3,3,Good,2.435112771,In,8344,0.162610648,0.775950689
6423415,2,3,3,3,Good,2.428432277,In,8344,0.164946207,0.758673294
6423416,2,3,3,3,Good,2.457261658,In,8344,0.176841527,0.73738169
6423417,2,3,3,3,Good,2.907185336,In,8344,0.155253254,0.803151953
6423418,2,3,3,3,Good,2.835593222,In,8344,0.188256854,0.696572181
6423419,2,3,3,3,Good,1.674248103,In,8343,0.01309855,0.978989938
6423420,2,3,3,3,Good,1.700771773,In,6787,0.003639077,0.994490056
6423421,2,3,3,3,Good,1.693503111,In,6787,0.006778853,0.989784671
6423423,2,3,3,3,Good,2.190643588,In,8344,0.142029135,0.732397112
6423429,2,3,3,3,Good,1.887768585,In,2347,0.076315296,0.854344895
6423430,2,3,3,3,Good,2.347678932,In,8344,0.206004956,0.6621178
6423431,2,3,3,3,Good,1.913668847,In,2347,0.073186225,0.867615709
6423433,2,3,3,3,Good,3.262629306,In,8344,0.259967753,0.722456743
6423435,2,3,3,3,Good,2.212038231,In,8344,0.075670616,0.888412656
6423443,2,3,3,3,Good,2.000732776,In,2347,0.057439816,0.868492783
6423444,2,3,3,3,Good,2.138721912,In,2391,0.15264004,0.779375905
6423445,2,3,3,3,Good,1.782554977,In,8343,0.052348349,0.889624587
6423446,2,3,3,3,Good,1.791619824,In,8343,0.052350892,0.889217746
6423447,2,3,3,3,Good,1.750190601,In,6787,0.055898919,0.876506194
6423448,2,3,3,3,Good,2.067079155,In,2347,0.061946168,0.85659339
6423449,2,3,3,3,Good,2.068352924,In,33934,0.083483666,0.840130233
6423452,2,3,3,3,Good,2.051301363,In,33934,0.090470123,0.796389002
6423457,2,3,3,3,Good,2.058497425,In,33934,0.090708173,0.792308801
6423458,2,3,3,3,Good,2.070617109,In,33934,0.091340312,0.785436882
6423459,2,3,3,3,Good,2.080428282,In,6787,0.091900324,0.79862259
6423462,2,3,3,3,Good,2.488180776,In,8344,0.177562282,0.701390286
6423463,2,3,3,3,Good,2.485177312,In,8344,0.154243646,0.784676016
6423464,2,3,3,3,Good,1.956038141,In,6781,0.06918146,0.874844779
6423465,2,3,3,3,Good,2.156884791,In,8344,0.151121884,0.721573352
6423467,2,3,3,3,Good,2.243125322,In,8344,0.094616158,0.850275508
6423470,2,3,3,3,Good,1.688159148,In,6781,0.011045054,0.978129868
6423475,2,3,3,3,Good,1.820946149,In,6781,0.125337665,0.701892197
6423476,2,3,3,3,Good,1.664829431,In,6781,0.065167421,0.87113251
6423477,2,3,3,3,Good,2.205945356,In,8344,0.07842257,0.846342402
6423478,2,3,3,3,Good,1.721266172,In,8343,0.035381091,0.931581264
6423479,2,3,3,3,Good,1.696424409,In,8343,0.003645779,0.994062143
6423489,2,3,3,3,Good,1.774200181,In,6781,0.023362498,0.952705971
6423490,2,3,3,3,Good,1.881411629,In,2347,0.077317931,0.851149525
6423491,2,3,3,3,Good,1.818750257,In,2347,0.060992414,0.887452744
6423493,2,3,3,3,Good,2.113221111,In,8344,0.128468234,0.7595521
6423494,2,3,3,3,Good,1.840410764,In,8554,0.107515513,0.801447996
6423498,2,3,3,3,Good,1.612219646,In,6787,0.070988741,0.888990669
6423502,2,3,3,3,Good,1.614205663,In,8343,0.038691966,0.940385409
6423507,2,3,3,3,Good,1.626229794,In,6787,0.07021428,0.896332571
6423508,2,3,3,3,Good,1.617349045,In,6787,0.070646048,0.891664689
6423509,2,3,3,3,Good,1.77980205,In,8343,0.13837502,0.702807618
6423511,2,3,3,3,Good,1.694721156,In,8343,0.141422809,0.714833522
6423512,2,3,3,3,Good,2.032182359,In,8344,0.115811911,0.795724027
6423513,2,3,3,3,Good,1.688066579,In,8343,0.007208349,0.988327534
6423514,2,3,3,3,Good,2.293285504,In,8344,0.188768493,0.705017163
6423521,2,3,3,3,Good,2.769724699,In,8344,0.177484569,0.733836388
6423522,2,3,3,3,Good,1.816410178,In,6787,0.10565947,0.793533343
6423523,2,3,3,3,Good,1.568945453,In,6787,0.076418074,0.867053942
6423525,2,3,3,3,Good,1.686545733,In,8343,0.007856618,0.987291135
6423526,2,3,3,3,Good,1.450061748,In,6787,0.107867725,0.812007648
6423527,2,3,3,3,Good,1.697594918,In,6787,0.084455525,0.829166722
6423535,2,3,3,3,Good,2.356563891,In,2391,0.184815998,0.753055015
6423536,2,3,3,3,Good,1.601917927,In,8343,0.043929681,0.93285725
6423537,2,3,3,3,Good,1.742190029,In,8343,0.129448137,0.732184754
6423541,2,3,3,3,Good,1.726407386,In,8343,0.058343601,0.859636513
6423544,2,3,3,3,Good,1.828546469,In,2347,0.074432488,0.878982146
6423545,2,3,3,3,Good,1.772792732,In,2347,0.073443397,0.878008415
6423546,2,3,3,3,Good,1.839157391,In,2347,0.072775268,0.879779302
6423547,2,3,3,3,Good,2.07766159,In,8344,0.109446029,0.811955929
6423553,2,3,3,3,Good,1.804165116,In,2347,0.071678292,0.893304987
6423565,2,3,3,3,Good,1.621997562,In,6787,0.070394306,0.894101953
6423566,2,3,3,3,Good,1.720739038,In,8343,0.120033542,0.746174487
6423567,2,3,3,3,Good,2.350879529,In,8344,0.142667678,0.767135727
6423568,2,3,3,3,Good,1.811492963,In,2347,0.014777995,0.979426244
6423569,2,3,3,3,Good,2.811272965,In,8573,0.172899308,0.811617197
6423571,2,3,3,3,Good,1.972788559,In,2347,0.07245557,0.870600484
6423573,2,3,3,3,Good,1.906704746,In,2347,0.073870044,0.864007078
6423579,2,3,3,3,Good,2.004823382,In,2347,0.075833204,0.850984943
6423580,2,3,3,3,Good,1.850142277,In,6787,0.128243979,0.786462919
6423581,2,3,3,3,Good,1.933786591,In,8343,0.109756438,0.815016826
6423582,2,3,3,3,Good,1.922234248,In,6787,0.113536243,0.816924074
6423583,2,3,3,3,Good,1.690612579,In,8343,0.006123103,0.990067416
6423584,2,3,3,3,Good,1.684422852,In,6787,0.010701166,0.983968733
6423593,2,3,3,3,Good,1.928471317,In,2347,0.024195383,0.954618875
6423594,2,3,3,3,Good,3.222719034,In,8344,0.257543968,0.737895801
6423595,2,3,3,3,Good,2.872826996,In,8344,0.157010153,0.791993997
6423596,2,3,3,3,Good,2.515224389,In,8344,0.117532855,0.835717353
6423597,2,3,3,3,Good,1.903524079,In,6781,0.119175994,0.729109725
6423598,2,3,3,3,Good,1.875838952,In,2347,0.075255548,0.870261154
6423599,2,3,3,3,Good,1.868246255,In,8343,0.116638924,0.79305154
6423607,2,3,3,3,Good,1.696049631,In,6781,0.067701244,0.848788154
6423608,2,3,3,3,Good,1.831031752,In,2347,0.07223356,0.884305902
6423609,2,3,3,3,Good,1.790810732,In,2347,0.072116523,0.886728974
6423610,2,3,3,3,Good,1.867849924,In,2347,0.011758768,0.97837835
6423612,2,3,3,3,Good,2.253755437,In,8344,0.062496473,0.88644508
6423613,3,3,3,3,Good,2.774533583,In,8573,0.174571747,0.803548336
6423615,2,3,3,3,Good,1.90909403,In,2347,0.01701842,0.966483961
6423616,2,3,3,3,Good,1.865430418,In,2347,0.080209669,0.843221048
6423621,2,3,3,3,Good,1.762318269,In,3026,0.0644565,0.864994554
6423622,2,3,3,3,Good,1.639319984,In,6787,0.095140422,0.803629192
6423623,2,3,3,3,Good,1.650643285,In,6787,0.092626288,0.80846747
6423624,2,3,3,3,Good,1.558956249,In,6787,0.078254335,0.862143101
6423625,2,3,3,3,Good,1.610797144,In,6787,0.071095716,0.888251939
6423626,2,3,3,3,Good,1.615393677,In,6787,0.0707687,0.890643436
6423629,2,3,3,3,Good,1.623483576,In,6787,0.070325734,0.894883898
6423630,2,3,3,3,Good,1.669600399,In,6787,0.114516481,0.796820519
6423631,2,3,3,3,Good,1.676047706,In,6787,0.11399692,0.799521794
6423633,2,3,3,3,Good,1.681880983,In,6787,0.113583647,0.801981634
6423639,2,3,3,3,Good,1.692025813,In,6787,0.112995222,0.806295862
6423640,2,3,3,3,Good,1.858315796,In,8343,0.097573261,0.798571424
6423641,2,3,3,3,Good,1.841823266,In,2347,0.072989821,0.878294206
6423642,2,3,3,3,Good,2.06166335,In,8344,0.127534854,0.811282335
6423643,2,3,3,3,Good,2.00731577,In,2391,0.128776278,0.84745241
6423644,2,3,3,3,Good,2.056961014,In,2391,0.112835118,0.863938544
6423645,2,3,3,3,Good,2.102780413,In,2391,0.133566312,0.846473353
6423651,2,3,3,3,Good,2.086546266,In,2391,0.136387449,0.870366217
6423652,2,3,3,3,Good,1.663077865,In,6787,0.019921358,0.970562699
6423653,2,3,3,3,Good,1.829721167,In,2347,0.088343061,0.826028122
6423657,2,3,3,3,Good,1.691601866,In,8343,0.005701414,0.990745128
6423658,2,3,3,3,Good,1.656668244,In,6787,0.022690061,0.966608069
6423659,2,3,3,3,Good,2.223535012,In,8344,0.073666619,0.853458252
6423660,2,3,3,3,Good,1.963699681,In,8343,0.17244886,0.642155822
6423662,2,3,3,3,Good,2.247182115,In,8344,0.107337245,0.809524479
6423663,2,3,3,3,Good,2.204598041,In,8344,0.110662232,0.792940757
6423667,2,3,3,3,Good,2.120429798,In,8344,0.126626303,0.762083614
6423671,2,3,3,3,Good,2.204598041,In,8344,0.110662232,0.792940757
6423672,2,3,3,3,Good,1.643616829,In,8343,0.026155297,0.958907528
6423673,2,3,3,3,Good,1.653664993,In,8343,0.021872213,0.965403861
6423674,2,3,3,3,Good,1.628271974,In,8343,0.038917936,0.920802886
6423675,2,3,3,3,Good,1.636612347,In,8343,0.037408727,0.92576824
6423676,2,3,3,3,Good,1.669066078,In,6781,0.065377345,0.868100334
6423677,2,3,3,3,Good,1.551389677,In,6787,0.068166248,0.90597545
6423678,2,3,3,3,Good,1.689741288,In,6781,0.067009704,0.853303047
6423680,2,3,3,3,Good,1.635740384,In,8343,0.029512675,0.95387606
6423685,2,3,3,3,Good,1.653635256,In,6781,0.064822892,0.879144201
6423686,2,3,3,3,Good,1.628818752,In,8343,0.032463058,0.949497913
6423687,2,3,3,3,Good,1.704123675,In,6781,0.068711437,0.843009546
6423688,2,3,3,3,Good,1.442067074,In,6787,0.150604365,0.770494949
6423689,2,3,3,3,Good,1.483305393,In,8343,0.094855135,0.819880359
6423690,2,3,3,3,Good,1.504506114,In,6787,0.088418098,0.881355471
6423691,2,3,3,3,Good,2.378674304,In,8344,0.178553197,0.729269294
6423692,2,3,3,3,Good,2.155730031,In,8344,0.118594397,0.774727875
6423699,2,3,3,3,Good,2.20243062,In,8344,0.110925368,0.79211484
6423700,2,3,3,3,Good,1.741659729,In,2347,0.060962331,0.908639883
6423701,2,3,3,3,Good,1.670337437,In,2391,0.145209941,0.784633626
6423702,2,3,3,3,Good,1.699033876,In,8343,0.140256558,0.716375908
6423704,2,3,3,3,Good,1.684488456,In,6787,0.035234597,0.943306781
6423705,2,3,3,3,Good,1.709196332,In,6787,1.85E-10,1
6423706,2,3,3,3,Good,1.79574155,In,3026,0.064915598,0.854946781
6423713,2,3,3,3,Good,1.641966375,In,6787,0.029040689,0.957657866
6423714,2,3,3,3,Good,1.649799455,In,6787,0.025657108,0.962405756
6423715,2,3,3,3,Good,2.217548619,In,8344,0.088442695,0.835086032
6423716,2,3,3,3,Good,1.655441143,In,6787,0.023220121,0.965854641
6423719,2,3,3,3,Good,1.66225036,In,6787,0.020278808,0.970050324
6423722,2,3,3,3,Good,1.790358749,In,3026,0.064658116,0.859183342
6423723,2,3,3,3,Good,1.549785636,In,6787,0.068859131,0.905110416
6423724,2,3,3,3,Good,1.63475283,In,6787,0.03899708,0.926350336
6423725,2,3,3,3,Good,1.764207459,In,33934,0.034756881,0.935595674
6423727,2,3,3,3,Good,1.652695949,In,6787,0.070166576,0.896281424
6423728,2,3,3,3,Good,1.725594571,In,3026,0.067048759,0.840899595
6423736,2,3,3,3,Good,1.702845692,In,8343,9.09E-04,0.998513424
6423737,2,3,3,3,Good,2.19917914,In,8344,0.112371324,0.796669435
6423738,2,3,3,3,Good,2.89678247,In,8344,0.159616879,0.781185223
6423739,2,3,3,3,Good,2.901199152,In,8344,0.173907732,0.741598821
6423741,2,3,3,3,Good,1.916888099,In,6787,0.075778276,0.882602655
6423742,2,3,3,3,Good,1.644454842,In,6787,0.037333857,0.931858241
6423749,2,3,3,3,Good,2.727304069,In,8573,0.164909778,0.824491686
6423750,2,3,3,3,Good,1.709238589,In,3026,0.069168234,0.830594968
6423751,2,3,3,3,Good,1.717284535,In,8343,0.03579234,0.929030383
6423752,2,3,3,3,Good,1.781298646,In,3026,0.024281382,0.947723215
6423758,2,3,3,3,Good,1.533076307,In,6787,0.076076902,0.896196605
6423759,2,3,3,3,Good,1.707137653,In,6781,0.003455607,0.993053215
6423760,2,3,3,3,Good,2.175010743,In,8344,0.155776973,0.814358646
6423761,2,3,3,3,Good,1.716891469,In,33934,0.001052457,0.998259238
6423762,2,3,3,3,Good,1.753167181,In,3026,0.064805905,0.858862135
6423763,2,3,3,3,Good,1.768212755,In,3026,0.064339187,0.868991212
6423764,2,3,3,3,Good,3.432742941,In,15854,0.27572765,0.685472997
6423765,2,3,3,3,Good,3.044057592,In,3066716,0.1606392,0.805713904
6423767,2,3,3,3,Good,2.607034111,In,3034829,0.353796298,0.676997993
6423768,2,3,3,3,Good,3.373598487,In,202896,0.353012842,0.572576723
6423769,3,3,3,3,Good,3.422933438,In,3079009,0.277259027,0.611041028
6423770,3,3,3,3,Good,2.593817316,In,41821,0.104300506,0.772875396
6423771,2,3,3,3,Good,2.412467692,In,2391,0.193191588,0.822698922
6423772,3,2,3,3,Good,4.131192054,In,3079009,0.313557699,0.609622958
6423781,3,2,3,3,Good,4.388229484,In,36713,0.353506829,0.552770645
6423782,3,2,3,3,Good,4.37152014,In,36713,0.351832006,0.5554292
6423783,3,2,3,3,Good,4.385505825,In,36713,0.353373575,0.553759945
6423784,3,2,3,3,Good,4.31377048,In,3066712,0.445039054,0.52489041
6423786,2,3,3,3,Good,3.505651263,In,70897,0.359260741,0.664719775
6423787,3,2,3,3,Good,4.373407828,In,36713,0.352835114,0.558154238
6423794,3,3,3,3,Good,2.943557303,In,41821,0.153778765,0.735270079
6423795,3,3,3,3,Good,2.79767674,In,15854,0.130573263,0.765230935
6423796,2,3,3,3,Good,3.14237351,In,3079007,0.204090711,0.782398675
6423797,2,3,3,3,Good,2.324408168,In,202896,0.179341331,0.71317032
6423798,3,3,3,3,Good,2.588532998,In,65913,0.092561007,0.724557159
6423799,2,3,3,3,Good,2.959457554,In,15854,0.138056443,0.819523045
6423808,3,3,3,3,Good,2.983509076,In,3079009,0.117101903,0.791715858
6423809,2,3,3,3,Good,2.772349733,In,3066718,0.233425721,0.679982711
6423810,2,3,2,3,Good,3.722058431,In,3066712,0.360108665,0.743882865
6423811,3,3,3,3,Good,2.545171339,In,8573,0.282768804,0.600096453
6423812,3,3,3,3,Good,2.379948053,In,767036,0.106312152,0.63974928
6423814,3,3,3,3,Good,1.470866538,In,6623,0.092842811,0.593925908
6423816,3,3,3,3,Good,2.515542207,In,8573,0.240020969,0.672011636
6423822,3,3,3,3,Good,2.678513678,In,3079007,0.294046295,0.626227054
6423823,2,3,3,3,Good,2.68755911,In,3066712,0.20467412,0.793797687
6423824,3,3,3,3,Good,3.06389297,In,3079009,0.11229504,0.747279788
6423825,2,3,3,3,Good,2.389797012,In,24072,0.269952546,0.711731247
6423826,2,3,3,3,Good,1.476880628,In,3089902,0.183696889,0.777394519
6423827,2,3,3,3,Good,3.084661321,In,4115,0.285556356,0.59034207
6423836,3,3,3,3,Good,2.782216684,In,3079009,0.162488294,0.676668825
6423837,2,3,3,3,Good,2.354639032,In,2391,0.304809049,0.67765427
6423838,2,3,3,3,Good,2.076019919,In,5502,0.150116777,0.637305226
6423839,2,3,3,3,Good,3.023741606,In,3066718,0.200035191,0.743974896
6423841,3,3,3,3,Good,2.537365402,In,3066716,0.14273113,0.773405493
6423842,3,3,3,3,Good,2.945171011,In,3079009,0.094006709,0.816068868
6423850,2,3,3,3,Good,3.402551465,In,26391,0.358094615,0.733442919
6423851,2,3,3,3,Good,2.928636091,In,3079009,0.098995184,0.828409272
6423855,3,3,3,3,Good,3.54407545,In,3066716,0.293332782,0.620369628
6423859,3,3,3,3,Good,2.182907487,In,65913,0.099884024,0.738050239
6423860,2,3,3,3,Good,2.196293055,In,8344,0.189780043,0.639041748
6481345,2,3,3,3,Good,3.373945862,In,214768,0.111368188,0.873664498
6481346,2,3,3,3,Good,2.780973354,In,3066715,0.271806674,0.680371091
6610909,2,3,3,3,Good,2.836084538,In,3066712,0.199258785,0.795381834
6611897,2,3,3,3,Good,1.747752042,In,3089902,0.294455914,0.581177982
6612328,3,3,3,3,Good,2.614238412,In,41821,0.093360615,0.783436572
6711651,2,3,3,3,Good,2.893179216,In,3066715,0.28454369,0.717612019
9096217,2,3,3,3,Good,2.950229201,In,3066716,0.124042411,0.804096048
9807612,3,3,3,3,Good,2.83048436,In,3066716,0.119878614,0.807625832
9830397,2,3,3,3,Good,2.960784777,In,3066716,0.075288176,0.872121654
9850554,3,3,3,3,Good,2.867249896,In,214768,0.212128145,0.757528145
9873088,2,3,3,3,Good,2.950123471,In,15854,0.136841467,0.762933563
9894236,2,3,3,3,Good,2.860540681,In,3259,0.321858056,0.633112893
9894885,3,3,3,3,Good,2.291062473,In,8573,0.307083047,0.503497821
9895349,3,3,3,3,Good,2.305835101,In,8573,0.308941384,0.520364812
9916234,3,3,3,3,Good,2.680775072,In,3079009,0.228444034,0.651307956
9937257,3,3,3,3,Good,2.941956624,In,8573,0.304280445,0.526404015
9959091,2,3,2,3,Good,3.10616107,In,3079007,0.149213497,0.788640278
9960278,3,3,3,3,Good,2.229218395,In,3047068,0.098586011,0.625532933
9968960,2,3,3,3,Good,2.063430323,In,3089902,0.25924351,0.669233752
10001307,2,3,3,3,Good,2.223453298,In,3066712,0.197932055,0.78958789
10001484,2,3,2,3,Good,2.39095095,In,3066715,0.159353086,0.83717854
10002194,2,3,3,3,Good,3.078912201,In,100191,0.341229408,0.690833835
10002315,2,3,3,3,Good,1.812990284,In,6787,0.299202601,0.448312363
10003569,2,3,3,3,Good,1.715131901,In,24072,0.24515253,0.714430608
10004199,2,3,3,3,Good,3.098758337,In,3066718,0.08019714,0.88738849
10005293,2,3,3,3,Good,2.316586416,In,3034829,0.135590599,0.834586949
10010188,2,3,3,3,Good,3.283643747,In,3066718,0.221520913,0.682602161
10015450,3,3,3,3,Good,2.294491816,In,5502,0.120608678,0.754254797
10020324,3,3,3,3,Good,1.601650656,In,6623,0.079252643,0.602316663
10022409,3,3,3,3,Good,2.126026878,In,8573,0.297924672,0.563239328
10023637,2,3,3,3,Good,2.334652428,In,3079007,0.353525726,0.558462424
10024541,2,3,3,3,Good,2.201045144,In,202896,0.056287975,0.90398652
10025697,3,3,3,3,Good,2.500284058,In,767036,0.115859351,0.679830558
10026593,2,3,3,3,Good,3.193430837,In,8344,0.260926726,0.626934716
10026973,2,3,3,3,Good,2.206751506,In,3034829,0.149560291,0.779067134
10027326,3,3,3,3,Good,2.515238663,In,65913,0.051199127,0.823617613
10027415,3,3,3,3,Good,2.844209119,In,8573,0.308878492,0.548530011
10028025,3,3,3,3,Good,1.900810819,In,8573,0.329587099,0.483504239
10028371,3,3,3,3,Good,2.397873595,In,767036,0.115493498,0.6108285
10028580,2,3,2,3,Good,3.427635877,In,3066715,0.114534839,0.834174505
10028620,3,3,3,3,Good,3.075306757,In,41819,0.148790463,0.584782913
10030273,3,3,3,3,Good,2.598317416,In,41819,0.043981282,0.843537704
10030690,2,3,2,3,Good,3.592050389,In,3066715,0.331705897,0.720185897
10031160,2,3,3,3,Good,2.475600196,In,202896,0.268240403,0.558358436
10043684,2,3,3,3,Good,3.385193591,In,30580,0.385704658,0.433312675
10043877,2,3,3,3,Good,2.325743595,In,3066712,0.168294454,0.783742885
10044424,2,3,3,3,Good,2.786680091,In,8344,0.316922163,0.657549826
10046140,2,3,3,3,Good,3.449925729,In,26391,0.213827031,0.792469469
10046742,2,3,3,3,Good,3.495365583,In,26391,0.21499496,0.784712491
10049406,2,3,3,3,Good,3.302687375,In,3066718,0.263672901,0.659208284
10049518,2,3,3,3,Good,3.041910271,In,15854,0.25335229,0.698773026
10049519,3,3,3,3,Good,2.523606242,In,8573,0.312811402,0.501973899
10050234,3,3,3,3,Good,2.850833548,In,3079009,0.100848652,0.816325133
10050460,2,3,3,3,Good,1.56549788,In,5502,0.106511062,0.694099978
10050830,2,3,3,3,Good,1.579206137,In,5502,0.103305715,0.700604621
10050886,2,3,3,3,Good,1.851046387,In,5502,0.101639405,0.731206379
10051397,2,3,3,3,Good,1.81122852,In,10708,0.21011663,0.510426335
10051586,3,3,3,3,Good,2.139545627,In,3066715,0.339971844,0.603043146
10052208,3,3,3,3,Good,2.32738801,In,3079009,0.117346635,0.755830477
10052359,2,3,3,3,Good,2.516166133,In,3066715,0.301876409,0.647479887
10054525,3,3,2,3,Good,2.879459965,In,3079007,0.16135374,0.823604043
10056381,3,3,3,3,Good,3.412036711,In,3066718,0.268968789,0.637470278
10066776,3,3,3,3,Good,3.391750207,In,3066712,0.383246066,0.585998883
10067750,3,3,3,3,Good,2.695938002,In,3079007,0.25879092,0.630313362
10067865,3,3,3,3,Good,2.579889747,In,41819,0.043304818,0.866759885
10069197,3,3,3,3,Good,2.413827118,In,767036,0.105642468,0.711878612
10069314,2,3,3,3,Good,2.404701166,In,24072,0.340526075,0.646940264
10071202,2,3,3,3,Good,2.25450678,In,3066712,0.145112102,0.810508382
10072100,2,3,3,3,Good,2.63505151,In,3066712,0.191277895,0.746184747
10073488,3,3,3,3,Good,3.045182531,In,3047066,0.019521705,0.954006692
10073501,2,3,3,3,Good,2.682777843,In,3034829,0.218202682,0.774214249
10074770,3,3,3,3,Good,2.535642774,In,4115,0.242555092,0.724718708
10075340,3,3,3,3,Good,2.662381514,In,41819,0.055054081,0.762805409
10075527,2,3,3,3,Good,3.202938204,In,3066718,0.187964455,0.761356115
10075632,2,3,3,3,Good,1.864419958,In,3089902,0.214814223,0.753921651
10075669,2,3,3,3,Good,2.903071315,In,202896,0.324321425,0.496280989
10075781,3,3,3,3,Good,2.296675284,In,8573,0.328190595,0.464535932
10076629,2,3,3,3,Good,2.96042092,In,8344,0.236579883,0.615063913
10076988,2,3,3,3,Good,2.248715323,In,3034829,0.332118352,0.6589254
10079282,2,3,3,3,Good,1.617620368,In,5502,0.095991371,0.7194994
10087551,2,3,3,3,Good,1.82999842,In,5502,0.062092568,0.83901516
10087972,3,3,3,3,Good,2.251131482,In,65913,0.183207799,0.6689195
10089894,3,3,3,3,Good,2.340340009,In,767036,0.121782867,0.664754163
10090028,3,3,3,3,Good,2.591503047,In,41819,0.103623748,0.610329746
10091449,3,3,3,3,Good,3.41109465,In,3066712,0.272743885,0.72004266
10094165,3,3,3,3,Good,2.268344693,In,5502,0.094716311,0.801380655
10096120,3,3,3,3,Good,2.294032521,In,8554,0.232103275,0.561444632
10096504,3,3,3,3,Good,2.79909554,In,214768,0.081271651,0.82464251
10106658,3,3,3,3,Good,2.579084538,In,41819,0.043305186,0.866551421
10111260,3,3,3,3,Good,2.350373402,In,3047068,0.077282772,0.705119052
10112122,3,3,3,3,Good,3.776529529,In,3079009,0.357509353,0.550690577
10113416,2,3,3,3,Good,2.981356308,In,12442,0.28898412,0.618530733
10114069,2,3,3,3,Good,2.817790566,In,3079009,0.227946207,0.652469804
10116600,3,3,3,3,Good,2.619846181,In,41819,0.046351037,0.816407585
10116601,2,3,3,3,Good,2.126253286,In,3066715,0.424774762,0.519740537
10116686,2,3,3,3,Good,2.188524173,In,3034829,0.315221218,0.700999114
10117100,2,3,3,3,Good,3.278270766,In,3066198,0.283946084,0.705538259
10118021,2,3,3,3,Good,2.95867368,In,3034829,0.242080755,0.753310478
10118432,2,3,3,3,Good,2.751507407,In,3034829,0.300322678,0.702980939
10118939,2,3,3,3,Good,1.752257646,In,3089902,0.224442765,0.723020198
10119165,3,3,3,3,Good,2.247168352,In,5502,0.123003452,0.754092298
10119166,2,3,3,3,Good,1.808289723,In,5502,0.163399957,0.697768648
10119594,2,3,3,3,Good,1.889139433,In,5502,0.134059234,0.680269163
10120056,2,3,3,3,Good,1.77827531,In,5502,0.217745164,0.575524424
10121916,2,3,3,3,Good,3.475014491,In,3066198,0.310346311,0.646838203
10126141,3,3,3,3,Good,2.847698665,In,8573,0.311530739,0.543847786
10127229,2,3,3,3,Good,2.363719469,In,2391,0.348659427,0.651500309
10127732,3,3,3,3,Good,2.545753759,In,65913,0.085821968,0.777404119
10128168,2,3,3,3,Good,2.753680939,In,15854,0.092360471,0.859626487
10128251,3,3,3,3,Good,2.617407631,In,41819,0.046003478,0.819480597
10128517,3,3,3,3,Good,3.230456565,In,3079009,0.136761105,0.725221221
10132527,2,3,3,3,Good,2.970720885,In,4115,0.21941918,0.733427918
10133188,2,3,3,3,Good,3.779060219,In,4485134,0.325270272,0.74047217
10135233,2,3,3,3,Good,3.076946218,In,3066716,0.078676577,0.846804623
10135283,2,3,3,3,Good,3.52961955,In,26391,0.228023594,0.768409697
10135356,2,3,3,3,Good,2.697848907,In,3066712,0.115444481,0.898240074
10136636,2,3,3,3,Good,3.084730276,In,3079009,0.174342567,0.669516542
10138344,3,3,3,3,Good,3.024939781,In,3079009,0.184221688,0.656867951
10138827,3,3,3,3,Good,2.621715195,In,3047068,0.101579126,0.619005572
10139335,3,3,3,3,Good,2.584392836,In,3047068,0.105451183,0.599297252
10139750,3,3,3,3,Good,2.322327039,In,65913,0.088133027,0.765517089
10140962,2,3,3,3,Good,1.570128858,In,5502,0.132029799,0.704112645
10141224,3,3,3,3,Good,2.702754228,In,41819,0.066581942,0.711928522
10141764,3,3,3,3,Good,2.531470632,In,3047068,0.045556839,0.834668006
10142083,3,3,3,3,Good,2.582640627,In,41821,0.227732331,0.648449854
10142154,2,3,3,3,Good,2.757564535,In,3066712,0.219477717,0.706674959
10143555,3,3,3,3,Good,2.174712688,In,3066716,0.213445985,0.621934269
10144497,3,3,3,3,Good,3.053215592,In,3079009,0.107396913,0.820511896
10144882,2,3,3,3,Good,2.657824432,In,15854,0.16790462,0.844764674
10145517,2,3,3,3,Good,3.521306677,In,4115,0.326373284,0.608703567
10150190,2,3,3,3,Good,3.344340094,In,3066712,0.336547088,0.690553239
10152092,2,3,3,3,Good,2.375358223,In,26391,0.280883101,0.701279476
10152160,3,3,3,3,Good,2.607107132,In,8344,0.227826596,0.639909448
10152224,2,3,3,3,Good,2.44020574,In,202896,0.14341757,0.7864049
10153422,2,3,3,3,Good,3.044577026,In,15854,0.219805265,0.721323341
10154443,2,3,3,3,Good,3.29528028,In,70897,0.391986592,0.649088362
10154699,2,3,3,3,Good,2.156873843,In,3034829,0.377477356,0.622153801
10155101,3,3,3,3,Good,2.823353046,In,8573,0.238070824,0.644623319
10155156,3,3,3,3,Good,2.657903366,In,3047068,0.099957777,0.639393501
10155767,3,3,3,3,Good,2.640804004,In,3047068,0.10045237,0.629595146
10156132,2,3,3,3,Good,3.215340049,In,3066712,0.260474665,0.69305303
10157854,2,3,3,3,Good,1.995306694,In,6626,0.069947816,0.820971981
10158402,2,3,3,3,Good,1.620658066,In,5502,0.096452166,0.724180932
10159284,2,3,3,3,Good,3.048621087,In,26391,0.395058907,0.637389994
10159466,2,3,3,3,Good,1.251095301,In,3089902,0.281110016,0.598176239
10159612,2,3,3,3,Good,2.101098663,In,202896,0.084717143,0.857395737
10162268,3,3,3,3,Good,3.622731285,In,3079007,0.290489769,0.647088372
10162689,3,3,3,3,Good,2.383251722,In,3047068,0.072626697,0.729182164
10162745,3,3,3,3,Good,2.359155286,In,10708,0.225427196,0.509925835
10163759,2,3,3,3,Good,2.553432785,In,3066712,0.216445157,0.706831813
10164066,3,3,3,3,Good,2.328282461,In,65913,0.179016177,0.620813608
10164673,3,3,3,3,Good,2.554223503,In,10708,0.228820544,0.486136764
10164937,3,3,3,3,Good,2.682231705,In,41819,0.06042905,0.737790595
10164938,3,3,3,3,Good,3.243797424,In,3079009,0.141854366,0.717916997
10165778,2,3,3,3,Good,2.093903738,In,18725,0.300386316,0.606868587
10166371,2,3,2,3,Good,3.109703629,In,3259,0.319886848,0.667144228
10169163,3,3,3,3,Good,2.302987745,In,65913,0.072020803,0.809582287
10174196,3,3,3,3,Good,1.705223646,In,6623,0.097818913,0.532994493
10174371,2,3,3,3,Good,1.668511605,In,5502,0.111863141,0.682400573
10174790,3,3,3,3,Good,3.564893222,In,3066716,0.274944778,0.63199164
10178201,3,3,3,3,Good,3.219657296,In,3079009,0.150976508,0.743973647
10179810,3,3,3,3,Good,2.349284599,In,8554,0.305687781,0.566442373
10181513,3,3,3,3,Good,2.575727918,In,3079009,0.104407052,0.796821887
10182115,3,3,3,3,Good,2.508777242,In,3079007,0.240570684,0.681046194
10182177,3,3,3,3,Good,3.130258069,In,3079009,0.1041291,0.83011499
10184212,3,3,2,3,Good,2.455833007,In,3066715,0.189800897,0.801185943
10184221,2,3,2,3,Good,3.677831459,In,4485134,0.461025546,0.584186847
10184486,2,3,3,3,Good,2.891596424,In,3066712,0.144554878,0.832680993
10185137,3,3,3,3,Good,2.855909336,In,3079009,0.114565365,0.78844349
10186331,3,3,3,3,Good,2.776716149,In,3079009,0.067713997,0.86149611
10186423,2,3,3,3,Good,2.053112239,In,6787,0.248951222,0.5485826
10186649,2,3,3,3,Good,3.412513952,In,3066712,0.354396267,0.675819286
10187126,2,3,2,3,Good,2.133534199,In,100191,0.396351409,0.643612618
10187234,3,3,3,3,Good,2.233361464,In,5502,0.077089869,0.793441597
10187808,2,3,3,3,Good,2.028601018,In,5502,0.067508836,0.807529903
10188467,3,3,3,3,Good,2.339940371,In,3079009,0.113534322,0.757376102
10188746,3,3,3,3,Good,2.33462681,In,5502,0.17708417,0.600889624
10195017,3,3,3,3,Good,2.819720792,In,41821,0.178133996,0.675040035
10195170,3,3,3,3,Good,2.640983514,In,41819,0.050106855,0.789770741
10200226,3,3,3,3,Good,2.518887039,In,3047068,0.047391081,0.822372938
10200771,3,3,3,3,Good,2.356492336,In,4115,0.211128814,0.710568446
10202488,2,3,2,3,Good,3.471786082,In,3066715,0.156538285,0.83175122
10202738,2,3,3,3,Good,2.397704101,In,18725,0.350615206,0.633949488
10202761,2,3,3,3,Good,2.829282072,In,202896,0.390438754,0.46113637
10204938,3,3,3,3,Good,1.734064345,In,6623,0.07339234,0.608759402
10205283,2,3,3,3,Good,1.977576513,In,5502,0.090282377,0.756742661
10205424,3,3,3,3,Good,2.569093089,In,3047068,0.107633244,0.591576122
10205431,2,3,3,3,Good,1.69492918,In,6626,0.114109028,0.651522628
10205593,2,3,3,3,Good,1.77933838,In,5502,0.099890258,0.688697222
10205815,2,3,3,3,Good,1.85401247,In,5502,0.19721142,0.694145142
10205876,2,3,3,3,Good,1.825782293,In,5502,0.109701644,0.719838644
10206758,2,3,3,3,Good,2.179307147,In,3034829,0.315778856,0.698474072
10207703,2,3,3,3,Good,2.383169244,In,202896,0.257899789,0.602928651
10209386,3,3,3,3,Good,2.382369783,In,3079009,0.112922246,0.779283249
10210082,3,3,3,3,Good,2.607467406,In,41819,0.044790962,0.832007071
10211410,2,3,3,3,Good,1.955764118,In,5502,0.121199193,0.680692106
10212461,3,3,3,3,Good,2.829188448,In,8573,0.308682037,0.553109096
10215062,3,3,3,3,Good,2.454577788,In,4115,0.201666331,0.739600785
10217067,2,3,3,3,Good,2.471078872,In,3066712,0.199363928,0.737774289
10217295,3,3,3,3,Good,3.302607481,In,8573,0.329498492,0.543023033
10217755,3,3,3,3,Good,3.08244564,In,41819,0.148995196,0.57851783
10217780,2,3,3,3,Good,2.769655465,In,3034829,0.370688761,0.639298184
10217823,2,3,3,3,Good,3.031817582,In,3066712,0.197331536,0.774282638
10217858,2,3,3,3,Good,2.964659456,In,3047066,0.155301982,0.727834018
10218040,2,3,3,3,Good,3.265224722,In,3259,0.292483589,0.678006844
10218159,2,3,3,3,Good,2.759370531,In,15854,0.0919895,0.862027856
10223802,2,3,3,3,Good,3.440156248,In,3066198,0.309715405,0.696863021
10224412,3,3,3,3,Good,2.674770919,In,41819,0.058333355,0.747192529
10224667,3,3,2,3,Good,2.769552984,In,100191,0.330579285,0.701274439
10225357,2,3,3,3,Good,3.215110084,In,3066718,0.191916501,0.756637245
10225427,3,3,3,3,Good,2.205167042,In,5502,0.068515727,0.814558416
10225613,2,3,3,3,Good,2.267354714,In,6626,0.090504844,0.727450716
10226179,2,3,3,3,Good,1.624027663,In,5502,0.095466188,0.725824608
10227576,2,3,3,3,Good,1.493411373,In,5502,0.107257312,0.708625194
10227815,3,3,3,3,Good,2.219141049,In,5502,0.127623863,0.741697735
10228889,2,3,3,3,Good,1.746101775,In,5502,0.201367873,0.659375627
10230491,2,3,3,3,Good,2.85840215,In,202896,0.32975372,0.499440582
10231736,2,3,3,3,Good,1.781810364,In,5502,0.146651599,0.677405394
10244763,3,3,3,3,Good,2.190872594,In,10708,0.185231866,0.535360205
10246127,2,3,3,3,Good,1.911409721,In,202896,0.253596936,0.563614671
10246180,2,3,2,3,Good,2.59152289,In,3066715,0.150711515,0.835455041
10247482,2,3,3,3,Good,1.385143686,In,24072,0.165611028,0.829064769
10250383,2,3,2,3,Good,3.412569925,In,4485134,0.351814109,0.668551791
10251149,2,3,3,3,Good,2.367815274,In,24072,0.25655788,0.745379395
10251406,2,3,3,3,Good,3.057225583,In,15854,0.18465945,0.780508221
10251563,3,3,3,3,Good,3.097913221,In,8573,0.238764366,0.681621135
10251986,3,3,3,3,Good,2.056106728,In,6623,0.087465067,0.594864843
10252856,3,3,3,3,Good,2.819328764,In,41819,0.079539755,0.677088737
10253317,3,3,3,3,Good,2.08876277,In,767036,0.054122291,0.850491641
10253593,3,3,3,3,Good,2.958719342,In,8573,0.225361685,0.684995673
10254343,3,3,3,3,Good,2.887366931,In,8573,0.172993788,0.732176944
10254769,3,3,3,3,Good,2.23963694,In,8573,0.312183339,0.493686203
10254896,2,3,3,3,Good,1.653065161,In,5502,0.090728734,0.813697811
10256683,3,3,3,3,Good,2.987800546,In,3079009,0.230881116,0.653203948
10257675,3,3,3,3,Good,2.4762365,In,3079009,0.105654852,0.811154237
10258494,2,3,3,3,Good,2.895533888,In,3079007,0.133261658,0.821915
10258688,2,3,3,3,Good,2.502611934,In,15854,0.150036837,0.809723351
10269767,2,3,3,3,Good,2.159211073,In,6785,0.258133033,0.584052631
10270987,2,3,3,3,Good,2.258262671,In,2391,0.275841293,0.735290274
10271303,2,3,3,3,Good,2.013190842,In,3034829,0.177639044,0.753598373
10271974,2,3,3,3,Good,1.921021477,In,24072,0.370773552,0.613176121
10273115,2,3,3,3,Good,2.789837258,In,3066716,0.11612312,0.821787879
10273812,2,3,3,3,Good,3.081504091,In,3066712,0.150198879,0.803907772
10274079,2,3,3,3,Good,2.719045616,In,3066712,0.160691686,0.778811791
10276183,2,3,3,3,Good,1.974714157,In,5502,0.179225738,0.550116834
10277497,3,3,3,3,Good,2.678252849,In,8573,0.150843835,0.777801523
10279093,3,3,3,3,Good,2.265832176,In,8573,0.325957169,0.477368622
10279550,3,3,3,3,Good,2.214353882,In,3066715,0.278329909,0.670522693
10281016,3,3,3,3,Good,2.145768527,In,5502,0.15488899,0.695021997
10282003,3,3,3,3,Good,3.44078382,In,3079009,0.177633267,0.707810867
10286405,2,3,3,3,Good,2.382727509,In,3066718,0.326413455,0.567590125
10286905,3,3,3,3,Good,2.914032141,In,3079007,0.256235814,0.698595113
10288130,3,3,3,3,Good,2.326730957,In,767036,0.082335484,0.74546644
10288345,3,3,3,3,Good,3.022407599,In,3079007,0.32500071,0.562895257
10288652,2,3,3,3,Good,2.263284669,In,15854,0.280190668,0.673814893
10288880,2,3,3,3,Good,1.709407148,In,3089902,0.245160934,0.64344683
10288902,3,3,3,3,Good,2.429059726,In,767036,0.114837728,0.689073786
10288986,3,3,3,3,Good,2.901401866,In,3066716,0.113447535,0.85167942
10292217,2,3,3,3,Good,2.566760774,In,4115,0.178262143,0.769424681
10293701,2,3,3,3,Good,3.398151895,In,3034829,0.246230635,0.775388745
10294051,2,3,3,3,Good,2.906949944,In,15854,0.197755608,0.773801911
10294698,3,2,2,3,Good,4.19547266,In,3066716,0.439832468,0.52013691
10294913,3,3,3,3,Good,3.28445062,In,3079009,0.187756536,0.760056252
10295068,2,3,3,3,Good,2.945825149,In,3079007,0.18184432,0.749679401
10296263,2,3,3,3,Good,2.774422838,In,3066712,0.103143645,0.875850944
10297288,2,3,3,3,Good,1.769482101,In,6626,0.131063268,0.698758116
10297910,2,3,3,3,Good,1.684030299,In,2391,0.207961534,0.750578964
10299578,2,3,3,3,Good,3.145161479,In,70897,0.407666614,0.611113734
10300032,3,3,3,3,Good,2.640711097,In,3079007,0.300175592,0.639051201
10300641,2,3,3,3,Good,2.903661038,In,3066712,0.130178783,0.870545732
10301329,2,3,3,3,Good,1.993341599,In,6785,0.237071737,0.689710476
10301645,2,3,3,3,Good,2.182231617,In,6785,0.27271548,0.62443661
10302008,2,3,3,3,Good,1.616010473,In,5502,0.131573521,0.706421411
10302347,2,3,3,3,Good,3.095609683,In,26391,0.293397059,0.687423293
10303168,2,3,3,3,Good,3.154489737,In,3079007,0.211532714,0.728166669
10304031,2,3,3,3,Good,3.349672728,In,36713,0.324412437,0.532183057
10308828,3,3,3,3,Good,2.920460613,In,8573,0.230646512,0.682842307
10309149,3,3,3,3,Good,2.342607437,In,3047068,0.06716583,0.79405623
10310500,3,3,3,3,Good,2.648768994,In,3047068,0.111173338,0.609459418
10310713,3,3,2,3,Good,2.686564317,In,8573,0.27471279,0.626032968
10310779,3,3,3,3,Good,2.355972348,In,5502,0.125667552,0.744840035
10310991,3,3,3,3,Good,3.211539881,In,3079009,0.15739665,0.654407186
10316624,3,3,3,3,Good,2.273073466,In,65913,0.087367287,0.79046551
10317916,2,3,3,3,Good,1.932738182,In,202896,0.14270176,0.746701958
10318144,3,3,3,3,Good,2.236532621,In,3079007,0.284413046,0.623619664
10320239,3,3,3,3,Good,2.527030868,In,3047068,0.115203312,0.571339376
10321482,3,3,3,3,Good,2.741014772,In,3079009,0.108896749,0.763208486
10324220,3,3,3,3,Good,2.879344769,In,41819,0.110678277,0.57002701
10324483,2,3,3,3,Good,1.734834656,In,5502,0.113890365,0.655534753
10324725,2,3,3,3,Good,2.897777138,In,3066712,0.21755887,0.805800209
10325981,2,3,3,3,Good,3.14477646,In,3066712,0.168497262,0.782177589
10326098,2,3,3,3,Good,2.567717957,In,3034829,0.186288084,0.755632328
10333643,2,3,3,3,Good,2.79518229,In,3066716,0.100649246,0.853438814
10335300,2,3,3,3,Good,2.843701154,In,3034829,0.250645821,0.733036574
10335638,3,3,3,3,Good,3.348734862,In,3079007,0.231916946,0.707944612
10336447,2,3,3,3,Good,1.746502688,In,5502,0.079863024,0.79160632
10336602,3,3,3,3,Good,3.480603169,In,3066716,0.293849259,0.617913834
10336603,3,3,3,3,Good,1.589466977,In,6623,0.10063221,0.595898262
10336746,3,3,3,3,Good,2.213628462,In,767036,0.077279716,0.784747092
10338798,2,3,3,3,Good,1.938084635,In,2391,0.233575017,0.717787496
10339383,3,3,3,3,Good,2.881909324,In,8573,0.360711607,0.568342533
10340893,2,3,3,3,Good,1.718095587,In,5502,0.111066907,0.667892071
10341182,2,3,3,3,Good,1.698680633,In,5502,0.287894644,0.485450157
10341452,3,3,3,3,Good,2.546249351,In,3047068,0.111475131,0.580411159
10344953,2,3,3,3,Good,1.777826142,In,2391,0.035502806,0.960126336
10345222,2,3,3,3,Good,2.174307923,In,30580,0.087716515,0.872736976
10345983,3,2,2,3,Good,3.894765355,In,3066716,0.346100123,0.529446597
10346046,2,3,3,3,Good,2.258748484,In,3034829,0.129761043,0.851236395
10346088,2,3,3,3,Good,1.631680093,In,5502,0.091907279,0.728879764
10346097,3,3,3,3,Good,2.576101962,In,3079009,0.125719867,0.784498253
10346630,2,3,3,3,Good,2.097285425,In,10708,0.196576959,0.52071431
10347444,2,3,3,3,Good,1.849226749,In,5502,0.102004358,0.741813018
10347459,3,3,3,3,Good,2.623550521,In,65913,0.038155805,0.890567251
10350429,3,3,3,3,Good,2.620607034,In,15854,0.115046719,0.808074613
10358251,3,3,3,3,Good,2.931153783,In,3079009,0.113082121,0.741963327
10361807,2,3,3,3,Good,1.475688341,In,3089902,0.251590718,0.651283424
10362368,2,3,3,3,Good,2.773558792,In,36713,0.261399599,0.626436244
10362665,3,3,3,3,Good,2.593311647,In,3079007,0.300765474,0.626687967
10363265,2,3,3,3,Good,2.769339421,In,3066716,0.036545275,0.950590503
10363411,2,3,3,3,Good,1.77131393,In,6785,0.2956445,0.600448789
10364091,2,3,3,3,Good,2.581547538,In,3034829,0.185385984,0.758701777
10364168,2,3,3,3,Good,3.288784831,In,3066712,0.292526616,0.68567527
10364206,3,3,3,3,Good,2.365630796,In,767036,0.26318876,0.437319453
10368950,2,3,3,3,Good,3.134486013,In,3034829,0.257698487,0.724114061
10369030,3,3,3,3,Good,2.515238663,In,65913,0.051199127,0.823617613
10369384,3,3,3,3,Good,1.876547383,In,767036,0.110246336,0.697394781
10369420,3,3,3,3,Good,2.607315567,In,8573,0.170419674,0.740240486
10369870,3,3,3,3,Good,3.584767648,In,3079009,0.343432524,0.516312614
10369916,2,3,3,3,Good,2.047981818,In,202896,0.100764561,0.836514451
10369969,3,3,3,3,Good,2.325292454,In,8573,0.313000632,0.493137271
10370473,2,3,3,3,Good,1.785129488,In,10708,0.209100614,0.508999071
10372421,3,3,3,3,Good,2.537364177,In,3066198,0.313853878,0.568002047
10372893,2,3,3,3,Good,1.956483353,In,5502,0.123008084,0.757937912
10373340,2,3,3,3,Good,1.836628154,In,5502,0.164636172,0.710718161
10383226,2,3,3,3,Good,1.719029832,In,10708,0.183191467,0.547840004
10383474,2,3,3,3,Good,3.021311193,In,3066712,0.169156574,0.824488163
10386463,2,3,3,3,Good,3.257979018,In,3066712,0.22579236,0.765672186
10386850,2,3,3,3,Good,3.226421566,In,4485134,0.341440397,0.716216181
10387246,2,3,3,3,Good,2.594999982,In,24072,0.282689195,0.707099869
10387965,2,3,3,3,Good,2.552547017,In,3066715,0.369852743,0.603931549
10388371,2,3,3,3,Good,2.798624402,In,3034829,0.219172153,0.749940843
10389467,3,3,3,3,Good,1.868393421,In,6623,0.119639654,0.46260731
10389717,3,3,3,3,Good,1.994556643,In,65913,0.151312871,0.636562456
10389845,3,3,3,3,Good,2.606735526,In,41821,0.118215185,0.824611612
10390557,2,3,3,3,Good,2.06125455,In,5502,0.090841847,0.73814906
10391909,3,3,3,3,Good,2.313014213,In,65913,0.055710568,0.875197625
10392866,2,3,3,3,Good,1.955600504,In,5502,0.074504339,0.82974364
10393458,3,3,3,3,Good,2.353414589,In,3047068,0.063544121,0.780251638
10393875,3,3,3,3,Good,1.588219567,In,6623,0.10109069,0.594990513
10394435,2,3,3,3,Good,1.976711773,In,5502,0.145934785,0.691414217
10401107,2,3,3,3,Good,2.758998592,In,3066712,0.075522253,0.90417167
10403144,2,3,3,3,Good,3.736597773,In,3066712,0.331592548,0.689166855
10403248,2,3,3,3,Good,2.330056872,In,26391,0.295289475,0.655895238
10404106,2,3,3,3,Good,2.080409167,In,3089902,0.239495081,0.718530454
10404805,2,3,3,3,Good,2.096128827,In,26391,0.347248835,0.642643801
10406053,3,3,3,3,Good,1.830664965,In,26391,0.298440267,0.7345893
10406176,2,3,3,3,Good,1.742121576,In,202896,0.234312974,0.625198361
10407959,2,3,3,3,Good,2.298421785,In,3089902,0.157282267,0.808676786
10408060,3,3,3,3,Good,2.828970781,In,3047068,0.161611258,0.525206697
10408763,3,3,3,3,Good,2.456922263,In,8554,0.293978258,0.590001102
10410438,3,3,3,3,Good,2.817472504,In,3079009,0.10482785,0.805959344
10410775,3,3,3,3,Good,2.90448821,In,3079009,0.087855154,0.831058981
10411572,2,3,3,3,Good,3.208511005,In,3066718,0.189180281,0.721799781
10411734,2,3,3,3,Good,1.852188042,In,3089902,0.320213206,0.663403788
10412485,3,2,2,3,Good,4.084354248,In,3066716,0.43220715,0.560023401
10414824,3,3,3,3,Good,2.58033017,In,3079009,0.109338441,0.781734756
10415347,2,3,3,3,Good,2.187971667,In,3089902,0.37186659,0.598859444
10415751,2,3,3,3,Good,2.903711618,In,3066718,0.178601388,0.762565146
10415872,2,3,3,3,Good,1.312785691,In,3089902,0.208239837,0.73125484
10417068,2,3,3,3,Good,2.796908736,In,3066712,0.148202978,0.833283988
10426459,3,3,3,3,Good,2.150601904,In,65913,0.11516553,0.675792724
10428269,3,3,3,3,Good,2.387703148,In,8573,0.233882856,0.66961154
10428270,2,3,3,3,Good,2.108332329,In,5502,0.072492031,0.833385776
10428974,3,3,3,3,Good,2.678439496,In,3079009,0.079023727,0.838089462
10429039,3,3,3,3,Good,3.438218358,In,3079009,0.189512519,0.710447821
10431635,2,3,3,3,Good,1.886218824,In,5502,0.06297945,0.833025763
10431792,3,3,3,3,Good,2.25591821,In,3079007,0.280950888,0.696952135
10433271,3,3,3,3,Good,2.083603266,In,65913,0.186228564,0.644954725
10433309,2,3,2,3,Good,2.906487458,In,3066715,0.100089614,0.892079556
10433978,3,3,3,3,Good,2.144701046,In,5502,0.162610034,0.629472838
10434209,2,3,3,3,Good,2.469258613,In,3066716,0.107725335,0.828540537
10436284,3,3,3,3,Good,2.552078649,In,3079009,0.102420318,0.807629993
10436416,2,3,3,3,Good,3.118350466,In,3066712,0.378912897,0.587196459
10437059,2,3,2,3,Good,3.169402777,In,26391,0.29054672,0.780807177
10438316,3,3,3,3,Good,3.128735395,In,41819,0.151697117,0.53789395
10451928,2,3,3,3,Good,2.422287545,In,15854,0.285293661,0.634029947
10452028,3,3,3,3,Good,2.792228292,In,3079009,0.105624857,0.795442312
10452241,2,3,3,3,Good,2.613512214,In,3066712,0.174035551,0.789288537
10452664,2,3,3,3,Good,2.754896479,In,3034829,0.356366072,0.687228544
10453327,2,3,3,3,Good,2.574933858,In,3066718,0.159439755,0.768819362
10454935,3,3,3,3,Good,3.144374267,In,4115,0.293996911,0.538509841
10455160,2,3,2,3,Good,1.740400244,In,3089902,0.391027924,0.584488544
10455861,2,3,3,3,Good,2.01579806,In,3089902,0.156836402,0.784463569
10456208,3,3,3,3,Good,2.27889294,In,65913,0.087471556,0.79389338
10457167,3,3,3,3,Good,2.869505821,In,41819,0.117850398,0.52744685
10459147,2,3,3,3,Good,2.170564809,In,2347,0.191935718,0.650370845
10459629,3,3,3,3,Good,1.589466977,In,6623,0.10063221,0.595898262
10460236,2,3,3,3,Good,2.388287576,In,5502,0.108051491,0.771618074
10461683,2,3,3,3,Good,2.351071735,In,8554,0.244195903,0.633277053
10462701,3,3,3,3,Good,3.538125651,In,3079009,0.233780834,0.627409135
10462832,2,3,3,3,Good,1.869403808,In,202896,0.159675868,0.706187064
10467773,3,3,3,3,Good,2.279185002,In,5502,0.069518421,0.805009016
10471083,2,3,2,3,Good,3.664024638,In,3066715,0.327845088,0.723090301
10471697,2,3,3,3,Good,2.99397135,In,3034829,0.174777756,0.788474969
10473298,2,3,3,3,Good,2.735451782,In,3066712,0.325092496,0.679234085
10473839,3,3,3,3,Good,1.999641777,In,26391,0.3150017,0.721779431
10474189,2,3,3,3,Good,1.77164843,In,3089902,0.27860634,0.662700429
10474889,2,3,3,3,Good,2.586464696,In,3066718,0.211633195,0.70007555
10475843,2,3,3,3,Good,2.463938687,In,24072,0.294248037,0.689309175
10477546,2,3,2,3,Good,3.78184128,In,3079007,0.183357056,0.780175105
10477736,2,3,3,3,Good,3.027495167,In,3066712,0.255247171,0.758417091
10478055,2,3,2,3,Good,2.760248138,In,100191,0.321467792,0.726349469
10478775,2,3,3,3,Good,2.113354717,In,3089902,0.165744285,0.760986698
10478993,2,3,3,3,Good,2.389504046,In,24072,0.428193679,0.680464026
10479423,3,3,3,3,Good,1.965824924,In,65913,0.160514903,0.624031643
10482808,2,3,3,3,Good,1.811745954,In,10708,0.170429578,0.440736603
10483004,3,3,3,3,Good,2.595908451,In,65913,0.03921806,0.896535572
10483662,3,3,3,3,Good,3.575661886,In,3079009,0.240753456,0.705703599
10484622,3,3,3,3,Good,3.231532733,In,3079009,0.176975077,0.624647893
10485082,3,3,3,3,Good,2.470192749,In,65913,0.034654008,0.900168406
10491007,3,3,3,3,Good,2.509264539,In,41819,0.026849582,0.855385952
10494036,3,3,3,3,Good,2.737755346,In,4115,0.066478745,0.908997496
10497655,3,3,3,3,Good,1.975182914,In,65913,0.157458745,0.628058435
10497706,2,3,3,3,Good,1.523176536,In,5502,0.11856725,0.669414349
10497912,3,3,3,3,Good,1.73724639,In,5502,0.129081351,0.671480224
10498467,3,3,3,3,Good,2.145550887,In,3047068,0.101287963,0.646831202
10498819,3,3,3,3,Good,2.989158384,In,3066712,0.265641376,0.684580842
10499130,3,3,3,3,Good,2.825933574,In,3079009,0.109256686,0.774016717
10499867,2,3,3,3,Good,2.976273723,In,3066715,0.253746007,0.746111103
10500239,2,3,3,3,Good,2.730668502,In,3066712,0.301699156,0.684143852
10500461,2,3,3,3,Good,1.859572169,In,5502,0.222603809,0.604140215
10500478,3,3,3,3,Good,2.309886562,In,65913,0.151673722,0.662147901
10502882,2,3,3,3,Good,2.558641915,In,202896,0.141948136,0.678553653
10503296,2,3,3,3,Good,2.991066621,In,15854,0.11913822,0.863195569
10503943,2,3,3,3,Good,2.089599874,In,3089902,0.285720016,0.651154914
10503944,2,3,3,3,Good,1.989912296,In,24072,0.242123516,0.793804316
10503989,2,3,3,3,Good,2.657313113,In,70897,0.261125148,0.76310739
10504370,2,3,3,3,Good,1.809500628,In,18725,0.335217748,0.564343869
10504421,2,3,2,3,Good,1.79675825,In,3089902,0.357807139,0.62900722
10505429,2,3,2,3,Good,1.563213051,In,18725,0.26656068,0.651549427
10505532,2,3,3,3,Good,2.595549472,In,8344,0.281683617,0.653736061
10505758,3,3,2,3,Good,3.795365637,In,3066716,0.34760838,0.646428611
10506295,2,3,3,3,Good,3.292695065,In,3066718,0.28224747,0.65112126
10506543,3,3,3,3,Good,2.684443171,In,3079009,0.060955261,0.86625752
10506902,3,3,3,3,Good,2.595586623,In,65913,0.078929605,0.778715883
10506910,3,3,3,3,Good,2.876836804,In,65913,0.09592959,0.789713894
10507171,3,3,3,3,Good,2.605407644,In,8573,0.279572654,0.585034014
10508072,3,3,3,3,Good,2.526900693,In,41819,0.085358747,0.605905314
10508208,2,3,3,3,Good,1.95612616,In,5502,0.14540657,0.703052775
10508319,3,3,3,3,Good,2.058406948,In,5502,0.179351914,0.626094158
10508705,3,3,3,3,Good,2.632395848,In,3079007,0.248208346,0.70462074
10509643,2,3,3,3,Good,2.07473322,In,202896,0.168702895,0.718189011
10516034,2,3,3,3,Good,2.834944033,In,3079009,0.141259422,0.721978745
10523436,2,3,3,3,Good,3.138679548,In,3066716,0.116887839,0.826337771
10524067,2,3,3,3,Good,2.55437436,In,15854,0.14880339,0.751818575
10524204,2,3,3,3,Good,2.298036157,In,15854,0.151353588,0.772236352
10524452,2,3,3,3,Good,2.306263798,In,3066712,0.216068708,0.757058923
10524665,2,3,3,3,Good,1.699146438,In,202896,0.273879883,0.592332568
10525280,2,3,3,3,Good,2.669006717,In,3066715,0.332647141,0.637306691
10526071,2,3,3,3,Good,2.123869899,In,3089902,0.195133817,0.75629991
10526917,2,3,3,3,Good,1.965440818,In,70897,0.324172453,0.69195116
10527473,2,3,3,3,Good,2.363489732,In,2391,0.30654183,0.699351719
10528074,2,3,3,3,Good,3.131421553,In,3079009,0.099371431,0.793073482
10528079,3,3,3,3,Good,2.91383188,In,3079009,0.102743024,0.809690992
10528342,2,3,3,3,Good,2.774956866,In,70897,0.388863537,0.579832612
10529129,2,3,2,3,Good,3.559366577,In,4485134,0.33205559,0.74570039
10529655,2,3,3,3,Good,2.548179957,In,3066712,0.141133704,0.859314193
10530011,2,3,3,3,Good,2.820707891,In,3034829,0.273761327,0.686505933
10531201,2,3,3,3,Good,3.156233164,In,3066712,0.260417975,0.774731818
10531204,2,3,3,3,Good,2.646917159,In,3066712,0.225962883,0.761299765
10531319,3,3,3,3,Good,2.325156624,In,767036,0.089510309,0.725035273
10532520,3,3,3,3,Good,2.154178012,In,767036,0.145490203,0.565903191
10532530,3,3,3,3,Good,2.379188467,In,65913,0.083207352,0.797887062
10532588,3,3,3,3,Good,2.19263147,In,8573,0.231981464,0.635472407
10532962,2,3,3,3,Good,2.789634479,In,3066712,0.086801469,0.89296782
10533336,3,3,3,3,Good,2.074797776,In,767036,0.119997872,0.737169051
10539812,3,3,3,3,Good,2.948263466,In,4115,0.031633885,0.943139682
10544200,3,3,3,3,Good,2.602897936,In,4115,0.109928372,0.860107908
10545112,3,3,3,3,Good,2.296054849,In,767036,0.094187449,0.708246251
10546860,3,3,3,3,Good,2.200606037,In,3079009,0.139699159,0.7038
10547567,2,3,2,3,Good,2.438571012,In,3066715,0.150902457,0.865453191
10548645,3,3,3,3,Good,2.520750929,In,41819,0.083968191,0.61271745
10550354,2,3,3,3,Good,1.561719822,In,5502,0.132481126,0.700491321
10550572,2,3,3,3,Good,2.080117884,In,2391,0.116633674,0.881960507
10550927,2,3,3,3,Good,2.0093139,In,2391,0.226135651,0.774588081
10551406,2,3,2,3,Good,3.255391117,In,26391,0.265988244,0.805774852
10551983,2,3,2,3,Good,3.233525633,In,26391,0.265902871,0.803550031
10552303,2,3,3,3,Good,2.187125223,In,3066712,0.147437096,0.795097633
10552800,2,3,3,3,Good,2.877479978,In,3066718,0.142386513,0.808677172
10553417,2,3,3,3,Good,2.84607418,In,2391,0.356819525,0.705428443
10553857,2,3,3,3,Good,1.825643152,In,3089902,0.24668282,0.677710033
10553993,2,3,3,3,Good,1.936296559,In,202896,0.290916186,0.635289436
10554542,3,3,3,3,Good,1.832450491,In,3089902,0.361096202,0.593651134
10555050,3,3,3,3,Good,2.596486624,In,3079009,0.155549977,0.785888157
10556494,3,3,3,3,Good,3.086860895,In,3079009,0.142154493,0.714109665
10556537,2,3,2,3,Good,3.054632812,In,26391,0.253944706,0.75462042
10556843,2,3,3,3,Good,3.0502132,In,3034829,0.188381341,0.773445759
10557643,2,3,3,3,Good,2.802783947,In,15854,0.195098465,0.716644934
10566770,2,3,3,3,Good,2.214923221,In,3034829,0.253645444,0.681552395
10567252,3,3,3,3,Good,2.865952546,In,3079009,0.223231141,0.56708842
10567446,3,3,3,3,Good,3.06700065,In,3079009,0.149578642,0.785852998
10568440,3,3,3,3,Good,2.019897187,In,6623,0.086894041,0.522349084
10568869,3,3,3,3,Good,3.241520577,In,3066716,0.232320919,0.630370553
10569319,2,3,3,3,Good,2.559159918,In,202896,0.133919023,0.72629474
10570077,3,3,3,3,Good,2.856260197,In,8573,0.235916721,0.647782778
10570660,2,3,3,3,Good,2.326897537,In,3066712,0.233875451,0.703131953
10571210,2,3,3,3,Good,2.383584197,In,3066715,0.304909926,0.628481003
10572598,2,3,3,3,Good,2.597559604,In,3066716,0.110187035,0.804853613
10573282,3,3,3,3,Good,2.863921992,In,3079007,0.216399052,0.736035917
10573404,3,3,3,3,Good,2.174601286,In,8573,0.316876042,0.544865143
10573604,3,3,3,3,Good,2.666455016,In,3079009,0.126187115,0.749573952
10573773,2,3,3,3,Good,1.58582294,In,5502,0.131490362,0.710972374
10574428,3,3,3,3,Good,2.623612691,In,8344,0.243600323,0.609915489
10575693,2,3,3,3,Good,3.305474312,In,3066712,0.273517124,0.704838265
10575733,2,3,3,3,Good,3.052117268,In,3066712,0.301246921,0.719267677
10575787,2,3,3,3,Good,1.611686211,In,24072,0.316369539,0.624118893
10577096,2,3,3,3,Good,1.448599878,In,18725,0.31289972,0.589920309
10578628,2,3,3,3,Good,2.22865403,In,3066716,0.127675099,0.7618243
10578682,2,3,3,3,Good,3.227503297,In,3034829,0.225670624,0.751165342
10578744,3,3,3,3,Good,2.714315841,In,3066716,0.120895374,0.80605393
10578778,2,3,3,3,Good,1.829868352,In,70897,0.407576981,0.585331443
10578820,2,3,3,3,Good,2.878430862,In,3066716,0.293642859,0.669519482
10579330,2,3,3,3,Good,3.123652456,In,3066712,0.156098394,0.804913274
10579437,2,3,3,3,Good,2.127416244,In,3089902,0.354652296,0.61434025
10579749,2,3,3,3,Good,3.291306739,In,4485134,0.358387904,0.722142796
10580212,2,3,3,3,Good,2.878763889,In,3066712,0.145070465,0.845565331
10580215,2,3,3,3,Good,3.216241074,In,3066712,0.242595774,0.747341089
10591176,2,3,2,3,Good,3.439996,In,3079007,0.103042035,0.877137311
10592358,2,3,3,3,Good,2.292657132,In,3089902,0.39417864,0.584421278
10593244,3,3,3,3,Good,3.72916577,In,36713,0.133141736,0.79668104
10594505,3,3,3,3,Good,1.708507253,In,10708,0.133533708,0.629970288
10595900,3,3,3,3,Good,2.522317936,In,8573,0.31640117,0.502024717
10596671,3,3,3,3,Good,2.694509048,In,8573,0.147867104,0.810949346
10596792,3,3,3,3,Good,3.145952282,In,3066712,0.252246368,0.725429286
10596886,3,3,3,3,Good,3.601132868,In,3066716,0.29764783,0.626406255
10597573,3,3,3,3,Good,2.46598247,In,41819,0.074272667,0.673384838
10598670,3,3,3,3,Good,2.144522269,In,767036,0.075627792,0.804629539
10599727,2,3,3,3,Good,2.174898723,In,10708,0.215748379,0.477495566
10600368,3,3,3,3,Good,3.445463716,In,3066712,0.31747378,0.666678819
10600481,2,3,3,3,Good,2.5881151,In,8344,0.270338197,0.627165293
10600692,2,3,3,3,Good,2.015126655,In,5502,0.111734431,0.747480162
10600864,2,3,3,3,Good,2.675994156,In,2391,0.30529962,0.63267856
10601187,3,3,3,3,Good,1.823808437,In,26391,0.27031508,0.783345357
10601275,2,3,3,3,Good,3.0045773,In,3066716,0.118278756,0.795169613
10601673,2,3,3,3,Good,3.127476906,In,3066712,0.25566274,0.765912288
10602330,2,3,3,3,Good,2.578722209,In,3066716,0.083673522,0.881045312
10602531,2,3,3,3,Good,1.567012954,In,18725,0.305594107,0.608508538
10603114,2,3,3,3,Good,1.811515838,In,2391,0.356392064,0.636984637
10603363,2,3,3,3,Good,2.454588858,In,3066712,0.212979474,0.69912485
10603738,2,3,3,3,Good,1.849827908,In,3089902,0.23439938,0.694599526
10603840,2,3,3,3,Good,1.691143444,In,3089902,0.219617758,0.736181833
10603875,2,3,3,3,Good,2.516681029,In,8344,0.28789775,0.636035929
10604072,2,3,3,3,Good,1.310954494,In,3089902,0.20042223,0.757397339
10604293,2,3,3,3,Good,3.195055608,In,3066712,0.208995566,0.751444535
10604320,3,2,2,3,Good,3.848211001,In,3066716,0.347911217,0.637359244
10604632,2,3,3,3,Good,2.673137549,In,3034829,0.315280452,0.665476087
10614463,2,3,2,3,Good,3.266724087,In,3259,0.293653484,0.698335489
10617427,3,3,3,3,Good,1.905434999,In,6623,0.08340558,0.640292349
10617728,3,3,3,3,Good,2.59537768,In,8573,0.303786579,0.525220071
10617963,3,3,3,3,Good,1.962878125,In,65913,0.190074212,0.61710023
10619152,3,3,3,3,Good,1.762505037,In,6623,0.079527659,0.56494869
10619473,3,3,3,3,Good,2.522531406,In,767036,0.115439512,0.691163033
10619795,3,3,3,3,Good,2.76077184,In,4115,0.069017247,0.906252432
10619815,3,3,3,3,Good,2.564190393,In,65913,0.218573973,0.570903066
10620050,3,3,3,3,Good,2.504997153,In,41819,0.08065782,0.630168013
10620308,2,3,3,3,Good,2.448034699,In,3066716,0.094563034,0.842863082
10620416,3,3,3,3,Good,2.178919905,In,65913,0.115410119,0.685304483
10620728,2,3,3,3,Good,3.157616617,In,3066716,0.172721954,0.723138498
10622234,3,3,3,3,Good,3.357223026,In,8573,0.224292367,0.685069053
10623513,2,3,3,3,Good,2.351033653,In,15854,0.14858084,0.800117278
10623996,2,3,3,3,Good,3.102486814,In,3066712,0.350281632,0.628303079
10624124,2,3,3,3,Good,2.179870905,In,8343,0.20292486,0.582266804
10624938,2,3,3,3,Good,2.770448122,In,3066712,0.256552847,0.762866077
10624939,2,3,3,3,Good,2.568376328,In,3034829,0.186240564,0.755777889
10624979,3,3,3,3,Good,2.738945847,In,3066718,0.276701272,0.61163389
10625023,2,3,3,3,Good,2.148397216,In,3089902,0.087560426,0.878038574
10625395,2,3,3,3,Good,1.812421371,In,2391,0.083332904,0.910786971
10625691,2,3,3,3,Good,2.513625572,In,3066716,0.085419041,0.873354894
10625987,2,3,3,3,Good,2.91072781,In,2391,0.348021461,0.737523471
10626209,2,3,3,3,Good,2.664197935,In,3034829,0.273409457,0.744359304
10626842,3,3,3,3,Good,2.952036155,In,3079009,0.10915828,0.76334916
10627050,2,3,3,3,Good,1.429516963,In,3089902,0.209569494,0.707570479
10627461,2,3,3,3,Good,2.674142561,In,3066712,0.096071283,0.885884865
10628047,3,3,3,3,Good,2.906998796,In,3079009,0.087870981,0.829778868
10628101,3,3,3,3,Good,3.726581358,In,3066716,0.253727768,0.636782583
10628306,3,3,3,3,Good,2.422069779,In,65913,0.05585219,0.86972163
10628322,3,3,3,3,Good,3.232705778,In,3079009,0.271752876,0.557534404
10628740,3,3,3,3,Good,2.26401295,In,3079009,0.146488502,0.731981813
10634550,3,3,3,3,Good,3.348253306,In,3066712,0.340896873,0.67941297
10637930,3,3,3,3,Good,2.117742629,In,65913,0.120132841,0.696529378
10637944,3,3,3,3,Good,2.524483376,In,8573,0.251008181,0.661480317
10639253,3,3,3,3,Good,2.7389583,In,3079009,0.07071993,0.855757498
10642118,2,3,3,3,Good,2.402591359,In,3066712,0.132586803,0.843538727
10642970,2,3,3,3,Good,2.818356094,In,3066198,0.329837727,0.54925057
10643925,3,3,3,3,Good,2.293589036,In,3066715,0.305867586,0.624042457
10644277,2,3,3,3,Good,1.781169507,In,3089902,0.220258597,0.688967592
10644341,2,3,3,3,Good,2.879478707,In,3066712,0.361133276,0.648329174
10644437,2,3,3,3,Good,1.972960702,In,5502,0.143407873,0.689293007
10644607,2,3,3,3,Good,1.752210346,In,3089902,0.258350483,0.686605795
10645415,2,3,3,3,Good,2.552922696,In,3066712,0.134864033,0.812139178
10645998,2,3,3,3,Good,2.621721816,In,15854,0.150134636,0.76153253
10646149,2,3,3,3,Good,1.758274545,In,24072,0.348093514,0.635663176
10646238,2,3,3,3,Good,1.951663841,In,3034829,0.368262836,0.617607997
10647202,3,2,2,3,Good,4.097693675,In,3066716,0.432279359,0.555407998
10647977,2,3,3,3,Good,3.105402561,In,202896,0.219798949,0.557640605
10648923,3,3,3,3,Good,2.953051872,In,3079009,0.084396444,0.846116473
10648986,2,3,3,3,Good,2.493936399,In,70897,0.267288443,0.740075126
10649002,2,3,3,3,Good,2.295405118,In,2391,0.151146407,0.777747236
10649095,3,3,3,3,Good,3.044894592,In,3079009,0.142754501,0.72699551
10649426,3,3,3,3,Good,2.675523436,In,3066712,0.161002703,0.850637676
10649573,2,3,3,3,Good,2.620989953,In,3066712,0.084844377,0.905756945
10650200,2,3,3,3,Good,2.566299424,In,70897,0.340560298,0.637141042
10650614,2,3,3,3,Good,2.780407401,In,4115,0.154125594,0.793592219
10650764,2,3,3,3,Good,3.477271641,In,3066718,0.287329556,0.623524147
10651221,2,3,3,3,Good,2.193460739,In,24072,0.341327612,0.713163517
10651229,2,3,3,3,Good,2.180308668,In,3089902,0.212330414,0.703480145
10651476,3,3,3,3,Good,2.295316518,In,8573,0.313655818,0.513964368
10651580,3,3,3,3,Good,2.915244534,In,3079009,0.163642375,0.677266955
10651803,3,3,3,3,Good,2.212952953,In,65913,0.119671347,0.764246529
10651866,2,3,3,3,Good,3.232158789,In,3066716,0.138867736,0.832216772
10661943,2,3,3,3,Good,1.716483893,In,5502,0.229551392,0.58934322
10662399,2,3,3,3,Good,2.619317429,In,3066712,0.325597792,0.626178243
10666340,2,3,3,3,Good,1.852874232,In,5502,0.101108656,0.743421253
10666563,3,3,3,3,Good,2.133027347,In,767036,0.144827457,0.549759648
10666565,3,3,3,3,Good,2.040083676,In,6626,0.047575882,0.84569347
10668421,2,3,3,3,Good,2.338504612,In,5502,0.215220603,0.608872088
10668816,3,3,3,3,Good,2.478892095,In,8344,0.232004842,0.637552719
10669561,2,3,3,3,Good,2.612723508,In,24072,0.335771884,0.668741235
10670001,3,3,3,3,Good,2.579278451,In,3079009,0.066451372,0.859917974
10670370,2,3,3,3,Good,2.568442112,In,3066712,0.212060652,0.712257939
10670607,3,3,3,3,Good,3.134293591,In,41819,0.152178098,0.533016079
10671149,3,3,3,3,Good,2.816113431,In,3066716,0.115086377,0.841192753
10672465,3,3,3,3,Good,2.671924161,In,3066712,0.160807513,0.851983331
10672839,2,3,3,3,Good,1.934957157,In,24072,0.157786568,0.835948231
10673201,2,3,3,3,Good,3.264569488,In,100191,0.335449431,0.737502668
10673208,2,3,2,3,Good,1.661824708,In,18725,0.245229285,0.673429027
10673347,2,3,2,3,Good,3.4440924,In,3079007,0.103615856,0.874716987
10673418,3,3,3,3,Good,1.931807605,In,767036,0.109029713,0.667977483
10673551,3,3,3,3,Good,3.225074627,In,3079009,0.143281772,0.818852316
10673753,2,3,3,3,Good,1.992199126,In,5502,0.090841847,0.752523736
10673963,3,3,3,3,Good,2.974466227,In,3079009,0.167334387,0.752049806
10674493,2,3,3,3,Good,2.463754105,In,30580,0.088317654,0.763643716
10674733,3,3,3,3,Good,2.782994813,In,214768,0.084356074,0.864519887
10675058,2,3,3,3,Good,1.960395672,In,5502,0.145465238,0.700638906
10675159,3,3,3,3,Good,2.267439517,In,767036,0.178979746,0.515051655
10675221,3,3,3,3,Good,2.171851509,In,6626,0.109811325,0.674719064
10676244,2,3,3,3,Good,1.479675917,In,5502,0.127561689,0.649945023
10676337,3,3,3,3,Good,2.793209411,In,214768,0.095190312,0.828065697
10683488,2,3,3,3,Good,2.707754323,In,2391,0.27620226,0.677539004
10685027,2,3,3,3,Good,1.501801791,In,18725,0.403509068,0.528211391
10686082,2,3,3,3,Good,3.189302366,In,3066712,0.237676366,0.741542022
10686586,2,3,3,3,Good,2.494224686,In,202896,0.259872217,0.596314972
10686808,3,3,3,3,Good,2.183266353,In,767036,0.135337622,0.610400363
10688434,2,3,3,3,Good,2.20130218,In,2391,0.299579876,0.710011331
10690728,2,3,3,3,Good,3.270081438,In,3066716,0.13072571,0.803161825
10691268,3,3,3,3,Good,2.602202767,In,41819,0.105847572,0.522492704
10691695,2,3,3,3,Good,1.86291084,In,202896,0.251271374,0.640072172
10692092,3,3,3,3,Good,2.914627334,In,3079009,0.10557251,0.783830781
10692240,2,3,3,3,Good,1.879645886,In,202896,0.29268951,0.621798685
10692309,2,3,3,3,Good,3.346621853,In,3066716,0.15935192,0.740145041
10692718,2,3,3,3,Good,1.380554014,In,3089902,0.214371708,0.693966771
10692916,2,3,2,3,Good,3.459423426,In,3079007,0.127221204,0.830236559
10693628,2,3,3,3,Good,2.703222074,In,3066712,0.104496675,0.875012954
10694931,2,3,2,3,Good,2.044999522,In,18725,0.336471578,0.589598676
10695694,2,3,3,3,Good,2.324012442,In,3034829,0.19427351,0.771732108
10695941,2,3,3,3,Good,3.154588238,In,3066718,0.199619255,0.735700243
10696224,2,3,3,3,Good,2.293568129,In,2347,0.222234251,0.581016602
10696877,3,3,3,3,Good,2.236499055,In,65913,0.09036132,0.767438621
10696907,3,3,3,3,Good,2.341351343,In,65913,0.082824469,0.829802963
10697192,2,3,3,3,Good,2.605337588,In,202896,0.257231235,0.580753674
10697534,3,3,3,3,Good,3.065278049,In,3066712,0.226419104,0.740475568
10698227,3,3,3,3,Good,2.73775851,In,3079009,0.062213188,0.859686505
10698229,3,3,3,3,Good,2.237179619,In,65913,0.084138749,0.768749637
10698257,2,3,3,3,Good,1.392744006,In,8554,0.237051222,0.560923588
10698648,3,3,3,3,Good,3.105397181,In,36713,0.028119224,0.956622893
10698793,3,3,3,3,Good,3.068019528,In,3079007,0.182696583,0.739414166
10706646,2,3,3,3,Good,1.986528077,In,202896,0.119445623,0.769123464
10708926,3,3,3,3,Good,2.572703712,In,8554,0.321661134,0.576798284
10711222,3,3,3,3,Good,2.513544837,In,3079009,0.115012059,0.744379203
10711890,2,3,3,3,Good,2.612723508,In,24072,0.335771884,0.668741235
10713567,2,3,3,3,Good,2.342542786,In,202896,0.148175474,0.79900837
10715416,2,3,3,3,Good,2.175590496,In,30580,0.257071726,0.564159059
10715722,2,3,3,3,Good,1.54114399,In,5502,0.134054147,0.691785538
10715761,3,3,3,3,Good,1.767018663,In,26391,0.305973391,0.728595126
10716607,2,3,3,3,Good,2.631588838,In,4115,0.096900688,0.828396164
10717370,2,3,3,3,Good,3.156774729,In,3066198,0.282252052,0.724960041
10717689,2,3,3,3,Good,1.725825721,In,2391,0.390954293,0.610589621
10719090,2,3,3,3,Good,1.663229459,In,3089902,0.243557804,0.71092948
10719404,2,3,3,3,Good,2.568714371,In,3066712,0.083607521,0.911855777
10719897,3,3,3,3,Good,3.023149938,In,3079009,0.154898353,0.673552463
10720341,2,3,3,3,Good,3.138871918,In,3079009,0.100203218,0.789455415
10720658,2,3,3,3,Good,2.109987478,In,18725,0.320602626,0.58289639
10721007,2,3,3,3,Good,3.181998885,In,3066718,0.163357503,0.769074428
10721358,3,3,3,3,Good,2.01968998,In,6623,0.079240133,0.656033541
10721431,3,3,3,3,Good,1.914062185,In,6623,0.082242757,0.647634987
10721674,3,3,3,3,Good,2.290383007,In,65913,0.107173156,0.751472342
10721695,3,3,3,3,Good,3.114392115,In,3079009,0.308814667,0.537512363
10721746,3,3,3,3,Good,2.139989884,In,65913,0.119605898,0.66684066
10721790,2,3,3,3,Good,2.512857681,In,202896,0.125696438,0.749854742
10721941,2,3,3,3,Good,3.301214213,In,3066716,0.157543118,0.765753666
10722005,3,3,3,3,Good,2.487203319,In,41819,0.077400377,0.649878361
10722006,3,3,3,3,Good,2.055701774,In,10708,0.24910804,0.463496314
10722020,3,3,3,3,Good,2.483655563,In,8573,0.256209402,0.661270084
10722452,3,3,3,3,Good,2.520750929,In,41819,0.083968191,0.61271745
10722568,2,3,3,3,Good,1.520719065,In,3089902,0.246560185,0.648481363
10722807,2,3,3,3,Good,2.007087369,In,5502,0.228192881,0.613005174
10723492,3,3,3,3,Good,3.5626997,In,3079009,0.278867073,0.548873038
10732948,2,3,3,3,Good,2.106806968,In,202896,0.222976434,0.714151196
10735327,2,3,3,3,Good,2.841832558,In,70897,0.382599171,0.620512168
10735518,3,3,3,3,Good,2.685627195,In,767036,0.143493675,0.630706429
10737343,2,3,3,3,Good,2.401178018,In,3066716,0.095781442,0.82529699
10738154,2,3,3,3,Good,1.661527695,In,2391,0.274034433,0.707323975
10738398,2,3,3,3,Good,1.645112016,In,8554,0.359081482,0.505607108
10739699,2,3,3,3,Good,1.766345985,In,3089902,0.233866179,0.725831185
10740268,2,3,3,3,Good,2.102086462,In,202896,0.28410212,0.591732767
10740317,3,3,3,3,Good,2.5776479,In,3047068,0.106372743,0.595868671
10741585,2,3,3,3,Good,2.316586416,In,3034829,0.135590599,0.834586949
10741691,3,3,3,3,Good,2.878196851,In,3079009,0.08867285,0.821130812
10742773,2,3,3,3,Good,2.891039633,In,214768,0.149987471,0.806194509
10743239,2,3,3,3,Good,3.180414447,In,8344,0.366955626,0.564729699
10743986,3,3,3,3,Good,2.869276061,In,3079009,0.106278152,0.794426786
10744838,2,3,3,3,Good,2.721830015,In,3034829,0.371154572,0.657366737
10744886,2,3,3,3,Good,2.820093188,In,3034829,0.384832457,0.648070229
10744970,2,3,3,3,Good,2.591001577,In,26391,0.23806977,0.76905012
10745010,2,3,3,3,Good,2.1910208349999998,In,202896,0.263103956,0.637629499
10745941,2,3,3,3,Good,3.176361594,In,3066718,0.163664884,0.767604331
10746172,2,3,3,3,Good,3.018638011,In,100191,0.30885968,0.741616451
10746531,3,3,3,3,Good,3.12554935,In,3079009,0.144360089,0.808856639
10746664,2,3,3,3,Good,1.678906977,In,10708,0.177170028,0.599515418
10756521,2,3,3,3,Good,1.805572264,In,5502,0.084024888,0.735347071
10758779,2,3,3,3,Good,2.017860661,In,10708,0.191310175,0.557381222
10759945,2,3,3,3,Good,2.839329415,In,3079007,0.373978363,0.531988254
10760443,3,3,3,3,Good,2.471937076,In,3066712,0.207056199,0.733239248
10760642,2,3,3,3,Good,2.737563595,In,2391,0.239243264,0.772498781
10761165,3,3,3,3,Good,1.543721876,In,6623,0.093416542,0.562065314
10761267,2,3,3,3,Good,2.135286357,In,767036,0.220840846,0.50369523
10762034,3,3,3,3,Good,2.664569921,In,8554,0.323936882,0.589742768
10762132,2,3,3,3,Good,1.907440015,In,202896,0.246609616,0.646740111
10762968,2,3,3,3,Good,1.58930447,In,5502,0.148114352,0.692561697
10764560,2,3,3,3,Good,2.152555306,In,24072,0.285985549,0.690562946
10764586,2,3,3,3,Good,2.90146483,In,202896,0.193544239,0.784149344
10764789,2,3,3,3,Good,1.951217906,In,202896,0.260053219,0.619193399
10765041,2,3,3,3,Good,3.348282202,In,3066716,0.209270647,0.753020593
10765689,2,3,3,3,Good,1.976628967,In,3089902,0.273482916,0.732357428
10765839,2,3,3,3,Good,3.214588323,In,3034829,0.207942183,0.783770152
10766558,2,3,3,3,Good,3.53134119,In,100191,0.38839756,0.673696321
10767131,2,3,3,3,Good,2.093953628,In,18725,0.339329697,0.540317512
10767909,2,3,3,3,Good,2.068231675,In,3034829,0.328434614,0.707360214
10767929,2,3,3,3,Good,3.075115424,In,3066718,0.18136061,0.720193618
10767978,3,3,3,3,Good,2.780794612,In,3259,0.373525179,0.574321557
10768082,2,3,3,3,Good,1.554317102,In,3089902,0.245641655,0.657403416
10768373,2,3,3,3,Good,2.810271997,In,3066712,0.100671805,0.889981076
10768728,2,3,3,3,Good,3.153282483,In,4115,0.328201024,0.543718318
10769288,3,3,3,3,Good,2.492682957,In,3079009,0.147350743,0.715525344
10769386,2,3,3,3,Good,1.700261055,In,10708,0.153396227,0.517642376
10769834,3,3,3,3,Good,2.284456902,In,65913,0.074432107,0.797651977
10770327,3,3,3,3,Good,2.422936539,In,65913,0.037389317,0.886446249
10770737,3,3,3,3,Good,1.647108962,In,6623,0.0252082,0.883926319
10771022,3,3,3,3,Good,1.536815529,In,6623,0.099683915,0.608388394
10781560,2,3,3,3,Good,2.172883742,In,202896,0.275655801,0.607369156
10781907,3,3,3,3,Good,2.186642444,In,26391,0.340197964,0.641385065
10782248,2,3,3,3,Good,2.387577047,In,3066712,0.249259182,0.716569058
10784048,2,3,3,3,Good,2.482264434,In,8344,0.25902675,0.661598768
10784864,2,3,3,3,Good,2.182774529,In,3066716,0.121067428,0.778132466
10785096,3,3,3,3,Good,2.801138376,In,3079009,0.165375428,0.76586957
10785380,2,3,3,3,Good,1.968333853,In,24072,0.363219888,0.618003865
10785776,2,3,3,3,Good,2.03098315,In,3034829,0.217013131,0.719135731
10786008,2,3,2,3,Good,2.045097818,In,3034829,0.340123621,0.627620652
10787648,3,3,3,3,Good,1.967984536,In,6626,0.059929983,0.823464619
10787706,2,3,3,3,Good,1.987843559,In,5502,0.102790126,0.751709829
10788351,3,3,3,3,Good,1.962594954,In,767036,0.080482435,0.754668901
10788758,3,3,3,3,Good,2.603029661,In,3079009,0.127042457,0.757788844
10789620,2,3,3,3,Good,2.153330671,In,24072,0.27421769,0.753865474
10790220,3,3,3,3,Good,2.477643377,In,65913,0.058031378,0.819557772
10790286,2,3,3,3,Good,1.659553651,In,5502,0.111122053,0.689013622
10790580,2,3,3,3,Good,1.99954739,In,5502,0.087224203,0.777922649
10790721,2,3,3,3,Good,3.577436862,In,3066716,0.2230094,0.721024061
10790891,3,3,3,3,Good,3.042152461,In,3079009,0.120559495,0.783861861
10791437,3,3,3,3,Good,2.143035232,In,767036,0.143856462,0.541983177
10791905,3,3,3,3,Good,2.472071094,In,3079009,0.123438791,0.809994737
10792119,3,3,3,3,Good,2.58575687,In,3079009,0.114048617,0.777866115
10792383,3,3,3,3,Good,3.009057475,In,3079007,0.231765743,0.719574198
10792829,2,3,3,3,Good,2.969561074,In,3066715,0.254965172,0.746350649
10793105,2,3,3,3,Good,3.050257958,In,4115,0.162427732,0.767295351
10793371,3,3,3,3,Good,2.474072888,In,767036,0.077763967,0.80357722
10793417,2,3,3,3,Good,2.644048726,In,3034829,0.246930179,0.710511027
10793444,2,3,3,3,Good,2.390532318,In,3066718,0.215985793,0.696685094
10794195,2,3,3,3,Good,1.965293869,In,3089902,0.252129917,0.725703938
10801866,2,3,3,3,Good,1.984511737,In,3089902,0.294267911,0.619031916
10804464,2,3,3,3,Good,2.725785947,In,12442,0.181683107,0.762689065
10806708,2,3,3,3,Good,3.237422041,In,3066712,0.335497301,0.690881554
10806765,3,3,3,3,Good,2.304364135,In,6626,0.090397542,0.731820768
10807224,2,3,2,3,Good,3.424899892,In,3079007,0.097982827,0.896858594
10807320,2,3,3,3,Good,2.901764942,In,8344,0.315024436,0.557422881
10808295,3,3,3,3,Good,2.589225609,In,214768,0.208934663,0.720288681
10808615,2,3,3,3,Good,2.226910569,In,26391,0.311902609,0.7088148
10808997,2,3,3,3,Good,2.303425895,In,2391,0.264393495,0.712798711
10809778,3,3,3,3,Good,2.580439016,In,3079009,0.138924906,0.726288566
10810299,2,3,3,3,Good,2.226448394,In,202896,0.240877955,0.612197651
10810718,3,3,3,3,Good,3.309672668,In,3079009,0.167376733,0.727802581
10811012,3,3,3,3,Good,2.585447912,In,767036,0.103837546,0.765985657
10811409,2,3,3,3,Good,3.487614536,In,3066716,0.205643926,0.72641341
10812627,2,3,3,3,Good,2.989194708,In,3066716,0.113989337,0.846961032
10812909,2,3,3,3,Good,3.702206128,In,3079007,0.242464667,0.741904207
10813350,2,3,3,3,Good,2.385001921,In,202896,0.116993668,0.778271908
10813419,2,3,3,3,Good,3.064275246,In,4115,0.157364281,0.771396541
10813565,2,3,3,3,Good,2.972735187,In,202896,0.286223439,0.608878152
10813669,2,3,3,3,Good,2.104372295,In,24072,0.347515112,0.700710353
10814405,2,3,3,3,Good,3.230996496,In,12442,0.262038175,0.676435135
10815422,2,3,3,3,Good,3.361988151,In,30580,0.244323499,0.606058165
10815962,2,3,3,3,Good,2.968580868,In,4115,0.110888861,0.842000496
10816090,3,3,3,3,Good,2.555563202,In,41821,0.118771953,0.799375141
10816177,3,3,3,3,Good,2.830159708,In,23871,0.033932053,0.943588496
10816227,3,3,3,3,Good,3.486904999,In,4115,0.237220877,0.718501558
10816960,2,3,2,3,Good,3.403851212,In,100191,0.385845423,0.669874403
10816968,2,3,3,3,Good,3.076452951,In,3066715,0.204960417,0.737685971
10816971,2,3,3,3,Good,2.311959536,In,18725,0.380505172,0.588335183
10817044,2,3,2,3,Good,3.618102926,In,3079007,0.125887146,0.87629652
10817067,2,3,3,3,Good,3.749697154,In,4115,0.389140062,0.541034348
10817104,3,3,3,3,Good,3.060490109,In,4115,0.154056614,0.765739134
10817153,2,3,3,3,Good,2.911922376,In,3066716,0.123359754,0.820481203
10817738,2,3,3,3,Good,3.604532192,In,70897,0.358742943,0.654670929
10818461,2,3,3,3,Good,3.34581341,In,15854,0.270879591,0.652949376
10828189,3,3,3,3,Good,2.761187546,In,767036,0.154641233,0.545466003
10830261,3,3,3,3,Good,2.48100817,In,6626,0.092951943,0.750702808
10831309,2,3,3,3,Good,2.200013952,In,10708,0.166549051,0.545514582
10833898,2,3,3,3,Good,3.752543907,In,15854,0.341611932,0.619077582
10834356,2,3,3,3,Good,3.570289692,In,15854,0.266827164,0.698549549
10834593,3,3,3,3,Good,2.306360572,In,10708,0.162402914,0.564466052
10835543,3,3,3,3,Good,2.369122717,In,4115,0.165006789,0.730442982
10835876,2,3,3,3,Good,1.941864034,In,6626,0.064600064,0.868528056
10836887,2,3,3,3,Good,2.892889435,In,3066716,0.11634275,0.835117324
10837291,2,3,3,3,Good,3.359800352,In,15854,0.244250201,0.695133887
10837691,2,3,3,3,Good,1.8602123,In,5502,0.114915724,0.708937655
10837838,2,3,3,3,Good,2.004518185,In,5502,0.084931075,0.776880095
10838576,2,3,3,3,Good,3.540832204,In,100191,0.318764513,0.72381237
10838980,2,3,3,3,Good,2.049073182,In,2391,0.23496571,0.75215605
10839215,2,3,3,3,Good,1.850637669,In,2391,0.310425264,0.712196586
10839254,2,3,3,3,Good,2.202823891,In,10708,0.166291472,0.546332471
10839706,2,3,3,3,Good,2.233897095,In,5502,0.12634726,0.652226653
10839855,2,3,3,3,Good,3.577252331,In,3034829,0.29512017,0.664212045
10840710,3,2,3,3,Good,4.148011189,In,3079009,0.314866062,0.603132376
10840779,2,3,3,3,Good,1.955651763,In,6626,0.055755575,0.845474553
10840819,2,3,3,3,Good,3.626417253,In,3066718,0.250910963,0.742304455
10840916,2,3,3,3,Good,2.802896447,In,15854,0.24748036,0.669914739
10841413,3,3,3,3,Good,2.728994043,In,767036,0.144833493,0.571538227
10841416,3,3,3,3,Good,3.150096161,In,23871,0.105568479,0.770630958
10841944,2,3,3,3,Good,1.97313167,In,5502,0.088096389,0.761017051
10841985,2,3,2,3,Good,2.746604031,In,100191,0.365744521,0.706801662
10842133,2,3,3,3,Good,2.020671272,In,5502,0.120522772,0.731312461
10842322,2,3,3,3,Good,2.852161871,In,3047066,0.199297375,0.526437987
10844302,2,3,3,3,Good,2.774903319,In,202896,0.170243953,0.755120048
10851768,2,3,3,3,Good,2.675592276,In,202896,0.124411969,0.757891143
10852767,2,3,3,3,Good,1.954395305,In,5502,0.084178606,0.797785762
10854338,3,3,2,3,Good,2.982726585,In,3066715,0.28207209,0.700962311
10858096,3,3,3,3,Good,2.615401928,In,4115,0.097544726,0.864276218
10860929,2,3,3,3,Good,2.654690306,In,24072,0.325640799,0.662419737
10862227,2,3,3,3,Good,2.953938703,In,3089902,0.306062801,0.625974635
10862622,2,3,3,3,Good,2.209338387,In,6626,0.044296567,0.889896635
10863193,2,3,3,3,Good,2.304119962,In,12442,0.164487092,0.781160507
10863545,2,3,3,3,Good,3.513220336,In,3066712,0.371938247,0.635747927
10863657,2,3,3,3,Good,2.678362005,In,3079009,0.139825867,0.733145204
10863750,3,3,3,3,Good,2.784003799,In,3079009,0.077853092,0.883543334
10864115,3,3,3,3,Good,2.80424622,In,41821,0.076378586,0.859200382
10864434,2,3,3,3,Good,3.306532496,In,202896,0.226396207,0.590386487
10865063,3,3,3,3,Good,3.085342053,In,3079009,0.114980067,0.794379845
10868957,2,3,2,3,Good,3.643751274,In,100191,0.391155627,0.63230852
10872100,3,3,3,3,Good,2.538482379,In,41821,0.12635665,0.790898281
10872776,2,3,3,3,Good,3.628256261,In,70897,0.425696135,0.59940361
10874445,2,3,3,3,Good,2.292125438,In,10708,0.201547522,0.489404411
10874832,2,3,3,3,Good,3.271536014,In,3066715,0.36056838,0.573963935
10881029,2,3,3,3,Good,3.325222034,In,15854,0.325151002,0.619759405
10881256,2,3,3,3,Good,3.208354589,In,3066715,0.36398633,0.566229084
10882883,2,3,3,3,Good,3.414347997,In,3089902,0.35621441,0.650786878
10882994,3,3,3,3,Good,2.872265491,In,3079009,0.117960354,0.795328045
10883156,2,3,3,3,Good,3.54403598,In,100191,0.390370713,0.651275032
10883220,2,3,3,3,Good,3.692714147,In,100191,0.373735583,0.679540404
10883616,2,3,3,3,Good,3.50682119,In,3066718,0.209250489,0.763769065
10883811,2,3,3,3,Good,3.689695692,In,3079009,0.255133058,0.592953029
10884382,2,3,3,3,Good,3.696660678,In,3079009,0.256697889,0.589940808
10884418,3,3,3,3,Good,3.458890572,In,15854,0.223742891,0.699938351
10884870,2,3,3,3,Good,3.194068066,In,3066715,0.257304066,0.687705589
10885394,2,3,3,3,Good,3.140003016,In,3066715,0.266899427,0.683440925
10885525,2,3,3,3,Good,3.072966732,In,3066715,0.251210711,0.72111123
10885594,2,3,2,3,Good,3.392983196,In,100191,0.357495466,0.7037701
10885725,2,3,3,3,Good,3.153716251,In,3066715,0.171948035,0.805483035
10885756,2,3,3,3,Good,1.879284564,In,5502,0.092144073,0.761312222
10886482,3,3,3,3,Good,3.164298283,In,3079007,0.283300776,0.632975907
10886526,2,3,3,3,Good,2.532097755,In,30580,0.058365527,0.852831778
10892389,2,3,3,3,Good,3.621512755,In,4485134,0.40831758,0.606468867
10894201,2,3,3,3,Good,2.649364988,In,70897,0.342762608,0.662728985
10894431,2,3,3,3,Good,2.101831331,In,6626,0.001021547,0.997606272
10894460,3,3,3,3,Good,3.233671236,In,3079009,0.138216988,0.76178472
10895539,2,3,3,3,Good,2.697902427,In,3079007,0.402186783,0.508538451
10895674,3,3,3,3,Good,3.071461712,In,3079009,0.117276007,0.789194028
10896378,2,3,3,3,Good,3.144130858,In,3079009,0.109272978,0.817121091
10949647,2,3,3,3,Good,2.198683168,In,5502,0.114727977,0.67601157
10974399,3,3,3,3,Good,2.574814966,In,3047067,0.097408204,0.78506489
11001743,3,3,3,3,Good,2.588950222,In,3047067,0.097338558,0.786992841
11070929,3,3,3,3,Good,2.517545466,In,3079009,0.123867876,0.763135015
11082115,3,3,3,3,Good,2.604851337,In,3047066,0.104862217,0.71946789
11735526,3,3,3,3,Good,2.353991771,In,6626,0.107013656,0.705254724
11826967,3,3,3,3,Good,2.480969391,In,6626,0.092944145,0.750734138
11952595,3,3,3,3,Good,2.488728158,In,767036,0.105597777,0.761150989
11952695,3,3,3,3,Good,2.438883145,In,6626,0.08581157,0.784734695
12069730,3,3,3,3,Good,2.432898438,In,6626,0.085033718,0.789569609
12270581,3,3,3,3,Good,2.371308242,In,6626,0.088790333,0.761609411
12270586,3,3,3,3,Good,2.30514407,In,6626,0.085258966,0.798663258
12297436,2,3,3,3,Good,2.473393405,In,5502,0.114175097,0.699120811
12299378,3,3,3,3,Good,2.393308994,In,6626,0.090725778,0.744926835
12337645,2,3,3,3,Good,2.047480249,In,6626,0.066808978,0.850993939
12337646,3,3,3,3,Good,2.208295038,In,6626,0.101904983,0.719509821
12411069,2,3,3,3,Good,3.292005374,In,3079009,0.13502039,0.782507525
12411071,2,3,2,3,Good,1.95952401,In,18725,0.369315668,0.560908559
12411073,2,3,3,3,Good,3.768042306,In,3079007,0.20323645,0.767050931
12411078,2,3,3,3,Good,3.442265705,In,26391,0.404398155,0.718973589
12510742,2,3,3,3,Good,1.825466156,In,70897,0.284577442,0.731676816
12627544,2,3,3,3,Good,2.023966218,In,24072,0.237579191,0.808298974
12966109,3,3,3,3,Good,3.517850496,In,100191,0.305793352,0.746071986
13007252,3,3,3,3,Good,2.925634647,In,3047066,0.038902344,0.90925049
13364457,2,3,3,3,Good,3.805398948,In,3066718,0.338712309,0.584294561
13408846,2,3,3,3,Good,3.283910697,In,4115,0.293395723,0.600712125
13431772,2,3,3,3,Good,2.640673755,In,24072,0.310560679,0.692052894
13505440,2,3,3,3,Good,3.048947481,In,3034829,0.304337398,0.683357997
13643757,2,3,2,3,Good,3.700303123,In,3066715,0.369321711,0.65857485
13668661,2,3,2,3,Good,3.273781126,In,100191,0.382816456,0.65789834
13725443,2,3,3,3,Good,2.480651682,In,70897,0.427659901,0.67819969
13955188,2,3,3,3,Good,2.044367055,In,70897,0.366425345,0.639913094
13981205,2,3,3,3,Good,2.305176501,In,24072,0.349380416,0.619061191
13981208,2,3,3,3,Good,2.10207444,In,2391,0.36627962,0.64625968
14010418,2,3,3,3,Good,3.391886965,In,3034829,0.222296703,0.705524402
14147521,3,3,3,3,Good,2.498198883,In,3079009,0.126685346,0.75547441
14419775,2,3,3,3,Good,1.99838908,In,30580,0.203022156,0.660289354
14439095,2,3,3,3,Good,2.126283701,In,6626,0.011052373,0.974101668
14512870,2,3,2,3,Good,2.130251216,In,18725,0.316982059,0.612603745
14532803,3,3,3,3,Good,3.065126361,In,3079009,0.118433057,0.786849523
14751808,2,3,3,3,Good,3.608564401,In,4115,0.242772809,0.655789177
14751809,2,3,3,3,Good,3.146921125,In,3079009,0.109175095,0.818232858
14848721,2,3,3,3,Good,3.707678622,In,4115,0.267997391,0.640102832
14848724,2,3,3,3,Good,2.739722056,In,15854,0.093597758,0.852287665
15076663,2,3,3,3,Good,3.131956901,In,3066718,0.209033505,0.71956485
15353045,2,3,3,3,Good,3.245752672,In,3066718,0.192645178,0.770164378
15353047,2,3,3,3,Good,3.270067749,In,15854,0.191729858,0.796819902
15683296,2,3,3,3,Good,3.201012325,In,3066718,0.195982016,0.758617219
15752805,2,3,3,3,Good,3.75347111,In,3079007,0.265613292,0.746726767
15869155,2,3,3,3,Good,3.341380323,In,3066718,0.192472624,0.767417629
15870389,2,3,3,3,Good,2.626836485,In,15854,0.060547721,0.911140039
16226213,2,3,3,3,Good,2.968558741,In,3034829,0.140282374,0.824654361
16645595,2,3,3,3,Good,3.707678622,In,4115,0.267997391,0.640102832
16645596,2,3,3,3,Good,2.844950946,In,4115,0.072787276,0.912739214
17765065,2,3,3,3,Good,2.994169408,In,3066716,0.138564078,0.781247135
17769047,2,3,3,3,Good,2.618693053,In,15854,0.127350061,0.805278529
17790998,2,3,3,3,Good,2.884987018,In,4115,0.073635716,0.904583341
17814386,2,3,3,3,Good,2.765864283,In,15854,0.090346722,0.863171613
17843493,2,3,3,3,Good,3.030632807,In,3034829,0.174443612,0.776432449
17914583,2,3,3,3,Good,3.771662458,In,3079007,0.263940356,0.749791891
17979943,2,3,3,3,Good,3.213135263,In,3066718,0.204788248,0.73862399
17991644,2,3,3,3,Good,2.560048427,In,15854,0.091481713,0.883275236
18172654,2,3,3,3,Good,3.351246112,In,15854,0.183269583,0.823223851
18172674,2,3,3,3,Good,3.092706873,In,3066718,0.213300396,0.710698094
18178006,3,3,3,3,Good,3.142079262,In,3079009,0.149389136,0.739938403
18185335,2,3,3,3,Good,3.485214756,In,15854,0.378961041,0.590633564
18327845,2,2,2,2,Moderate,3.887610301,In,3079007,0.185628857,0.793090603
18355902,2,2,3,2,Moderate,0.857883548,In,18725,0.196936647,0.731506385
18364625,2,2,3,2,Moderate,3.913490698,In,100191,0.355795649,0.682880175
18459632,2,2,3,2,Moderate,3.90321723,In,202896,0.419092325,0.505863438
18459635,2,2,3,2,Moderate,0.914459315,In,24072,0.25207696,0.772781851
18515469,2,2,2,2,Moderate,4.122444287,In,4485134,0.453555421,0.631180918
18522616,2,1,3,2,Moderate,4.550468954,In,3079007,0.337581156,0.679682892
18539604,2,2,3,2,Moderate,0.830979405,In,6785,0.337639786,0.586442775
18683124,2,2,3,2,Moderate,4.267867671,In,36713,0.346003617,0.500178414
18690720,2,2,2,2,Moderate,3.85606471,In,70897,0.424128563,0.655314931
18716673,2,1,2,2,Moderate,4.603115467,In,4485134,0.400562226,0.620116466
18721173,2,1,2,2,Moderate,4.603115467,In,4485134,0.400562226,0.620116466
18724647,2,1,2,2,Moderate,4.741226315,In,4485134,0.478501393,0.564425129
18785338,2,1,2,2,Moderate,4.741226315,In,4485134,0.478501393,0.564425129
18914772,2,2,3,2,Moderate,4.10322612,In,100191,0.367443817,0.667611799
18995610,2,2,2,2,Moderate,4.468975866,In,3259,0.43513764,0.509244995
19007903,2,2,3,2,Moderate,4.236427931,In,100191,0.444758442,0.610533267
19027481,2,2,3,2,Moderate,4.236427931,In,100191,0.444758442,0.610533267
19070379,2,2,3,2,Moderate,3.920567607,In,15854,0.327545931,0.672224205
19070386,2,2,3,2,Moderate,4.035510705,In,100191,0.507551613,0.556949745
19070387,2,2,3,2,Moderate,3.912141922,In,15854,0.392854694,0.623369746
19070388,2,2,3,2,Moderate,3.916629498,In,100191,0.295761749,0.73735193
19092013,2,2,3,2,Moderate,4.075869336,In,3066718,0.294634306,0.725528641
19133375,2,2,2,2,Moderate,4.12450096,In,3259,0.478103245,0.490399029
19133376,2,2,3,2,Moderate,0.667722978,In,2391,0.311376377,0.649636066
19133377,2,2,2,2,Moderate,4.268331332,In,3259,0.386429154,0.589538294
19133381,2,2,3,2,Moderate,4.427550747,In,20327,0.354151353,0.4604546
19133383,2,2,3,2,Moderate,3.873111395,In,3066715,0.337773477,0.696325349
19349602,2,2,3,2,Moderate,0.954380071,In,18725,0.194481345,0.795253868
19366143,2,1,2,2,Moderate,4.720261711,In,4485134,0.437778442,0.591708875
19366180,3,1,3,2,Moderate,4.557660573,In,20327,0.367232938,0.528290904
19366182,3,1,3,2,Moderate,4.528064539,In,20327,0.36628873,0.539057433
19366202,3,1,3,2,Moderate,4.962491827,In,214768,0.47744559,0.474510454
19371043,2,2,3,2,Moderate,4.116949103,In,20327,0.383188321,0.491081561
19377164,2,2,3,2,Moderate,4.295865245,In,100191,0.309388972,0.73870884
19387716,2,2,3,2,Moderate,3.899314409,In,3066712,0.37813392,0.67444973
19433797,2,2,3,2,Moderate,4.106549665,In,3079007,0.314477986,0.670282837
19710935,2,2,3,2,Moderate,4.179426314,In,70897,0.355366316,0.698898785
19777101,2,1,3,2,Moderate,4.531571637,In,4485134,0.434958571,0.566367943
19786012,2,2,2,2,Moderate,4.432217771,In,3066716,0.501051712,0.463800176
19786016,2,2,3,2,Moderate,3.877345932,In,4485134,0.32583327,0.720525424
19794053,2,2,3,2,Moderate,3.935610675,In,3079007,0.302170683,0.688304515
19802958,2,2,3,2,Moderate,3.992435042,In,3066718,0.250490734,0.691433777
19820790,2,2,2,2,Moderate,4.202971191,In,3066716,0.373392855,0.585544936
19879595,2,2,2,2,Moderate,3.93013086,In,4485134,0.355457033,0.690340072
19899536,2,2,3,2,Moderate,4.207399591,In,4485134,0.265591756,0.764908089
19899935,2,2,3,2,Moderate,4.27822474,In,4115,0.394900789,0.553521464
19899941,2,2,3,2,Moderate,3.937126595,In,3079007,0.300921723,0.689569277
19899942,2,2,2,2,Moderate,4.506912357,In,3066716,0.486694647,0.486197636
19908020,2,2,2,2,Moderate,4.018190781,In,3066712,0.408467621,0.695685954
19967668,2,2,3,2,Moderate,3.991971051,In,3066718,0.246732672,0.655883405
19967670,2,2,2,2,Moderate,3.93013086,In,4485134,0.355457033,0.690340072
19967675,2,1,2,2,Moderate,4.747109629,In,3066716,0.501910704,0.469281714
19967677,2,2,2,2,Moderate,3.861075436,In,4485134,0.325262442,0.719011092
19967678,2,2,2,2,Moderate,4.112245308,In,3066716,0.40359393,0.599046335
19967679,3,1,2,2,Moderate,4.595187092,In,3079009,0.446020546,0.529469438
19967683,2,2,2,2,Moderate,3.930974722,In,3079007,0.169308561,0.809545202
19967685,2,2,2,2,Moderate,4.229579268,In,4485134,0.328757752,0.738242385
19969306,2,2,2,2,Moderate,4.232506969,In,4485134,0.329954183,0.736937748
19969312,2,2,2,2,Moderate,4.257972563,In,3066718,0.362012139,0.590879472
19969315,2,2,2,2,Moderate,4.361459875,In,3066716,0.415935699,0.548752476
19969320,2,2,3,2,Moderate,3.819741221,In,3079007,0.206284153,0.802913657
19987041,2,2,3,2,Moderate,4.212388164,In,214768,0.387436003,0.502091218
19987053,2,2,3,2,Moderate,4.139913855,In,214768,0.399894009,0.484282297
19987055,2,2,3,2,Moderate,3.873730668,In,20327,0.28233984,0.511087453
20071047,2,2,2,2,Moderate,3.855207345,In,100191,0.36053079,0.689955185
20090285,2,2,3,2,Moderate,4.343713871,In,3066718,0.448558847,0.525889805
20191283,2,2,2,2,Moderate,4.452757594,In,100191,0.355617057,0.703721411
20217326,2,2,3,2,Moderate,3.859339562,In,214768,0.269754636,0.623341071
20228377,2,2,2,2,Moderate,4.431185086,In,3066716,0.4157632,0.548548759
20228378,2,2,3,2,Moderate,4.150261058,In,70897,0.396352233,0.662598721
20228379,2,2,2,2,Moderate,4.111317761,In,70897,0.311735756,0.754984851
20239897,2,1,2,2,Moderate,4.724142383,In,3259,0.551421993,0.430821228
20242157,2,1,2,2,Moderate,4.617480948,In,4115,0.534690881,0.42699488
20249640,2,1,3,2,Moderate,4.563739832,In,3066718,0.454614681,0.530306212
20293871,2,1,2,2,Moderate,4.73545191,In,3259,0.553948924,0.428771606
20294860,2,2,2,2,Moderate,4.156424087,In,3066716,0.43867225,0.58700488
20305952,2,2,3,2,Moderate,4.117189312,In,3079007,0.232525331,0.735802235
20321769,2,2,2,2,Moderate,4.0488479,In,3066716,0.4417282,0.590156864
20350862,2,3,1,3,Good,1.573425168,Outside AD,24072,0.493406571,0.594655381
20392442,2,3,1,3,Good,1.345116278,Outside AD,18725,0.523735543,0.548597344
20392445,2,3,1,3,Good,2.867240531,Outside AD,3259,0.18026322,0.806123031
20392450,2,3,1,3,Good,2.750375739,Outside AD,3259,0.228390163,0.757280705
20392461,2,3,1,3,Good,3.431450743,Outside AD,3259,0.233397683,0.724703473
20400269,2,3,1,3,Good,3.245803782,Outside AD,70897,0.318792403,0.737948602
20405655,2,3,1,3,Good,2.654788485,Outside AD,100191,0.401867953,0.684741801
20444365,2,3,1,3,Good,3.413153716,Outside AD,3066715,0.145959297,0.819694332
20449544,2,3,1,3,Good,3.329142067,Outside AD,3259,0.296929105,0.657623334
20461725,2,3,1,3,Good,3.293927903,Outside AD,100191,0.37888407,0.685700902
20479559,2,3,1,3,Good,3.45556838,Outside AD,3259,0.222317833,0.75762711
20479566,2,3,1,3,Good,2.148890567,Outside AD,100191,0.433439253,0.633952306
20479568,2,3,1,3,Good,2.833701517,Outside AD,4485134,0.603757331,0.571357106
20484518,2,3,1,3,Good,1.645838519,Outside AD,24072,0.381723802,0.614865683
20512215,2,3,1,3,Good,3.338378194,Outside AD,3259,0.446304801,0.601074689
20512220,2,3,1,3,Good,2.916733605,Outside AD,3079007,0.263308723,0.676988914
20512250,3,3,1,3,Good,2.448598766,Outside AD,8573,0.321743169,0.606469775
20512255,2,3,1,3,Good,1.991048829,Outside AD,18725,0.527768707,0.579065211
20520967,2,3,1,3,Good,3.101012657,Outside AD,70897,0.401492116,0.700488752
20520982,2,3,1,3,Good,3.526313941,Outside AD,100191,0.431210233,0.735957588
20520987,2,3,1,3,Good,3.210504915,Outside AD,3079007,0.325165541,0.623693561
20520996,2,3,1,3,Good,3.758761363,Outside AD,3079007,0.389689064,0.572476399
20521003,3,3,1,3,Good,1.895796019,Outside AD,18725,0.429756447,0.523346983
20521009,2,3,1,3,Good,1.284108641,Outside AD,24072,0.484865646,0.620764433
20521014,2,3,1,3,Good,3.771015915,Outside AD,26391,0.390844385,0.676613253
20521024,2,3,1,3,Good,2.508898843,Outside AD,3259,0.159468909,0.84995168
20521025,2,3,1,3,Good,3.17147412,Outside AD,100191,0.469735071,0.646545062
20521027,2,3,1,3,Good,2.886920306,Outside AD,3259,0.203294357,0.759082519
20521063,2,1,1,2,Moderate,5.338328137,Outside AD,4485134,0.346034404,0.680509478
20521066,2,2,1,2,Moderate,4.153581672,Outside AD,3079007,0.351401936,0.637525595
20521067,2,2,1,2,Moderate,4.131788562,Outside AD,70897,0.297481971,0.715164947
20521069,2,2,1,2,Moderate,4.10493638,Outside AD,70897,0.29539697,0.719703154
20521082,2,2,1,2,Moderate,4.062271144,Outside AD,3259,0.36044779,0.600633802
20521088,2,2,1,2,Moderate,0.674908773,Outside AD,24072,0.448642725,0.609429617
20521091,2,2,1,2,Moderate,0.557867143,Outside AD,18725,0.383944513,0.62501161
20521096,2,1,1,2,Moderate,4.58332113,Outside AD,4485134,0.359398766,0.757933195
20521097,2,2,1,2,Moderate,4.230749239,Outside AD,4485134,0.373439302,0.710529941
20521110,2,1,1,2,Moderate,4.610400075,Outside AD,100191,0.421084257,0.677010263
20521115,2,2,1,2,Moderate,3.919950489,Outside AD,4485134,0.2963908,0.770672422
20521117,2,2,1,2,Moderate,4.207319211,Outside AD,4485134,0.31807824,0.687130846
20521123,2,2,1,2,Moderate,3.836559673,Outside AD,3066715,0.303483688,0.70196203
20521132,2,2,1,2,Moderate,3.886364472,Outside AD,4485134,0.332398485,0.725758211
20521134,2,1,1,2,Moderate,4.569933289,Outside AD,4485134,0.378570817,0.65084703
20521141,2,1,1,2,Moderate,4.527758159,Outside AD,4485134,0.378940043,0.646088075
20521155,2,1,1,2,Moderate,4.691478648,Outside AD,3259,0.474175117,0.49056737
20521161,2,1,1,2,Moderate,4.782590856,Outside AD,4485134,0.346218231,0.69065672
20521162,2,1,1,2,Moderate,5.238239294,Outside AD,4485134,0.45326723,0.602571668
20521170,2,1,1,2,Moderate,5.238239294,Outside AD,4485134,0.45326723,0.602571668
20521179,2,1,1,2,Moderate,5.101228063,Outside AD,4485134,0.437815611,0.651068141
20521188,2,1,1,2,Moderate,4.85164628,Outside AD,4485134,0.360754884,0.663995636
20521190,2,1,1,2,Moderate,5.101766069,Outside AD,4485134,0.437778877,0.651120484
20521212,2,1,1,2,Moderate,5.295174888,Outside AD,4485134,0.47257555,0.577331568
20521215,2,1,1,2,Moderate,5.294487291,Outside AD,4485134,0.47262167,0.577272376
20521216,2,2,1,2,Moderate,3.918682552,Outside AD,4485134,0.393256623,0.60786109
20521219,2,1,1,2,Moderate,5.157751636,Outside AD,4485134,0.442581955,0.625697786
20521228,2,1,1,2,Moderate,4.85164628,Outside AD,4485134,0.360754884,0.663995636
