Table S8. The PRI result of 1909 true external FCOCs using the optimal Rat-QSTR model,,,,,,,,,,
CID,Score(MAE-LOO),Score(Proximity Train YObs Mean),Score(Similarity based AD),CompositeScore,PredictionQuality,YPred(Test),AD status,Closest Training Compound,Euclidean Distance,Generalized Jaccard Coeff.
6818,2,3,3,3,Good,1.3813048,In,68,0.092163272,0.867683422
6820,3,3,3,3,Good,2.066183246,In,31,0.269836095,0.668254651
10603,2,3,3,3,Good,1.959246138,In,31,0.157482818,0.78331666
11283,2,3,3,3,Good,2.905611219,In,80,0.33602223,0.597163507
11289,2,3,3,3,Good,2.721582575,In,6,0.145205012,0.747602945
11799,2,3,3,3,Good,1.84319264,In,13,0.323730962,-0.084868807
17082,3,3,3,3,Good,0.912559366,In,23,0.018224299,0.982699406
17159,2,3,3,3,Good,1.921778397,In,8,0.174705638,0.672975763
19284,2,3,3,3,Good,1.117811153,In,18,0.016596502,0.983114949
36655,2,3,3,3,Good,1.552033884,In,8,0.111110399,0.840542809
36656,2,3,3,3,Good,1.853248502,In,8,0.1082957,0.748098247
39179,3,3,3,3,Good,1.012718292,In,16,0.036368064,0.958828818
43109,2,3,3,3,Good,2.530888032,In,44,0.279663823,-0.09164286
62153,2,3,3,3,Good,1.259433566,In,17,0.032017359,0.956492342
67031,3,3,3,3,Good,1.859247001,In,12,0.06911469,0.887503441
69059,2,3,3,3,Good,1.172432297,In,15,0.048953305,0.935935464
69455,2,3,3,3,Good,1.989345524,In,8,0.225827621,0.588066367
74411,2,3,3,3,Good,1.312166035,In,17,0.028379306,0.954480587
74926,2,3,3,3,Good,2.20166704,In,37,0.1545434,0.782050033
77007,2,3,3,3,Good,1.158753436,In,18,0.020930113,0.975874369
86119,2,3,3,3,Good,1.510655805,In,68,0.090759799,0.857873417
86297,2,3,3,3,Good,1.04503071,In,24,0.023888045,0.970245473
87301,3,3,3,3,Good,2.820188976,In,49,0.324980344,0.43128554
88003,3,3,3,3,Good,0.960803535,In,40,0.005965646,0.993984511
88403,3,3,3,3,Good,0.953378346,In,16,0.046903991,0.954248443
89352,2,3,3,3,Good,2.95032987,In,49,0.213428154,0.479069874
89726,2,3,3,3,Good,1.634420493,In,8,0.344218072,0.546062149
92328,2,3,2,3,Good,2.846820062,In,44,0.294170008,-0.231788776
92709,2,3,2,3,Good,2.34865606,In,44,0.235754439,-0.625722736
95524,2,3,3,3,Good,1.358316482,In,68,0.143800826,0.796053835
95886,2,3,3,3,Good,1.753365207,In,8,0.284195645,0.550391189
96361,2,3,3,3,Good,1.073627368,In,22,0.014202051,0.98587783
98024,2,3,3,3,Good,1.24280301,In,15,0.091550104,0.874848296
100492,2,3,3,3,Good,3.410846239,In,79,0.292436792,0.690005037
100578,2,3,3,3,Good,3.377827544,In,79,0.254181281,0.796920576
101019,2,3,3,3,Good,1.60345033,In,54,0.370989938,0.632586721
101393,2,3,3,3,Good,1.359224026,In,68,0.022803065,0.972729953
101548,2,3,3,3,Good,1.087716366,In,22,0.026834891,0.969377075
102723,3,3,3,3,Good,1.854963124,In,51,0.181001913,0.80274852
102724,3,3,2,3,Good,2.177009647,In,51,0.2616733,0.705831659
102940,2,3,3,3,Good,1.385275345,In,68,0.015029976,0.980132893
102942,3,3,1,3,Good,3.407757086,Outside AD,63,0.345186599,0.636742692
102991,3,3,3,3,Good,1.671999372,In,4,0.11731714,0.851482886
103247,2,3,3,3,Good,2.79064907,In,1,0.245678142,0.767691054
103942,3,3,2,3,Good,2.078267355,In,51,0.236423666,0.758934781
104154,3,3,3,3,Good,2.436565372,In,72,0.197081544,0.814130036
104460,2,3,3,3,Good,3.170244206,In,80,0.206670817,0.759315759
104508,3,2,3,3,Good,3.891177464,In,56,0.445604222,0.649826537
104635,3,3,3,3,Good,0.926207189,In,30,0.013670104,0.982701202
104913,2,3,3,3,Good,1.976337806,In,33,0.122729856,0.857841521
105325,3,3,3,3,Good,1.825311022,In,51,0.128140024,0.872835044
105380,2,3,3,3,Good,3.14826291,In,37,0.446384285,0.625750072
106126,3,3,3,3,Good,2.256882793,In,79,0.106982767,0.862902018
106785,2,3,1,3,Good,3.186123375,Outside AD,63,0.419920858,0.621791556
106853,2,3,3,3,Good,2.435231056,In,49,0.243674514,0.450652753
108585,2,3,3,3,Good,3.210388895,In,19,0.315998472,0.63681035
108586,2,3,3,3,Good,2.882760321,In,37,0.235068049,0.74590354
108933,2,3,3,3,Good,2.088119185,In,56,0.239168562,0.824854932
109139,3,2,3,3,Good,3.845028573,In,34,0.343491726,0.718971116
109327,2,3,3,3,Good,3.076552798,In,80,0.26449188,0.732835746
109428,2,3,3,3,Good,1.354942408,In,68,0.104549362,0.847306083
110384,2,3,3,3,Good,3.146626875,In,47,0.301957654,0.704944653
110678,2,3,3,3,Good,2.983283283,In,56,0.262171683,0.803623785
110837,2,3,3,3,Good,2.089750339,In,26,0.148693741,0.819640274
110990,3,3,3,3,Good,2.083106111,In,57,0.102384796,0.875310609
111281,2,3,3,3,Good,1.645738387,In,8,0.122604687,0.819549459
111358,2,3,3,3,Good,2.756443983,In,37,0.299207595,0.602413296
111466,3,3,3,3,Good,2.775084728,In,49,0.25374722,0.559930767
111542,2,3,3,3,Good,1.882523767,In,61,0.105359891,0.879619704
111707,2,3,3,3,Good,2.424665753,In,37,0.274590647,0.703065372
112194,2,3,3,3,Good,1.088955351,In,22,0.056952303,0.923832201
112746,2,3,3,3,Good,2.076691133,In,70,0.242790064,0.588356162
112787,3,3,1,3,Good,3.314372571,Outside AD,63,0.488277729,0.471807649
112875,3,3,3,3,Good,2.486394241,In,72,0.204556945,0.796169097
112882,2,3,3,3,Good,1.349337925,In,68,0.098825429,0.854809477
113415,2,3,3,3,Good,1.093625078,In,15,0.043714757,0.941980487
113428,2,3,3,3,Good,2.506174693,In,13,0.195712167,0.430584434
113467,2,3,3,3,Good,1.138140546,In,15,0.028379185,0.967542828
113491,2,3,3,3,Good,1.048178972,In,42,0.1118768,0.895076449
113585,2,3,3,3,Good,3.147416366,In,1,0.222105648,0.762480748
114498,2,3,3,3,Good,3.115585212,In,1,0.248743226,0.772148904
114499,3,3,1,3,Good,3.508646035,Outside AD,63,0.477855159,0.530656629
115343,2,3,3,3,Good,3.11055471,In,78,0.247114012,0.764155549
115833,2,3,3,3,Good,1.814864056,In,8,0.322376058,0.477708837
117089,2,3,3,3,Good,2.145308488,In,1,0.070447401,0.928632239
117095,3,3,3,3,Good,2.872629226,In,70,0.237710399,0.64446574
117272,3,3,3,3,Good,3.159349745,In,47,0.255543496,0.783576673
117391,3,3,3,3,Good,2.673119092,In,10,0.268715371,0.68543072
117608,3,3,3,3,Good,1.498735696,In,57,0.095685217,0.859232096
117950,2,3,3,3,Good,1.258103807,In,42,0.176432799,0.836254828
118551,3,3,1,3,Good,3.440392174,Outside AD,63,0.448685143,0.505149898
118722,3,3,1,3,Good,3.118119745,Outside AD,63,0.46546136,0.595222852
118756,3,3,3,3,Good,2.361701664,In,72,0.174001427,0.855916135
119169,2,3,3,3,Good,2.481278479,In,79,0.180558761,0.735863037
119290,3,3,3,3,Good,3.059956966,In,63,0.29843339,0.614339711
120162,2,3,2,3,Good,2.243942128,In,44,0.35186196,-0.390353168
121756,3,3,2,3,Good,2.996161911,In,63,0.325784643,0.648186453
122038,3,3,1,3,Good,3.407130917,Outside AD,63,0.337016312,0.609804024
123187,3,2,1,3,Good,3.714098792,Outside AD,63,0.413177469,0.60661629
123755,2,3,3,3,Good,2.373896408,In,1,0.142268106,0.880052353
123822,2,3,1,3,Good,3.550198569,Outside AD,49,0.403978984,0.248201257
123934,3,3,3,3,Good,0.982381301,In,16,0.005353499,0.994836577
124284,2,3,3,3,Good,3.419165597,In,79,0.224496177,0.70195288
124805,2,3,1,3,Good,2.966583818,Outside AD,70,0.28738971,0.627440793
124814,3,2,3,3,Good,4.309406649,In,34,0.392106177,0.690030867
126022,2,3,1,3,Good,3.225980434,Outside AD,63,0.483512972,0.571756347
126118,3,3,3,3,Good,2.870691701,In,47,0.151634303,0.900068998
126164,2,3,2,3,Good,2.442474185,In,63,0.230423452,0.753789384
126322,2,3,1,3,Good,2.711196218,Outside AD,44,0.247866702,-0.436825981
126346,2,3,2,3,Good,2.508445019,In,44,0.357903007,-0.414168281
126969,3,3,3,3,Good,2.414903921,In,46,0.171058948,0.788292473
127143,2,3,3,3,Good,1.967531739,In,59,0.097225563,0.812042391
127173,2,3,3,3,Good,2.550445319,In,13,0.211805805,0.264431286
127463,2,3,3,3,Good,1.268117569,In,68,0.103479242,0.87130812
128664,2,3,3,3,Good,1.51187295,In,17,0.155413892,0.808229783
128856,2,3,3,3,Good,1.652189198,In,10,0.239600855,0.707274364
133747,3,3,3,3,Good,0.890072309,In,23,0.013185176,0.982987412
136159,3,3,3,3,Good,0.805906986,In,62,0.034212925,0.962497331
156626,3,3,3,3,Good,0.918624431,In,30,0.017041693,0.984126786
157231,2,3,3,3,Good,1.902177747,In,8,0.151404039,0.717244161
157469,2,3,3,3,Good,1.645388978,In,8,0.063088032,0.872994459
169794,2,3,3,3,Good,1.519866504,In,68,0.107843458,0.858358985
175037,2,3,3,3,Good,1.653994638,In,31,0.031273652,0.968654051
175686,2,3,3,3,Good,1.494331779,In,68,0.074098966,0.914512934
187106,2,3,3,3,Good,1.625490312,In,8,0.088518358,0.824031586
187107,2,3,3,3,Good,1.521151937,In,14,0.144303694,0.785214578
187108,2,3,3,3,Good,2.410765473,In,6,0.047361838,0.90868651
187109,2,3,3,3,Good,1.237477347,In,15,0.082901102,0.887198299
187110,2,3,3,3,Good,1.183177091,In,18,0.036495244,0.954329712
221066,2,3,3,3,Good,1.043022141,In,22,0.024325743,0.972445009
222220,2,3,3,3,Good,1.227358244,In,15,0.089328365,0.880982484
223408,2,3,3,3,Good,1.441327572,In,17,0.102587178,0.832144524
226522,3,3,3,3,Good,1.875127374,In,4,0.150103156,0.847946138
226523,2,3,3,3,Good,1.979690302,In,8,0.161941126,0.639715505
226524,2,3,3,3,Good,2.026262681,In,12,0.031084645,0.947861798
226525,3,3,3,3,Good,1.891782469,In,46,0.08817326,0.86419865
226754,2,3,3,3,Good,1.801769144,In,13,0.073994809,0.7013856
228533,2,3,3,3,Good,1.554883342,In,14,0.144522158,0.756517444
235011,2,3,3,3,Good,1.348880019,In,17,0.036667415,0.951468027
235340,2,3,3,3,Good,1.790554992,In,13,0.318151492,-0.023683534
237865,2,3,3,3,Good,2.141168598,In,59,0.03084994,0.947907733
238206,2,3,3,3,Good,2.146479627,In,44,0.106441373,0.018445143
241295,2,3,1,3,Good,1.906457262,Outside AD,54,0.430411585,0.475972239
241296,2,3,3,3,Good,1.374337388,In,14,0.071597939,0.894751045
241307,2,3,3,3,Good,2.02244165,In,26,0.071371639,0.92272136
241310,2,3,3,3,Good,2.902253803,In,79,0.265147697,0.708396296
241315,2,3,3,3,Good,1.94013204,In,13,0.026634701,0.87775555
247591,3,3,3,3,Good,1.873638209,In,46,0.044215697,0.949053251
247592,2,3,3,3,Good,2.892157083,In,1,0.191330692,0.822422283
249299,2,3,1,3,Good,2.449043304,Outside AD,54,0.650514938,0.186395306
249587,2,3,3,3,Good,1.797840614,In,13,0.092153444,0.653614434
250502,3,3,3,3,Good,1.756113119,In,4,0.116386544,0.871680098
250547,2,3,3,3,Good,2.87728703,In,36,0.304627921,0.528584669
250551,2,3,3,3,Good,1.672979484,In,13,0.233350771,0.311532257
250555,3,3,3,3,Good,2.61730238,In,79,0.117456327,0.869470454
251065,2,3,3,3,Good,2.113304424,In,13,0.091379057,0.596722263
251436,2,3,3,3,Good,1.618040166,In,8,0.123737047,0.817755677
253605,2,3,3,3,Good,2.949760589,In,80,0.346665885,0.628253281
256605,2,3,3,3,Good,1.792407693,In,8,0.069143527,0.844270629
256610,2,3,3,3,Good,1.76767197,In,19,0.21343082,0.74583604
257484,2,3,3,3,Good,1.145152653,In,15,0.021131189,0.974735521
263041,2,3,2,3,Good,2.623366337,In,8,0.467756306,0.238005334
284612,2,3,1,3,Good,2.498412769,Outside AD,54,0.491002487,0.335630371
286191,2,3,3,3,Good,1.625890153,In,8,0.204108382,0.607346142
302442,2,3,3,3,Good,1.733674817,In,8,0.07196839,0.847392632
303184,2,3,3,3,Good,2.116724481,In,13,0.249210724,0.417080075
313795,3,3,3,3,Good,1.773568077,In,51,0.203982059,0.802361282
316224,2,3,3,3,Good,2.087083293,In,8,0.381574391,0.581058289
344285,2,3,3,3,Good,2.104676922,In,44,0.175484478,-0.005598127
347524,2,3,3,3,Good,1.418034158,In,14,0.102511759,0.850101899
359018,2,3,3,3,Good,3.031325111,In,44,0.335651541,0.004209336
359066,2,3,3,3,Good,2.998309817,In,36,0.355011309,0.581734451
359096,2,3,1,3,Good,2.78884989,Outside AD,54,0.602382771,0.169432467
392070,2,3,3,3,Good,2.951776085,In,1,0.223962576,0.766570735
393210,2,3,3,3,Good,2.627658305,In,36,0.115023626,0.86529826
393458,2,3,3,3,Good,1.960462164,In,33,0.120293945,0.850768435
434362,3,3,3,3,Good,0.956730919,In,40,0.015326351,0.980035194
434363,2,3,3,3,Good,3.067591388,In,79,0.294493745,0.671694217
438021,2,3,3,3,Good,1.734148051,In,42,0.184420633,0.818815805
438022,3,3,3,3,Good,1.864089935,In,4,0.123142359,0.889728192
438024,2,3,3,3,Good,2.199574595,In,44,0.153347101,-0.212764235
438029,2,3,3,3,Good,1.404805665,In,17,0.08162496,0.866497639
473505,2,3,3,3,Good,1.228825716,In,17,0.048945656,0.925673495
517235,2,3,3,3,Good,1.173630854,In,18,0.033869205,0.951066256
517694,3,3,3,3,Good,1.12126906,In,11,0.095514225,0.858260747
518169,2,3,3,3,Good,1.363942709,In,17,0.047879872,0.921589545
518348,2,3,3,3,Good,1.208687799,In,18,0.054074952,0.922010087
518349,2,3,3,3,Good,1.116561025,In,15,0.060502221,0.92576871
520474,2,3,3,3,Good,1.207214561,In,15,0.068207077,0.907126812
521439,2,3,3,3,Good,1.221609155,In,17,0.062026766,0.921173192
525135,2,3,3,3,Good,1.230983599,In,15,0.089882318,0.879266608
525140,2,3,3,3,Good,2.057767865,In,33,0.051748157,0.912797044
525141,2,3,3,3,Good,2.073839926,In,37,0.181902347,0.707811746
525161,2,3,3,3,Good,1.438625335,In,68,0.049053054,0.931336758
525186,2,3,3,3,Good,1.528561224,In,68,0.108057336,0.864939765
525196,3,3,3,3,Good,1.15876225,In,23,0.207406729,0.810614185
525216,3,3,3,3,Good,0.990395879,In,16,0.007425649,0.992023935
525243,2,3,3,3,Good,1.550228882,In,14,0.141376522,0.762207132
526381,2,3,3,3,Good,2.481246837,In,61,0.181705155,0.788698328
540855,2,3,3,3,Good,1.090234931,In,22,0.017448688,0.981839284
546283,2,3,3,3,Good,0.921935959,In,69,0.158167491,0.801339763
576148,2,3,3,3,Good,1.288402218,In,17,0.089551069,0.878524084
587601,2,3,3,3,Good,1.943681589,In,37,0.181279637,0.762086012
590809,2,3,3,3,Good,1.535058485,In,68,0.117837526,0.847854591
590836,2,3,3,3,Good,1.424830538,In,17,0.099058402,0.876924558
590929,2,3,3,3,Good,1.837577372,In,13,0.16205754,0.558931908
591037,3,3,1,3,Good,3.242970174,Outside AD,54,0.801350289,-0.023603378
591066,2,3,3,3,Good,1.657414803,In,8,0.245169644,0.638930806
591200,2,3,3,3,Good,1.391029578,In,68,0.107481238,0.849484104
595898,2,3,3,3,Good,1.859822304,In,13,0.084755083,0.731272283
595985,2,3,3,3,Good,1.860656399,In,8,0.131230364,0.744297955
596027,2,3,1,3,Good,2.579313807,Outside AD,44,0.468078209,-0.503014789
597395,2,3,3,3,Good,1.98251049,In,8,0.257420805,0.520375925
600994,2,3,2,3,Good,2.553108364,In,44,0.375001868,-0.477571762
605331,2,3,3,3,Good,1.395460107,In,68,0.06191363,0.912169413
610016,2,3,3,3,Good,1.627350545,In,13,0.194187923,0.465539533
610230,2,3,3,3,Good,1.552284318,In,14,0.165632957,0.759562906
613589,2,3,3,3,Good,1.565199707,In,14,0.183296008,0.726190546
616040,2,3,3,3,Good,1.643363566,In,13,0.196590968,0.464591427
616307,2,3,3,3,Good,1.613120906,In,13,0.204478645,0.452680638
616676,2,3,3,3,Good,1.518432782,In,17,0.150797715,0.775297677
619528,2,3,3,3,Good,2.11996995,In,44,0.131482574,0.014541344
622313,2,3,3,3,Good,1.383939915,In,14,0.039998278,0.932055505
627405,2,3,3,3,Good,1.317924242,In,14,0.042872187,0.922507177
627581,2,3,3,3,Good,2.296243382,In,8,0.278121182,0.582445383
628796,2,3,3,3,Good,1.872894786,In,8,0.110838556,0.737320099
628998,2,3,3,3,Good,1.361857687,In,68,0.080505417,0.903413099
629108,2,3,3,3,Good,2.43746356,In,8,0.197772688,0.587891891
630009,2,3,3,3,Good,2.355946702,In,13,0.162191318,0.253714138
632386,2,3,1,3,Good,2.613921824,Outside AD,44,0.643922694,-0.827837831
633563,2,3,3,3,Good,2.291838989,In,44,0.115543267,-0.53129511
635619,2,3,3,3,Good,2.0277274,In,10,0.195996079,0.789704775
635788,2,3,3,3,Good,1.687609045,In,8,0.116003694,0.744114198
643292,2,3,3,3,Good,2.806420705,In,34,0.157620492,0.894903481
688113,2,3,3,3,Good,1.104202822,In,69,0.091541875,0.894170428
745895,2,3,3,3,Good,1.926144976,In,8,0.203861859,0.676267173
785004,2,3,2,3,Good,2.294877487,In,91,0.338370447,0.68262304
825803,2,3,1,3,Good,2.090196687,Outside AD,91,0.376675702,0.597972789
825852,3,3,1,3,Good,2.443411844,Outside AD,91,0.250358031,0.738842429
833466,2,3,1,3,Good,2.241694499,Outside AD,91,0.307452622,0.667313615
839326,2,3,1,3,Good,2.488661274,Outside AD,91,0.158229209,0.849038841
988722,2,3,1,3,Good,2.297807944,Outside AD,91,0.255623707,0.740507894
998505,2,3,3,3,Good,2.997319395,In,80,0.225603345,0.807725565
1007245,2,3,3,3,Good,2.069844449,In,3,0.177396987,0.805046507
1023789,2,3,3,3,Good,2.257224401,In,6,0.090030178,0.854171431
1023792,2,3,3,3,Good,2.661874119,In,19,0.163636167,0.797765404
1023804,3,3,3,3,Good,2.474820334,In,46,0.182446949,0.761728749
1023805,3,3,3,3,Good,2.361454373,In,79,0.152151483,0.802725143
1023811,2,3,3,3,Good,2.302947588,In,1,0.169176909,0.845499215
1023814,2,3,3,3,Good,3.383629346,In,1,0.331877941,0.688541198
1026576,3,3,3,3,Good,1.972666831,In,46,0.063545312,0.913065583
1042535,3,3,3,3,Good,2.123266496,In,51,0.284968469,0.68159437
1049920,2,3,1,3,Good,2.20602932,Outside AD,91,0.396998915,0.579380794
1072479,2,3,3,3,Good,2.481057958,In,79,0.116925635,0.895170626
1072482,2,3,3,3,Good,1.725692683,In,69,0.144586621,0.810214494
1079161,2,3,2,3,Good,2.247583449,In,91,0.335321808,0.703031851
1097197,2,3,1,3,Good,2.296286887,Outside AD,91,0.388421989,0.583691662
1101039,2,3,2,3,Good,2.327152774,In,91,0.343421545,0.664895732
1101042,2,3,3,3,Good,1.959550142,In,37,0.163074073,0.760770538
1105060,2,3,3,3,Good,2.407513945,In,33,0.267313026,0.715606617
1113682,2,3,3,3,Good,2.910782951,In,8,0.34703858,0.375566323
1115396,2,3,3,3,Good,3.219383574,In,79,0.181064409,0.801409769
1117051,2,3,3,3,Good,2.682253012,In,19,0.340436829,0.651163799
1120442,2,3,3,3,Good,2.589758259,In,79,0.086524803,0.901664684
1120443,2,3,3,3,Good,2.317061166,In,1,0.177360841,0.769024224
1120444,2,3,3,3,Good,2.217027518,In,1,0.169913109,0.797409839
1125114,2,3,3,3,Good,2.317474429,In,8,0.399924312,0.482402422
1126002,2,3,3,3,Good,1.087821851,In,42,0.10977041,0.892295642
1128197,2,3,3,3,Good,1.402086048,In,17,0.088529426,0.859551794
1128205,2,3,3,3,Good,2.170840521,In,31,0.290465088,0.633674545
1136286,2,3,3,3,Good,1.847434522,In,8,0.096377278,0.773819369
1188209,2,3,3,3,Good,1.895791233,In,8,0.263574296,0.625872825
1188218,3,3,1,3,Good,2.286177131,Outside AD,51,0.383822975,0.759022075
1188223,2,3,3,3,Good,3.047254692,In,36,0.367993698,0.546772567
1211350,2,3,3,3,Good,2.626575251,In,59,0.193890311,0.6704088
1216419,2,3,3,3,Good,1.772741728,In,54,0.250529418,0.739094596
1218924,2,3,3,3,Good,1.403496616,In,11,0.140306041,0.763048676
1222549,2,3,3,3,Good,1.26163703,In,11,0.052090372,0.905513865
1252604,2,3,1,3,Good,3.469269729,Outside AD,12,0.730094426,-0.094111957
1253102,2,3,3,3,Good,1.820739695,In,10,0.160944918,0.84012564
1257309,2,3,3,3,Good,2.974812098,In,1,0.199787339,0.759497592
1260649,2,3,3,3,Good,1.163563103,In,15,0.066258004,0.913569646
1271548,2,3,2,3,Good,3.596057516,In,37,0.499387383,0.472724308
1271817,2,3,3,3,Good,2.402389282,In,51,0.242647112,0.749301177
1279340,2,3,3,3,Good,2.263587829,In,12,0.105032603,0.802751332
1329508,2,3,3,3,Good,1.813654285,In,8,0.146590372,0.702984476
1379435,2,3,3,3,Good,1.915155298,In,19,0.171616778,0.795426776
1513129,2,3,3,3,Good,1.770239933,In,4,0.126796492,0.857847621
1729316,2,3,3,3,Good,1.011125719,In,24,0.034756421,0.959685242
1799067,2,3,3,3,Good,2.652925019,In,55,0.09680257,0.884223382
2195128,2,3,3,3,Good,1.654209411,In,8,0.138618898,0.786290314
2245406,2,3,1,3,Good,3.386277324,Outside AD,54,0.613949852,0.183978075
2268843,2,3,3,3,Good,1.948756554,In,8,0.239889098,0.567610906
2747938,2,3,3,3,Good,1.719462362,In,68,0.099709547,0.822257282
2747939,2,3,3,3,Good,1.33739444,In,17,0.118752333,0.826028831
2747940,2,3,3,3,Good,2.395696383,In,6,0.091259387,0.873651158
2747979,2,3,3,3,Good,3.185140081,In,12,0.3468476,0.489520407
2747997,2,3,2,3,Good,2.684610681,In,47,0.464843889,0.64760191
2750728,2,3,2,3,Good,2.67838835,In,12,0.293732406,0.500835727
2752593,2,3,3,3,Good,1.550010988,In,14,0.15604712,0.70630163
2752722,2,3,3,3,Good,1.783805783,In,8,0.178806307,0.654134772
2752723,3,3,3,3,Good,0.978929702,In,16,3.71e-05,0.99996027
2752910,2,3,3,3,Good,1.424570118,In,17,0.148927767,0.78241022
2774893,2,3,3,3,Good,1.389719317,In,14,0.096069175,0.837727858
2831634,2,3,3,3,Good,1.176783767,In,15,0.04208567,0.943174193
2833016,2,3,3,3,Good,1.151925457,In,15,0.031767466,0.958205862
2843627,2,3,3,3,Good,1.250939354,In,15,0.112366417,0.871379576
2847534,2,3,3,3,Good,1.292870038,In,17,0.012954856,0.979224595
3016098,2,3,3,3,Good,1.155877366,In,18,0.020590024,0.970213578
3017576,2,3,3,3,Good,1.467425386,In,68,0.058092554,0.930492069
3017990,3,3,3,3,Good,0.935447411,In,16,0.074700567,0.930501605
3020122,2,3,3,3,Good,1.423661878,In,14,0.089676398,0.855581319
3020636,2,3,3,3,Good,1.266495151,In,15,0.102119186,0.861063673
3020637,2,3,3,3,Good,1.228635595,In,17,0.061020203,0.91375666
3020638,2,3,3,3,Good,1.307665027,In,15,0.125064353,0.839218822
3020639,2,3,3,3,Good,1.324023417,In,68,0.134321034,0.807490473
3020644,2,3,3,3,Good,1.269204444,In,15,0.100421419,0.87295988
3020698,2,3,3,3,Good,1.052682482,In,22,0.014120793,0.98413967
3020699,2,3,3,3,Good,1.282073832,In,68,0.111602363,0.84894026
3020871,3,3,3,3,Good,0.829647665,In,62,0.019651157,0.976032246
3020985,2,3,3,3,Good,2.393777908,In,8,0.236582862,0.434379397
3020986,2,3,3,3,Good,1.890603623,In,4,0.10278733,0.88546921
3020987,2,3,1,3,Good,2.756762581,Outside AD,44,0.516955915,-0.325778199
3020989,2,3,3,3,Good,2.769341078,In,59,0.216269075,0.630320665
3020990,2,3,3,3,Good,1.947146348,In,61,0.216922001,0.754747799
3020991,2,3,3,3,Good,2.856428048,In,36,0.286428291,0.715287712
3020992,2,3,3,3,Good,2.692266574,In,31,0.330675548,0.632232786
3023588,2,3,3,3,Good,3.092520756,In,79,0.176155068,0.782490212
3030010,2,3,3,3,Good,1.201997754,In,15,0.088540538,0.889605539
3086393,2,3,3,3,Good,1.488626988,In,15,0.134683732,0.809909947
3089804,2,3,1,3,Good,2.872822189,Outside AD,8,0.550241418,0.110112493
3092112,2,3,3,3,Good,2.073557151,In,31,0.233722951,0.661794791
3094940,2,3,3,3,Good,2.698973278,In,12,0.455874451,0.439316788
3098712,3,3,3,3,Good,3.144374125,In,51,0.357408469,0.651501266
3099151,2,3,1,3,Good,3.503198415,Outside AD,44,0.495233324,-0.60319239
3107739,2,3,3,3,Good,1.266498762,In,17,0.043731145,0.948457484
3112620,2,3,3,3,Good,2.195596038,In,3,0.264362204,0.713891615
3116637,2,3,3,3,Good,1.559177988,In,1,0.158960885,0.855223051
3337258,2,3,2,3,Good,2.798375385,In,12,0.380999298,0.363707493
3530081,2,3,3,3,Good,2.407693277,In,79,0.121233094,0.870343844
3553937,2,3,3,3,Good,2.787720488,In,12,0.273825497,0.595641938
3683994,2,3,1,3,Good,2.539573954,Outside AD,44,0.243862925,-3.133319363
3720367,2,3,2,3,Good,2.947977548,In,51,0.346937327,0.643005654
3736119,2,3,3,3,Good,2.637233666,In,80,0.184027316,0.8193092
3771287,2,3,3,3,Good,2.521893812,In,13,0.186879141,0.51392955
3775971,2,3,3,3,Good,1.987217065,In,4,0.08931651,0.904815056
3799477,2,3,3,3,Good,1.548156119,In,14,0.141381266,0.771743009
3897679,2,3,3,3,Good,2.090845377,In,4,0.137882265,0.833932316
3907486,2,3,2,3,Good,3.250641909,In,56,0.435739958,0.715713561
3991515,2,3,3,3,Good,1.754893399,In,4,0.172166459,0.81556909
4051405,2,3,1,3,Good,3.375072313,Outside AD,91,0.495292695,0.539291811
4096515,3,3,3,3,Good,1.802666695,In,57,0.073920755,0.90246988
4098537,3,3,3,3,Good,2.738589147,In,79,0.148668901,0.821380314
4111218,3,3,3,3,Good,1.165467495,In,30,0.209618431,0.80822378
4113772,3,3,3,3,Good,1.975605681,In,46,0.034804898,0.941264733
4144032,2,3,3,3,Good,2.620324985,In,58,0.228938357,0.781315079
4144932,2,3,1,3,Good,2.171590897,Outside AD,91,0.275294758,0.725211807
4149665,3,3,2,3,Good,2.93244498,In,47,0.427635343,0.699300105
4153473,3,3,3,3,Good,2.228003908,In,12,0.124726807,0.81342779
4158910,2,3,3,3,Good,2.085044065,In,19,0.229277154,0.757591458
4158912,3,3,2,3,Good,3.121573106,In,47,0.349906546,0.750517168
4164896,2,3,1,3,Good,3.130983646,Outside AD,51,0.44285435,0.611647659
4169382,3,3,3,3,Good,2.142546151,In,78,0.243464402,0.729526905
4207890,2,3,3,3,Good,1.017774499,In,22,0.071172203,0.932733229
4219437,3,3,3,3,Good,2.053382714,In,51,0.231207817,0.764482296
4219891,2,3,3,3,Good,2.491321314,In,79,0.070073582,0.920395646
4227080,2,3,3,3,Good,2.993715064,In,37,0.297526924,0.72275807
4244670,3,3,2,3,Good,2.184447575,In,91,0.385913559,0.63631785
4247096,2,3,3,3,Good,2.451034035,In,19,0.249450144,0.735462247
4247539,2,3,1,3,Good,2.957867069,Outside AD,91,0.430072878,0.664389693
4248130,3,3,3,3,Good,2.661698186,In,80,0.150801781,0.830199291
4266855,2,3,3,3,Good,2.029058029,In,12,0.057193253,0.916334695
4289294,3,3,3,3,Good,2.188639671,In,12,0.121317435,0.808207002
4301523,2,3,3,3,Good,3.001046622,In,12,0.296801227,0.479105717
4319579,2,3,3,3,Good,3.240601022,In,80,0.287443811,0.668550361
4330720,2,3,3,3,Good,1.958517221,In,51,0.257729806,0.71742172
4335747,2,3,3,3,Good,1.287053661,In,42,0.075575881,0.893951965
4349277,2,3,3,3,Good,1.390682924,In,15,0.081783508,0.888691596
4369673,3,3,3,3,Good,2.06581105,In,57,0.102500855,0.856894002
4378290,2,3,3,3,Good,2.879394015,In,36,0.300107305,0.542606952
4382470,2,3,3,3,Good,2.248116399,In,36,0.422518208,0.490804335
4391037,2,3,3,3,Good,3.018766613,In,80,0.201180207,0.785507338
4437886,2,3,3,3,Good,3.555008159,In,36,0.452398197,0.461599512
4448491,3,3,3,3,Good,1.962103643,In,46,0.079234613,0.882460427
4495638,2,3,3,3,Good,1.711332991,In,4,0.018020039,0.983432188
4496170,3,3,3,3,Good,2.036432358,In,46,0.099160136,0.856485668
4496171,2,3,3,3,Good,2.028756461,In,3,0.146514872,0.843843971
4552820,2,3,3,3,Good,1.638929722,In,4,0.059657642,0.947922582
4575154,3,3,3,3,Good,1.931040624,In,46,0.042329814,0.937420741
4575291,2,3,3,3,Good,2.459009026,In,3,0.322768725,0.664328981
4639090,3,3,3,3,Good,1.826642911,In,4,0.093860226,0.918765415
4642666,3,3,3,3,Good,2.248532305,In,3,0.232163055,0.728612491
4660734,2,3,3,3,Good,2.490871014,In,3,0.338246658,0.641589616
4813404,2,3,2,3,Good,2.343437463,In,44,0.354784464,-0.554739865
4830941,2,3,3,3,Good,2.886164285,In,19,0.236683586,0.744742429
4831380,2,3,1,3,Good,2.813615747,Outside AD,91,0.480319613,0.536678455
4831796,3,3,3,3,Good,2.060114952,In,12,0.130963904,0.807127963
4833274,2,3,1,3,Good,3.204898682,Outside AD,91,0.323368952,0.694136525
4840261,2,3,3,3,Good,1.895744538,In,4,0.102943253,0.881338979
4843374,3,3,3,3,Good,1.839434919,In,57,0.044556732,0.930000162
4847301,2,3,3,3,Good,2.873440238,In,19,0.273526274,0.71012289
4850048,2,3,3,3,Good,2.222691767,In,59,0.091154866,0.826178362
4866734,3,3,3,3,Good,2.028363368,In,12,0.142353961,0.782905954
4920949,2,3,3,3,Good,1.704468536,In,4,0.098341097,0.893095682
4961446,2,3,3,3,Good,2.439255082,In,36,0.173761165,0.741669286
4979261,2,3,3,3,Good,1.922929446,In,26,0.143692138,0.8134308
5006700,2,3,3,3,Good,2.270188389,In,1,0.177451671,0.825429802
5043461,2,3,3,3,Good,1.529315571,In,68,0.09297517,0.85627197
5051480,2,3,3,3,Good,1.637594012,In,8,0.087054441,0.82106321
5078442,2,3,3,3,Good,1.850966275,In,13,0.214256734,0.40008484
5090515,2,3,3,3,Good,2.297889749,In,44,0.234701441,-0.04252089
5112420,2,3,3,3,Good,2.285119268,In,8,0.282181566,0.572409045
5130496,2,3,1,3,Good,2.999794212,Outside AD,91,0.598483763,0.426056632
5175470,3,3,1,3,Good,2.508886075,Outside AD,63,0.341112626,0.693451553
5247707,2,3,1,3,Good,2.999794212,Outside AD,91,0.598483763,0.426056632
5255992,3,3,3,3,Good,1.826642911,In,4,0.093860226,0.918765415
5260288,2,3,1,3,Good,3.204898682,Outside AD,91,0.323368952,0.694136525
5315567,2,3,2,3,Good,2.775682693,In,91,0.341484757,0.69514697
5324246,2,3,3,3,Good,2.067185023,In,19,0.289176244,0.71737937
5378390,2,3,3,3,Good,2.402347627,In,3,0.300721326,0.691931775
5380110,2,3,3,3,Good,1.696491971,In,33,0.107403819,0.827187777
5387844,2,3,3,3,Good,1.506558113,In,18,0.10132857,0.86371668
5453480,2,3,3,3,Good,1.491046184,In,18,0.099102775,0.859129256
6081229,2,3,3,3,Good,1.386154468,In,15,0.103367926,0.857614991
6217951,3,3,3,3,Good,1.393649902,In,22,0.089932961,0.89612123
6246242,3,3,3,3,Good,1.366915694,In,22,0.088023403,0.911589795
6411707,3,3,3,3,Good,1.31937146,In,24,0.086904353,0.914510748
6414407,2,3,3,3,Good,1.60344691,In,17,0.115244548,0.834934972
6415701,2,3,3,3,Good,1.693228878,In,33,0.090152126,0.856102787
6416228,2,3,3,3,Good,2.18141048,In,33,0.170491218,0.771393813
6421084,2,3,3,3,Good,1.627190439,In,26,0.208074215,0.667462376
6421086,2,3,3,3,Good,1.597481888,In,17,0.112282037,0.856442546
6421087,2,3,3,3,Good,2.030756681,In,33,0.03371087,0.944891868
6421089,2,3,3,3,Good,1.611016146,In,46,0.091015044,0.865405387
6421090,2,3,3,3,Good,2.010356599,In,36,0.128754008,0.840277475
6421091,2,3,3,3,Good,1.834171773,In,17,0.16909755,0.73474946
6421092,2,3,3,3,Good,2.127196424,In,36,0.15651533,0.766610656
6421098,2,3,3,3,Good,2.147134797,In,36,0.177799061,0.733657354
6421099,2,3,3,3,Good,2.073409338,In,36,0.169268512,0.747435892
6421100,2,3,3,3,Good,2.167136768,In,36,0.156223779,0.74712999
6421101,3,3,3,3,Good,1.37356863,In,22,0.088398123,0.906188304
6421102,2,3,3,3,Good,1.978797069,In,59,0.104451692,0.788298477
6421388,2,3,3,3,Good,1.490023963,In,14,0.112405906,0.84170144
6421389,2,3,3,3,Good,1.069243515,In,22,0.013373466,0.984432971
6421402,2,3,3,3,Good,0.968288981,In,24,0.083333541,0.923560609
6421406,2,3,3,3,Good,1.332773763,In,17,0.039382615,0.944188858
6421407,2,3,3,3,Good,0.966386313,In,24,0.085862789,0.921639959
6421410,2,3,3,3,Good,0.987640353,In,24,0.088721952,0.906906634
6421411,2,3,3,3,Good,1.252926098,In,17,0.094181886,0.892686197
6421416,2,3,3,3,Good,1.175389469,In,18,0.052418511,0.928170194
6421564,2,3,3,3,Good,1.104279571,In,15,0.03780351,0.950587449
6421666,2,3,3,3,Good,1.099422606,In,22,0.049703603,0.932724643
6421745,2,3,3,3,Good,1.132110308,In,42,0.111960928,0.871524435
6421945,3,3,3,3,Good,1.403559014,In,24,0.10323802,0.87737458
6421948,2,3,3,3,Good,1.983480371,In,26,0.1215017,0.772542473
6421951,2,3,3,3,Good,1.230527129,In,16,0.145918354,0.826106022
6421952,2,3,3,3,Good,0.985580564,In,16,0.02714602,0.964871554
6421962,3,3,3,3,Good,0.966454533,In,16,0.022987633,0.977064835
6421963,2,3,3,3,Good,1.09646159,In,18,0.070287048,0.902531496
6421964,2,3,3,3,Good,1.335894317,In,14,0.049272102,0.922553112
6421965,2,3,3,3,Good,1.175707223,In,15,0.093656829,0.879295101
6421966,2,3,3,3,Good,1.153040786,In,15,0.039874502,0.949361142
6421968,2,3,3,3,Good,1.12458443,In,18,0.010419508,0.987464712
6422007,2,3,3,3,Good,1.118307671,In,18,0.028955937,0.959044327
6422113,2,3,3,3,Good,1.0190206,In,22,0.076884813,0.927539841
6422347,2,3,3,3,Good,1.95143733,In,59,0.093071635,0.83278027
6422370,2,3,3,3,Good,2.405135695,In,6,0.121067551,0.827406043
6422371,3,3,3,3,Good,1.039499984,In,11,0.14535239,0.788221301
6422372,2,3,3,3,Good,2.541253578,In,33,0.203930742,0.700478733
6422373,3,3,3,3,Good,0.990958482,In,40,0.042483337,0.952926659
6422374,2,3,3,3,Good,1.074743557,In,24,0.058278713,0.931644982
6422384,2,3,3,3,Good,1.009866446,In,16,0.024279559,0.968399564
6422385,3,3,3,3,Good,0.926198087,In,16,0.079175235,0.92849777
6422386,2,3,3,3,Good,1.025036773,In,24,0.04387087,0.946626632
6422387,2,3,3,3,Good,1.563695507,In,18,0.11897395,0.824048237
6422521,2,3,3,3,Good,0.996562281,In,24,0.035058692,0.966975752
6422593,3,3,3,3,Good,0.895896157,In,23,0.03069635,0.961037453
6422897,2,3,3,3,Good,1.04279983,In,22,0.014361243,0.980533646
6423100,2,3,3,3,Good,1.109962358,In,18,0.050099108,0.929896527
6423318,3,3,3,3,Good,1.434939331,In,22,0.100896599,0.897075637
6423322,2,3,3,3,Good,1.935500218,In,19,0.153356381,0.827679868
6423323,2,3,3,3,Good,1.059983912,In,22,0.033696606,0.955320484
6423324,2,3,3,3,Good,1.141601291,In,18,0.021928391,0.977335903
6423375,2,3,3,3,Good,1.283264311,In,14,0.059770404,0.907065155
6423376,2,3,3,3,Good,1.082286538,In,22,0.053352114,0.938214076
6423377,2,3,3,3,Good,0.977122166,In,16,0.03484956,0.957904247
6423378,2,3,3,3,Good,1.310893282,In,17,0.035189223,0.944258949
6423383,2,3,3,3,Good,1.06334657,In,22,0.045371348,0.943537084
6423384,2,3,3,3,Good,1.519504235,In,18,0.110325036,0.854140316
6423385,2,3,3,3,Good,1.242950547,In,17,0.061996681,0.921122199
6423386,2,3,3,3,Good,2.94339542,In,79,0.162916877,0.791957836
6423390,2,3,3,3,Good,1.49521482,In,18,0.102294055,0.892048644
6423391,2,3,3,3,Good,1.609849573,In,17,0.120800697,0.838459302
6423392,2,3,3,3,Good,2.219722888,In,19,0.165173122,0.788557721
6423393,2,3,3,3,Good,1.600263945,In,69,0.120938006,0.86346291
6423394,2,3,3,3,Good,1.486865425,In,18,0.104859864,0.87778864
6423395,2,3,3,3,Good,1.085609011,In,15,0.031820189,0.965955428
6423396,2,3,3,3,Good,1.257379274,In,17,0.055822515,0.93457842
6423401,2,3,3,3,Good,1.174810891,In,18,0.044122645,0.941730249
6423407,2,3,3,3,Good,1.148537649,In,18,0.036742007,0.960731997
6423408,2,3,3,3,Good,0.987940896,In,15,0.085306354,0.920160198
6423409,2,3,3,3,Good,1.138658323,In,18,0.120846769,0.846621735
6423410,3,3,3,3,Good,1.055547334,In,16,0.103434039,0.894545421
6423411,3,3,3,3,Good,0.965307216,In,16,0.018673055,0.981404039
6423412,2,3,3,3,Good,0.973743917,In,24,0.074307885,0.931301794
6423413,2,3,3,3,Good,1.122742508,In,18,0.064584688,0.919285787
6423414,2,3,3,3,Good,1.233572958,In,17,0.053102979,0.930693716
6423422,2,3,3,3,Good,1.203070519,In,18,0.057249878,0.917882737
6423424,2,3,3,3,Good,1.385342179,In,14,0.090145613,0.870129572
6423425,2,3,3,3,Good,1.171605685,In,14,0.118380516,0.822446545
6423426,3,3,3,3,Good,1.108582731,In,18,0.118857031,0.842532458
6423427,3,3,3,3,Good,1.080985324,In,24,0.111068305,0.887007229
6423428,2,3,3,3,Good,1.099780529,In,18,0.019196324,0.978528413
6423432,3,3,3,3,Good,0.930480303,In,23,0.035534612,0.955491023
6423434,2,3,3,3,Good,1.085837375,In,15,0.049993249,0.933797279
6423436,2,3,3,3,Good,1.817490631,In,33,0.129792454,0.790425688
6423437,2,3,3,3,Good,1.635724016,In,33,0.10364676,0.83659171
6423438,2,3,3,3,Good,1.597814466,In,17,0.115938644,0.835037954
6423439,3,3,3,3,Good,2.8919414,In,79,0.158466689,0.814745935
6423440,2,3,3,3,Good,1.514083374,In,15,0.118440018,0.848969693
6423441,2,3,3,3,Good,3.019870947,In,79,0.18670264,0.804634998
6423442,2,3,3,3,Good,1.73596576,In,19,0.170600554,0.773223356
6423450,2,3,3,3,Good,1.712984626,In,61,0.144710306,0.810183065
6423451,2,3,3,3,Good,1.949818107,In,19,0.083466364,0.892072435
6423453,2,3,3,3,Good,2.33066436,In,61,0.1377847,0.838928212
6423454,2,3,3,3,Good,1.598567531,In,15,0.132712411,0.807154015
6423455,2,3,3,3,Good,1.631863484,In,46,0.091057472,0.856218106
6423456,2,3,3,3,Good,1.172172912,In,18,0.043741724,0.943503727
6423466,2,3,3,3,Good,1.070839842,In,22,0.039341324,0.951415786
6423468,2,3,3,3,Good,1.642248963,In,33,0.100761377,0.842112065
6423469,2,3,3,3,Good,1.651443966,In,33,0.107624767,0.840618012
6423471,3,3,3,3,Good,1.420923046,In,22,0.112165362,0.85367347
6423472,2,3,3,3,Good,1.747406303,In,33,0.089953214,0.863248214
6423473,2,3,3,3,Good,1.506301443,In,18,0.103660155,0.886204805
6423474,2,3,3,3,Good,1.461865732,In,15,0.109283905,0.862360833
6423480,2,3,3,3,Good,1.851597735,In,33,0.111000581,0.813021722
6423481,2,3,3,3,Good,1.443870387,In,22,0.116558026,0.8399263
6423482,2,3,3,3,Good,1.49760188,In,18,0.114574084,0.849537767
6423483,2,3,3,3,Good,1.242543763,In,17,0.037479684,0.9506929
6423484,3,3,3,3,Good,1.362632363,In,16,0.104162977,0.876984524
6423485,3,3,3,3,Good,1.34007006,In,40,0.102175198,0.878872543
6423486,3,3,3,3,Good,1.319256894,In,40,0.100321838,0.892336861
6423487,2,3,3,3,Good,1.399548272,In,11,0.112479612,0.797552552
6423488,2,3,3,3,Good,1.511530387,In,18,0.103977841,0.878907429
6423492,2,3,3,3,Good,1.097197007,In,18,0.023558197,0.9732487
6423495,2,3,3,3,Good,1.304579659,In,17,0.062218418,0.910469706
6423496,3,3,3,3,Good,0.935349331,In,16,0.067655845,0.939102014
6423497,2,3,3,3,Good,0.98772038,In,24,0.024505922,0.96847192
6423501,2,3,3,3,Good,1.203775394,In,18,0.065277975,0.910404628
6423503,2,3,3,3,Good,1.739770865,In,33,0.105172486,0.822843623
6423504,2,3,3,3,Good,1.732725929,In,33,0.08149233,0.889374612
6423505,2,3,3,3,Good,1.110486251,In,18,0.011541089,0.983805525
6423506,3,3,3,3,Good,0.985224126,In,40,0.037543958,0.959108943
6423510,2,3,3,3,Good,1.450174438,In,14,0.089665328,0.860930634
6423515,2,3,3,3,Good,1.524305338,In,15,0.118244977,0.84361795
6423516,2,3,3,3,Good,1.600292567,In,17,0.111032445,0.849293261
6423517,2,3,3,3,Good,1.582610635,In,17,0.120540167,0.825043818
6423518,2,3,3,3,Good,1.605483533,In,17,0.112831185,0.845015229
6423519,2,3,3,3,Good,1.656990593,In,46,0.107018566,0.832315886
6423520,2,3,3,3,Good,1.549588138,In,18,0.117531824,0.84062635
6423524,2,3,3,3,Good,1.312539113,In,17,0.014744556,0.977549383
6423528,2,3,3,3,Good,1.173276417,In,15,0.067708986,0.912960994
6423529,2,3,3,3,Good,1.696066146,In,33,0.098304543,0.860643059
6423530,2,3,3,3,Good,1.712929048,In,33,0.109702991,0.821144129
6423531,2,3,3,3,Good,1.560185754,In,17,0.108266214,0.846815992
6423532,2,3,3,3,Good,1.557890182,In,17,0.099411522,0.866580331
6423533,2,3,3,3,Good,1.519695862,In,18,0.106495587,0.838199278
6423534,2,3,3,3,Good,1.229383763,In,15,0.082284949,0.919410713
6423538,2,3,3,3,Good,1.267891403,In,17,0.035715275,0.944578585
6423539,2,3,3,3,Good,1.639267881,In,33,0.098751475,0.855584997
6423540,2,3,3,3,Good,1.453026964,In,18,0.093775593,0.888239236
6423543,2,3,3,3,Good,2.392047007,In,79,0.105700735,0.868444151
6423548,2,3,3,3,Good,1.623733386,In,17,0.115863334,0.812641524
6423549,2,3,3,3,Good,1.407338757,In,69,0.073530474,0.912339849
6423550,2,3,3,3,Good,1.524714019,In,18,0.114093433,0.839202786
6423551,2,3,3,3,Good,1.482427289,In,18,0.099411241,0.864022807
6423552,2,3,3,3,Good,1.738902083,In,26,0.140464078,0.794209724
6423561,2,3,3,3,Good,1.206622747,In,14,0.094298538,0.853418301
6423562,3,3,3,3,Good,1.51063064,In,57,0.090858814,0.876727357
6423563,2,3,3,3,Good,1.266311514,In,14,0.069595358,0.889531392
6423564,2,3,3,3,Good,1.27222559,In,14,0.049255964,0.917809016
6423570,2,3,3,3,Good,1.514440754,In,14,0.116336996,0.792354645
6423572,2,3,3,3,Good,2.31936676,In,33,0.105466474,0.880284161
6423574,2,3,3,3,Good,1.300390599,In,15,0.12043735,0.844562318
6423575,2,3,3,3,Good,1.155045421,In,18,0.020703185,0.97607942
6423576,2,3,3,3,Good,1.120299154,In,18,0.044786132,0.938392229
6423577,2,3,3,3,Good,3.019130642,In,12,0.25363651,0.648348554
6423578,3,3,3,3,Good,1.943578627,In,46,0.093138793,0.829607908
6423585,2,3,3,3,Good,1.681900037,In,33,0.085143944,0.875684544
6423586,2,3,3,3,Good,1.729919292,In,14,0.114635312,0.81730501
6423587,2,3,3,3,Good,2.18613105,In,12,0.168026829,0.695609264
6423588,2,3,3,3,Good,1.246251101,In,17,0.034715525,0.953315903
6423589,3,3,3,3,Good,0.920919289,In,23,0.032594514,0.961689005
6423590,2,3,3,3,Good,1.947790097,In,46,0.092491079,0.832200679
6423591,2,3,3,3,Good,1.240618447,In,14,0.074070304,0.877529483
6423592,2,3,3,3,Good,1.118624228,In,15,0.003971831,0.995233967
6423600,2,3,3,3,Good,1.707500028,In,14,0.107510435,0.854623248
6423601,2,3,3,3,Good,3.035408938,In,12,0.257629711,0.633268457
6423602,2,3,3,3,Good,1.606300337,In,46,0.087203657,0.87319408
6423603,2,3,3,3,Good,1.220001395,In,17,0.054276241,0.918481892
6423604,2,3,3,3,Good,1.399238538,In,14,0.063331431,0.889268948
6423605,2,3,3,3,Good,1.553357803,In,18,0.1170236,0.830301024
6423606,3,3,3,3,Good,1.507356295,In,57,0.099337992,0.853703399
6423611,2,3,3,3,Good,1.289708588,In,14,0.037362635,0.936029195
6423614,2,3,3,3,Good,1.620890805,In,26,0.20677251,0.676987675
6423617,2,3,3,3,Good,1.082509146,In,22,0.012550601,0.982442885
6423618,2,3,3,3,Good,1.375438957,In,14,0.040066116,0.927907719
6423619,2,3,3,3,Good,1.367705669,In,17,0.079669008,0.888525718
6423620,2,3,3,3,Good,1.408332651,In,17,0.075936285,0.881204977
6423632,2,3,3,3,Good,1.412137318,In,18,0.09078718,0.895416201
6423634,2,3,3,3,Good,1.252273922,In,15,0.091155937,0.877314626
6423635,2,3,3,3,Good,2.008151618,In,59,0.159167722,0.710405045
6423636,2,3,3,3,Good,1.185831929,In,15,0.072816397,0.912437845
6423637,2,3,3,3,Good,1.157523924,In,18,0.068328647,0.905918301
6423638,2,3,3,3,Good,1.131251711,In,18,0.058084058,0.924172301
6423646,2,3,3,3,Good,1.083927252,In,22,0.042840342,0.942006632
6423647,2,3,3,3,Good,1.294282478,In,17,0.003293236,0.995810841
6423648,2,3,3,3,Good,1.303107113,In,17,0.073450197,0.893367968
6423649,3,3,3,3,Good,1.483784155,In,57,0.096135968,0.855000673
6423654,2,3,3,3,Good,1.589933816,In,33,0.11507822,0.816125147
6423656,2,3,3,3,Good,1.552299974,In,18,0.112759256,0.842693227
6423661,3,3,3,3,Good,1.499286457,In,57,0.119238821,0.816981198
6423664,2,3,3,3,Good,1.283328572,In,17,0.044225093,0.930479136
6423665,2,3,3,3,Good,1.849869176,In,59,0.105629315,0.801212088
6423666,2,3,3,3,Good,1.973666999,In,59,0.127009447,0.765133785
6423668,2,3,3,3,Good,1.710293654,In,11,0.135125803,0.760725611
6423669,3,3,3,3,Good,1.35599351,In,4,0.09843321,0.892664304
6423670,3,3,3,3,Good,1.377278898,In,24,0.099469275,0.900986552
6423679,2,3,3,3,Good,1.093402978,In,22,0.041668473,0.957008851
6423681,2,3,3,3,Good,1.008412446,In,24,0.057007714,0.934238456
6423682,2,3,3,3,Good,1.165766184,In,15,0.070724086,0.907869093
6423683,2,3,3,3,Good,1.17113725,In,15,0.039207133,0.946511015
6423684,2,3,3,3,Good,1.170129781,In,18,0.071255658,0.901258876
6423693,2,3,3,3,Good,1.116512052,In,18,0.048383362,0.941858785
6423694,2,3,3,3,Good,1.028593471,In,24,0.027919018,0.962847318
6423695,2,3,3,3,Good,1.142374392,In,18,0.057213896,0.922276454
6423696,2,3,3,3,Good,1.517147144,In,18,0.122986783,0.822112702
6423697,2,3,3,3,Good,1.489152716,In,18,0.117778298,0.837124765
6423698,2,3,3,3,Good,2.018736086,In,12,0.253135874,0.501740449
6423703,2,3,3,3,Good,1.840844757,In,69,0.152540746,0.815228148
6423707,2,3,3,3,Good,1.925883715,In,33,0.084893007,0.883651677
6423708,2,3,3,3,Good,1.62603276,In,17,0.106993716,0.871311096
6423709,2,3,3,3,Good,1.534889663,In,18,0.10868392,0.864912935
6423710,2,3,3,3,Good,2.536991897,In,12,0.154135324,0.742865842
6423711,2,3,3,3,Good,1.647058914,In,61,0.100168056,0.855023994
6423712,2,3,3,3,Good,1.712024117,In,61,0.143427138,0.81152171
6423717,2,3,3,3,Good,1.33379941,In,17,0.034932445,0.947074225
6423718,2,3,3,3,Good,2.050022225,In,61,0.101121219,0.881552557
6423720,2,3,3,3,Good,1.420659463,In,15,0.088629324,0.906469224
6423726,2,3,3,3,Good,2.698426833,In,12,0.219884823,0.668910341
6423729,2,3,3,3,Good,1.358545112,In,11,0.090403047,0.86636947
6423730,3,3,3,3,Good,3.019850145,In,12,0.257824312,0.619069349
6423731,3,3,3,3,Good,1.148187509,In,11,0.10089275,0.871161067
6423732,3,3,3,3,Good,1.08478712,In,24,0.113294245,0.886163489
6423733,3,3,3,3,Good,1.075731015,In,16,0.131301413,0.866412625
6423734,2,3,3,3,Good,0.88824197,In,15,0.144755785,0.83883938
6423735,2,3,3,3,Good,0.894747211,In,15,0.157155666,0.823806415
6423740,2,3,3,3,Good,0.893246832,In,15,0.145892748,0.834189198
6423743,2,3,3,3,Good,0.827499268,In,42,0.199804157,0.784692522
6423746,2,3,3,3,Good,0.845566061,In,15,0.176810047,0.806150805
6423748,2,3,3,3,Good,1.865140077,In,13,0.218562153,0.324947263
6423754,2,3,3,3,Good,2.435640685,In,59,0.197030989,0.675558662
6423755,2,3,3,3,Good,3.343362235,In,55,0.304242434,0.55218121
6423756,2,3,3,3,Good,1.545116364,In,46,0.084403249,0.877515619
6423757,3,3,3,3,Good,1.410020074,In,22,0.100105199,0.904244058
6423773,2,3,3,3,Good,1.435864756,In,15,0.112050032,0.853140589
6423774,3,3,3,3,Good,0.919822944,In,30,0.034269839,0.967570773
6423775,2,3,3,3,Good,1.541105352,In,18,0.109631538,0.855530756
6423776,2,3,3,3,Good,2.157478601,In,79,0.143273332,0.816741053
6423777,3,3,3,3,Good,1.370096493,In,22,0.087548196,0.918186006
6423778,3,3,3,3,Good,1.298299088,In,24,0.116802109,0.850210552
6423779,3,3,3,3,Good,1.283781945,In,16,0.092324012,0.887270622
6423780,3,3,3,3,Good,1.265528279,In,16,0.09098688,0.899323163
6423785,2,3,3,3,Good,1.299804485,In,17,0.033471492,0.950826254
6423788,2,3,3,3,Good,1.212210879,In,18,0.070499661,0.912650165
6423789,2,3,3,3,Good,1.207919475,In,14,0.093227373,0.855561242
6423792,2,3,3,3,Good,1.171867914,In,18,0.05080182,0.938983645
6423800,2,3,3,3,Good,1.248234685,In,14,0.065393282,0.89635192
6423801,2,3,3,3,Good,1.52052308,In,18,0.108942166,0.858139201
6423802,2,3,3,3,Good,2.817814778,In,79,0.121985037,0.869737163
6423803,2,3,3,3,Good,1.607840212,In,26,0.204665025,0.696296643
6423804,2,3,3,3,Good,1.737512131,In,13,0.144949155,0.549864617
6423805,3,3,3,3,Good,1.365063123,In,22,0.090010301,0.894582165
6423806,2,3,3,3,Good,1.121328647,In,18,0.009621547,0.986155377
6423807,3,3,3,3,Good,0.919444408,In,30,0.064184154,0.933508543
6423813,2,3,3,3,Good,1.115340844,In,18,0.019764286,0.97977377
6423815,2,3,3,3,Good,1.021878134,In,24,0.010164537,0.986377629
6423817,2,3,3,3,Good,1.290364773,In,17,0.067796282,0.897669445
6423818,2,3,3,3,Good,1.175118364,In,18,0.030761168,0.957729084
6423819,2,3,3,3,Good,1.147230362,In,18,0.013454859,0.980406522
6423820,2,3,3,3,Good,1.313943759,In,17,0.092760149,0.864784759
6423821,2,3,3,3,Good,1.065223466,In,22,0.007115297,0.990620881
6423828,3,3,3,3,Good,1.382406055,In,22,0.092019597,0.886105718
6423829,3,3,3,3,Good,1.248368257,In,40,0.090072543,0.896665823
6423830,2,3,3,3,Good,1.607378196,In,14,0.192589316,0.636400264
6423831,3,3,3,3,Good,1.232206306,In,30,0.089074604,0.90356128
6423832,2,3,3,3,Good,1.436936334,In,14,0.104530356,0.822341781
6423833,2,3,3,3,Good,1.05104635,In,22,0.021728073,0.978871854
6423834,2,3,3,3,Good,1.590971649,In,8,0.140175277,0.731033847
6423835,2,3,3,3,Good,1.322623003,In,17,0.018516558,0.96965901
6423840,2,3,3,3,Good,1.219170488,In,17,0.053612537,0.920322202
6423843,2,3,3,3,Good,1.462777112,In,14,0.081357413,0.862733973
6423844,2,3,3,3,Good,1.260598363,In,17,0.040728229,0.938209172
6423845,2,3,3,3,Good,2.451342108,In,79,0.106451473,0.874634047
6423846,2,3,3,3,Good,2.147829235,In,10,0.190072349,0.7427724
6423847,2,3,3,3,Good,2.830137446,In,79,0.094096402,0.901085854
6423848,3,3,3,3,Good,2.050420252,In,57,0.222262505,0.751909548
6423849,2,3,3,3,Good,2.693996061,In,79,0.086614872,0.909488182
6423853,2,3,3,3,Good,2.049164801,In,10,0.212542067,0.791040604
6423854,2,3,3,3,Good,2.6782391,In,36,0.291003594,0.695186828
6423856,2,3,3,3,Good,3.434413295,In,80,0.321303026,0.689430445
6423857,2,3,3,3,Good,3.465438406,In,80,0.359758735,0.684548222
6423858,2,3,3,3,Good,3.391172328,In,1,0.338732133,0.693571946
6452193,2,3,3,3,Good,3.436117615,In,80,0.320027872,0.690374785
6452991,2,3,3,3,Good,3.630109413,In,1,0.379857802,0.665632938
6481347,2,3,3,3,Good,1.884463684,In,42,0.21061024,0.772646431
6481348,2,3,3,3,Good,3.363487269,In,80,0.324900292,0.695376244
6481349,2,3,3,3,Good,3.333598398,In,1,0.36568912,0.698099301
6610700,2,3,3,3,Good,3.564129953,In,80,0.339008812,0.702013119
6612430,2,3,3,3,Good,1.728994733,In,15,0.243775329,0.717293191
8868302,2,3,1,3,Good,3.598153849,Outside AD,91,0.403568271,0.677677324
9809359,2,3,3,3,Good,1.92827852,In,13,0.006692844,0.96901693
9851621,2,3,3,3,Good,3.512535262,In,80,0.316822832,0.677904408
9871871,2,3,3,3,Good,3.539243633,In,80,0.298649756,0.702524831
9872605,2,3,3,3,Good,3.557092777,In,80,0.302238473,0.695517115
9872651,2,3,3,3,Good,3.252081715,In,34,0.16770467,0.881958691
9873218,2,3,3,3,Good,2.724333667,In,49,0.205170801,0.506966074
9894136,3,3,1,3,Good,3.352500791,Outside AD,63,0.308779705,0.654906774
9894922,2,3,3,3,Good,1.869125388,In,49,0.285478496,0.416915961
9895172,3,3,2,3,Good,3.090854071,In,63,0.263767479,0.698535261
9904141,2,3,3,3,Good,2.60629556,In,36,0.270286894,0.646053192
9938599,2,3,3,3,Good,3.420696773,In,79,0.227287531,0.741644482
9940349,2,3,3,3,Good,2.883960447,In,36,0.193664723,0.759693556
9959594,2,3,3,3,Good,2.333579736,In,26,0.099371246,0.857739862
9959875,3,3,1,3,Good,2.471340706,Outside AD,63,0.563314743,0.498840061
9960000,3,3,3,3,Good,2.202331228,In,49,0.303999397,0.563274612
9960568,2,3,3,3,Good,3.13734729,In,47,0.326557878,0.708682443
9960772,3,3,1,3,Good,2.483593554,Outside AD,63,0.337401167,0.630864427
10000686,2,3,2,3,Good,3.33352014,In,70,0.366529306,0.538515453
10000703,2,3,3,3,Good,1.791501274,In,69,0.167017455,0.783395102
10000814,2,3,3,3,Good,3.005104172,In,70,0.230681281,0.62987077
10000986,3,3,3,3,Good,1.898761198,In,12,0.242598129,0.601846371
10002873,2,3,3,3,Good,2.310182568,In,10,0.275334544,0.703424761
10004535,2,3,3,3,Good,2.742356918,In,70,0.208642684,0.639331005
10004823,3,3,1,3,Good,3.414553951,Outside AD,63,0.332177792,0.615790867
10010734,3,3,3,3,Good,2.769930257,In,12,0.19378002,0.68069162
10017330,2,3,3,3,Good,2.637661683,In,80,0.211531712,0.779334663
10017560,2,3,3,3,Good,2.838053557,In,19,0.197927901,0.766030313
10018920,2,3,3,3,Good,2.604829327,In,44,0.207197403,0.144287968
10020127,2,3,3,3,Good,2.54098208,In,3,0.193181105,0.806146542
10020498,2,3,2,3,Good,2.315489649,In,8,0.332396183,0.339743585
10021221,2,3,3,3,Good,2.939489992,In,8,0.507249598,0.265198876
10021329,2,3,3,3,Good,2.311182513,In,13,0.183768728,0.41991695
10022405,2,3,3,3,Good,2.768360455,In,6,0.24679804,0.672655244
10022535,2,3,3,3,Good,2.086917432,In,59,0.249939464,0.654827261
10023643,2,3,3,3,Good,2.579735221,In,36,0.373359936,0.577793463
10025969,2,3,3,3,Good,2.231301208,In,8,0.251463335,0.499826071
10027670,2,3,3,3,Good,3.067375195,In,12,0.294242819,0.54040935
10027822,2,3,3,3,Good,2.854170889,In,78,0.12460651,0.882051697
10028817,2,3,3,3,Good,2.497166791,In,33,0.178801406,0.758242948
10029019,2,3,3,3,Good,2.149640615,In,33,0.072790577,0.897177585
10029233,2,3,3,3,Good,2.277241998,In,8,0.227879457,0.573927871
10030318,2,3,3,3,Good,3.250579822,In,55,0.404283099,0.532110382
10030862,2,3,3,3,Good,1.766031467,In,46,0.151802615,0.775382398
10031460,2,3,3,3,Good,2.68956135,In,49,0.171046112,0.692065569
10033569,2,3,3,3,Good,2.705693674,In,80,0.117339544,0.910403004
10039681,2,3,3,3,Good,3.056108267,In,79,0.152147311,0.839661519
10041733,2,3,3,3,Good,1.340510831,In,22,0.18741492,0.805619901
10041984,2,3,3,3,Good,2.676633228,In,79,0.062075995,0.930403085
10042859,3,3,2,3,Good,2.645844995,In,51,0.281317035,0.734371412
10043096,2,3,3,3,Good,1.979596866,In,49,0.228822127,0.500036742
10043107,2,3,3,3,Good,2.427745228,In,1,0.096220067,0.894286644
10043572,2,3,3,3,Good,1.569640231,In,10,0.224815555,0.775589648
10043580,2,3,3,3,Good,1.867034159,In,8,0.166166593,0.662559561
10044669,2,3,3,3,Good,1.941974564,In,31,0.230155967,0.729789664
10045131,3,3,3,3,Good,1.805270854,In,57,0.036029147,0.944804339
10045890,2,3,3,3,Good,2.733439773,In,8,0.299661612,0.366021519
10046628,3,3,2,3,Good,2.665416516,In,51,0.260455556,0.76420723
10046821,2,3,3,3,Good,2.32266216,In,59,0.157316499,0.759363928
10047223,2,3,3,3,Good,1.284305539,In,14,0.068935875,0.883563669
10048103,2,3,3,3,Good,2.605250311,In,56,0.219185153,0.867682151
10048547,2,3,3,3,Good,2.991198056,In,19,0.300195336,0.676244888
10049170,3,3,2,3,Good,2.300107979,In,63,0.274650435,0.720602809
10050223,2,3,3,3,Good,1.293004743,In,24,0.188522902,0.800838295
10050891,2,3,1,3,Good,3.394299262,Outside AD,63,0.312000257,0.610646303
10051686,2,3,3,3,Good,3.166386162,In,55,0.264685148,0.651148267
10051898,2,3,3,3,Good,2.732706033,In,55,0.170746437,0.782777374
10054148,3,3,3,3,Good,2.711438981,In,51,0.213602369,0.806154146
10055267,2,3,3,3,Good,3.347879389,In,19,0.329471695,0.65322124
10056995,3,3,3,3,Good,3.386429165,In,70,0.248861927,0.640553363
10060853,2,3,3,3,Good,2.631468433,In,19,0.341074908,0.709019032
10064085,2,3,3,3,Good,2.487460231,In,36,0.223967047,0.699424464
10066200,2,3,3,3,Good,3.410872691,In,37,0.382283028,0.516808863
10067986,2,3,3,3,Good,1.525119295,In,11,0.09763415,0.837144408
10068691,2,3,1,3,Good,2.951466787,Outside AD,91,0.281798201,0.717516002
10069211,2,3,2,3,Good,2.824537476,In,51,0.359733335,0.602114187
10069388,3,3,3,3,Good,2.748080865,In,79,0.104522982,0.880464138
10071226,3,3,2,3,Good,2.742228255,In,47,0.391162501,0.680757225
10071581,3,3,1,3,Good,2.09815035,Outside AD,51,0.40157023,0.690779309
10072214,2,3,3,3,Good,2.034496618,In,8,0.169515353,0.628006117
10072718,2,3,3,3,Good,1.672326289,In,17,0.14092925,0.778359844
10074132,2,3,3,3,Good,2.277707953,In,13,0.214309324,0.302482539
10074374,2,3,3,3,Good,2.00951016,In,3,0.145925836,0.860248606
10075407,3,3,3,3,Good,2.88138625,In,70,0.314130697,0.595442729
10075791,2,3,3,3,Good,2.161357387,In,3,0.243317329,0.746710232
10075832,2,3,3,3,Good,2.005096709,In,1,0.125920941,0.8589874
10077528,2,3,1,3,Good,2.907570343,Outside AD,12,0.533013972,0.148600217
10088356,2,3,3,3,Good,2.802060534,In,79,0.091666543,0.87547591
10089765,2,3,3,3,Good,3.115942047,In,70,0.189634124,0.728760287
10090426,2,3,3,3,Good,1.911091856,In,36,0.379137184,0.517141163
10090750,2,3,1,3,Good,3.255238779,Outside AD,91,0.430009813,0.600713982
10091963,2,3,1,3,Good,3.601437286,Outside AD,63,0.483096597,0.62135091
10092333,3,3,3,3,Good,2.280194899,In,3,0.163316099,0.813445434
10092969,2,3,3,3,Good,1.896792764,In,61,0.076312708,0.905989911
10093851,2,3,3,3,Good,2.437433953,In,8,0.237842322,0.513679826
10094049,2,3,3,3,Good,1.851195676,In,8,0.094175965,0.784910687
10094984,2,3,3,3,Good,1.991405627,In,19,0.132735949,0.867257647
10097909,3,3,2,3,Good,2.574983496,In,63,0.244055199,0.71314829
10098327,2,3,3,3,Good,1.806624684,In,13,0.148968584,0.599206998
10098795,2,3,3,3,Good,1.916217389,In,36,0.26495938,0.641698232
10099019,2,3,3,3,Good,3.123337564,In,49,0.251295401,0.524837925
10099514,2,3,3,3,Good,2.197871485,In,36,0.24364884,0.648086862
10100891,2,3,3,3,Good,2.704545423,In,36,0.248922175,0.72668829
10108393,3,3,1,3,Good,3.63775064,Outside AD,63,0.339972458,0.654095385
10109048,2,3,3,3,Good,1.417707205,In,17,0.083220775,0.882326172
10109556,3,3,3,3,Good,2.609731251,In,51,0.190843417,0.825413408
10109587,3,3,3,3,Good,2.438951995,In,80,0.289318439,0.692723573
10109825,2,3,3,3,Good,2.587337209,In,79,0.027188973,0.963022665
10110588,2,3,3,3,Good,3.386197625,In,55,0.283361462,0.633610649
10113159,3,3,3,3,Good,2.664979008,In,72,0.12442903,0.933996235
10114360,3,3,3,3,Good,2.478966756,In,72,0.115569688,0.90872342
10114394,3,3,3,3,Good,2.623045493,In,34,0.138441133,0.895841492
10116208,3,3,3,3,Good,2.18672118,In,3,0.187519519,0.8042268
10116209,3,3,3,3,Good,3.053147558,In,51,0.301325943,0.702657011
10116836,2,3,3,3,Good,2.862708082,In,51,0.332239768,0.669683434
10117583,3,3,3,3,Good,1.992126042,In,12,0.157053734,0.754138342
10118533,3,3,3,3,Good,1.877291579,In,46,0.09730415,0.886854541
10120390,2,3,3,3,Good,2.692727672,In,44,0.322052831,-0.081206011
10122509,2,3,3,3,Good,2.257942122,In,8,0.290872964,0.366725626
10122651,3,3,1,3,Good,3.588288891,Outside AD,63,0.342280946,0.581238851
10122902,3,3,2,3,Good,2.714206621,In,63,0.140632962,0.868662358
10123476,3,2,1,3,Good,4.319430414,Outside AD,63,0.320323739,0.710365552
10127387,2,3,3,3,Good,3.264381974,In,70,0.171056073,0.782506994
10129209,2,3,3,3,Good,3.006660885,In,70,0.174273916,0.730730088
10131842,2,3,2,3,Good,2.270881004,In,44,0.266849756,-0.430591821
10132113,3,3,1,3,Good,2.493771398,Outside AD,63,0.439746468,0.503974712
10132157,3,3,3,3,Good,2.907161722,In,47,0.093198364,0.932627897
10132245,2,3,2,3,Good,3.133179123,In,91,0.34299352,0.700230927
10133725,2,3,3,3,Good,3.319311947,In,55,0.261714362,0.645663209
10133743,3,3,3,3,Good,2.487809113,In,51,0.175337653,0.864795195
10133931,2,3,3,3,Good,2.875570969,In,70,0.232572602,0.553326137
10134242,2,3,3,3,Good,2.966149476,In,19,0.334779935,0.677127079
10135193,2,3,2,3,Good,2.538824997,In,91,0.316870564,0.743499038
10136464,2,3,3,3,Good,2.40663998,In,36,0.228949212,0.719074661
10136563,2,3,2,3,Good,2.432791382,In,44,0.390301076,-0.114537374
10136970,2,3,3,3,Good,2.82547276,In,44,0.268212608,0.159305545
10137056,2,3,3,3,Good,2.994368607,In,1,0.238699272,0.779748457
10137508,3,3,3,3,Good,3.213130813,In,47,0.263001298,0.842943523
10138342,2,3,3,3,Good,2.184444958,In,70,0.215015377,0.725009522
10138381,2,3,3,3,Good,1.909084508,In,36,0.262721574,0.652522861
10139528,2,3,3,3,Good,1.417975181,In,17,0.093516877,0.88415609
10139687,2,3,3,3,Good,1.807133436,In,36,0.266612298,0.643713171
10140398,2,3,3,3,Good,3.585524846,In,36,0.393470642,0.61786144
10140399,2,3,3,3,Good,2.349747636,In,13,0.218337351,0.363415371
10140561,3,3,3,3,Good,2.380379485,In,72,0.133608604,0.907015097
10141259,2,3,2,3,Good,2.9548137,In,91,0.366193258,0.698213945
10142259,2,3,3,3,Good,2.732729336,In,79,0.095356364,0.885831004
10142746,3,3,2,3,Good,2.436538313,In,91,0.34022531,0.693344223
10143481,3,3,1,3,Good,2.555474422,Outside AD,51,0.433389486,0.617145613
10145340,3,3,3,3,Good,2.245173397,In,56,0.213727708,0.8619434
10146511,3,2,1,3,Good,3.96681096,Outside AD,70,0.373071907,0.466551521
10146784,2,3,3,3,Good,2.819129276,In,79,0.148107526,0.835734155
10150027,2,3,3,3,Good,3.294773234,In,56,0.204562265,0.834803852
10150215,3,3,1,3,Good,3.140671856,Outside AD,63,0.248627603,0.687010351
10151466,2,3,3,3,Good,1.96031339,In,8,0.184471436,0.568792075
10151872,3,3,1,3,Good,3.600575107,Outside AD,63,0.388880522,0.598970712
10152326,3,3,2,3,Good,3.19567825,In,63,0.327957253,0.679235103
10152384,2,3,3,3,Good,1.738927311,In,13,0.15897246,0.537340807
10152385,3,2,1,3,Good,4.00235031,Outside AD,70,0.317062598,0.496653758
10155765,3,3,3,3,Good,3.066306434,In,49,0.205295716,0.548099513
10156417,2,3,3,3,Good,2.106291813,In,8,0.265758898,0.385507043
10156418,2,3,3,3,Good,2.305889537,In,44,0.290194698,-0.033722476
10157727,2,3,3,3,Good,2.292170294,In,44,0.305111585,-0.032409865
10159439,3,3,3,3,Good,2.317995428,In,57,0.174728707,0.756799965
10159730,3,3,1,3,Good,3.554141733,Outside AD,63,0.231215248,0.726951686
10161717,2,3,1,3,Good,3.296745038,Outside AD,63,0.274790684,0.701202292
10162746,2,3,1,3,Good,3.074758231,Outside AD,63,0.466731966,0.634977345
10163991,2,3,3,3,Good,3.220096121,In,70,0.232936628,0.60440797
10164339,3,3,3,3,Good,2.334938882,In,72,0.157046792,0.887139603
10164599,2,3,3,3,Good,2.152531024,In,3,0.256221544,0.753867282
10165608,2,3,3,3,Good,2.481923627,In,36,0.108316218,0.817365137
10166052,2,3,3,3,Good,1.331099861,In,17,0.044041841,0.930978601
10168443,3,3,1,3,Good,2.25692474,Outside AD,51,0.31719097,0.738141478
10168522,2,3,3,3,Good,2.439130767,In,12,0.250598723,0.67208004
10171889,3,3,3,3,Good,2.969248043,In,51,0.278464461,0.781670833
10177229,2,3,3,3,Good,2.96367847,In,55,0.204745266,0.733750157
10178878,3,3,3,3,Good,2.974082794,In,80,0.222358551,0.774443438
10179433,2,3,3,3,Good,2.192718455,In,3,0.105709748,0.882514789
10179885,2,3,3,3,Good,2.095734827,In,8,0.255029368,0.466949283
10181414,2,3,3,3,Good,3.482039733,In,87,0.294641893,0.648316238
10181953,2,3,3,3,Good,3.253737097,In,80,0.262786075,0.733654946
10182422,2,3,3,3,Good,2.361349,In,3,0.148751057,0.814304579
10183018,2,3,1,3,Good,2.956749025,Outside AD,63,0.335094788,0.67957379
10183968,2,3,3,3,Good,2.660667323,In,80,0.213172656,0.768256451
10184297,3,3,3,3,Good,3.286119287,In,47,0.314030442,0.760322132
10184881,2,3,3,3,Good,3.25213046,In,70,0.294686538,0.51127694
10185281,3,3,1,3,Good,2.383120794,Outside AD,91,0.493525491,0.544693555
10185899,3,3,1,3,Good,3.126328465,Outside AD,91,0.388971846,0.634137534
10187406,2,3,1,3,Good,2.739145488,Outside AD,91,0.196077534,0.86336859
10187438,3,3,2,3,Good,3.284492284,In,63,0.268278657,0.723826643
10187454,2,3,3,3,Good,2.147587438,In,3,0.187146798,0.806777435
10187640,3,3,1,3,Good,2.575306392,Outside AD,63,0.356463986,0.680790106
10187756,3,3,3,3,Good,2.761936774,In,72,0.30426911,0.810794778
10187934,2,3,3,3,Good,2.998571563,In,34,0.196302628,0.841171408
10188456,3,3,3,3,Good,3.224912442,In,80,0.32546988,0.678950053
10188532,2,3,3,3,Good,2.323037309,In,19,0.210237571,0.752168055
10188533,2,3,3,3,Good,2.853345155,In,70,0.214626175,0.616687501
10190305,2,3,3,3,Good,3.314339901,In,70,0.212372182,0.543788219
10193588,2,3,2,3,Good,3.287687617,In,1,0.297859451,0.75605696
10193892,2,3,2,3,Good,2.96282694,In,44,0.378306892,-0.258171263
10193913,3,3,1,3,Good,3.477875796,Outside AD,63,0.219432731,0.753862224
10194975,2,3,3,3,Good,2.537980208,In,8,0.228644491,0.57248456
10195609,2,3,1,3,Good,2.284091693,Outside AD,12,0.552312133,0.298757788
10196037,2,3,3,3,Good,1.671151001,In,8,0.043570668,0.906287191
10196461,3,3,3,3,Good,1.90912535,In,33,0.147426618,0.814702109
10196685,2,3,3,3,Good,1.397200791,In,18,0.174987951,0.752086022
10201084,2,3,3,3,Good,3.063276005,In,79,0.200921055,0.759554759
10201405,2,3,3,3,Good,2.982358197,In,80,0.216918709,0.794722889
10202130,3,3,3,3,Good,2.40548474,In,12,0.153438978,0.719728048
10202218,2,3,2,3,Good,3.226996249,In,70,0.443021665,0.226333801
10202457,2,3,3,3,Good,1.690769064,In,8,0.135683824,0.724036188
10204703,3,3,3,3,Good,2.271436321,In,72,0.18332494,0.86276193
10204727,3,3,3,3,Good,2.604813006,In,34,0.136125511,0.902130062
10205566,3,3,3,3,Good,2.448920459,In,80,0.296338074,0.683652135
10206072,2,3,3,3,Good,2.5346765,In,12,0.295715639,0.528774042
10206195,2,3,3,3,Good,2.914862932,In,80,0.218902076,0.788978492
10206430,2,3,3,3,Good,3.514144376,In,80,0.315071649,0.696816367
10206892,2,3,3,3,Good,3.466795978,In,80,0.258139456,0.733545868
10208575,2,3,3,3,Good,2.131510959,In,44,0.240683141,-0.153064882
10208859,2,3,3,3,Good,2.097781137,In,8,0.258052261,0.408538008
10210006,3,3,1,3,Good,3.08968485,Outside AD,63,0.1351892,0.847860852
10210298,3,3,1,3,Good,3.098380436,Outside AD,63,0.106260021,0.902320469
10212091,2,3,3,3,Good,2.865674064,In,49,0.286508982,0.461281524
10217132,2,3,3,3,Good,2.302984145,In,8,0.334900127,0.506645918
10217228,2,3,3,3,Good,2.199578871,In,36,0.177937332,0.761365839
10217438,2,3,3,3,Good,2.199578871,In,36,0.177937332,0.761365839
10218204,2,3,2,3,Good,2.584337438,In,91,0.363493943,0.691551865
10219092,2,3,2,3,Good,2.607324677,In,91,0.420109711,0.626418065
10221172,3,3,2,3,Good,2.662855249,In,51,0.259047915,0.775010382
10222277,3,3,3,3,Good,2.361520769,In,78,0.116720734,0.888106871
10224086,2,3,3,3,Good,1.313165251,In,17,0.034462807,0.945105612
10224087,3,3,3,3,Good,2.31218656,In,12,0.231020751,0.740264209
10225504,2,3,3,3,Good,2.981818741,In,37,0.31895139,0.673513215
10226639,3,3,3,3,Good,3.261079167,In,70,0.2538424,0.676530594
10227220,2,3,2,3,Good,2.564737259,In,91,0.314916105,0.749672535
10227535,3,2,3,3,Good,3.742270623,In,49,0.358467825,0.579830088
10227783,2,3,3,3,Good,2.228911277,In,36,0.181226475,0.712277101
10227951,3,3,3,3,Good,2.537984585,In,34,0.290528206,0.747068536
10228420,2,3,3,3,Good,2.484315706,In,36,0.259247512,0.657505244
10229054,2,3,3,3,Good,3.020552234,In,1,0.409232495,0.617788492
10231981,3,3,3,3,Good,2.48576047,In,3,0.287767479,0.677181144
10233227,3,3,3,3,Good,1.846107672,In,10,0.329085552,0.661607066
10237068,2,3,3,3,Good,2.363522901,In,6,0.068650416,0.90652946
10239083,2,3,3,3,Good,1.710023615,In,13,0.174649526,0.508021733
10244874,2,3,3,3,Good,3.087244036,In,36,0.286777186,0.643550519
10246893,2,3,3,3,Good,2.324013707,In,8,0.212192416,0.481739994
10247413,2,3,3,3,Good,2.107438909,In,8,0.266835757,0.382402857
10248197,2,3,3,3,Good,2.127912966,In,33,0.160183432,0.777573
10251988,3,2,1,3,Good,3.912213743,Outside AD,63,0.530741426,0.629188413
10254458,3,3,1,3,Good,3.03645661,Outside AD,63,0.135593184,0.860667673
10254569,2,3,3,3,Good,2.786920084,In,63,0.247456274,0.714442793
10258794,2,3,3,3,Good,2.218208134,In,26,0.135226904,0.799446216
10258810,2,3,3,3,Good,2.842372123,In,6,0.262313083,0.609064061
10263164,2,3,3,3,Good,3.375603807,In,79,0.22865735,0.722505769
10266709,2,3,3,3,Good,2.567769416,In,36,0.243418648,0.708819383
10269651,3,3,3,3,Good,2.786146204,In,51,0.249998581,0.770491593
10269956,3,2,3,3,Good,3.96298253,In,87,0.357353506,0.574017895
10274131,2,3,3,3,Good,2.542798119,In,78,0.160704933,0.81174539
10275072,2,3,3,3,Good,1.609271065,In,14,0.152175419,0.735387631
10275258,2,3,3,3,Good,2.086084651,In,8,0.319492314,0.600998987
10275387,2,3,3,3,Good,3.39739338,In,72,0.252794361,0.775408831
10277395,2,3,3,3,Good,2.46577242,In,70,0.212833617,0.593534075
10279644,3,3,3,3,Good,2.394385938,In,79,0.155974736,0.801658121
10280067,2,3,3,3,Good,2.219499341,In,59,0.073326225,0.85800378
10280115,3,3,1,3,Good,2.225017987,Outside AD,51,0.398316861,0.698339821
10280546,2,3,3,3,Good,2.415732716,In,8,0.211082685,0.672060216
10282004,2,3,2,3,Good,2.252500123,In,8,0.372984874,0.313132208
10286784,3,3,3,3,Good,2.301590291,In,51,0.194953807,0.757719183
10286785,2,3,2,3,Good,3.570963361,In,91,0.396449305,0.655299272
10288570,2,3,1,3,Good,2.993309586,Outside AD,44,0.316108833,-1.780195749
10289359,2,3,3,3,Good,1.567974029,In,10,0.2606421,0.694838835
10292443,2,3,2,3,Good,2.60093076,In,51,0.437039332,0.579459416
10292564,3,2,3,3,Good,4.004202381,In,47,0.389392681,0.671196447
10292860,2,3,3,3,Good,2.232445875,In,37,0.166578,0.818736135
10292861,2,3,3,3,Good,2.999009474,In,80,0.224944524,0.782569739
10295818,2,3,3,3,Good,2.877077569,In,37,0.314783807,0.680774199
10295819,2,3,3,3,Good,2.424959408,In,12,0.268824956,0.552749838
10296275,2,3,3,3,Good,2.321065344,In,13,0.211370672,0.214510971
10297198,2,3,3,3,Good,1.506731926,In,28,0.100686447,0.910207036
10297273,2,3,1,3,Good,2.832769313,Outside AD,63,0.536616199,0.566446589
10297665,2,3,3,3,Good,2.971056366,In,8,0.371727514,0.389404485
10297902,3,3,2,3,Good,1.945897899,In,51,0.248894867,0.738167684
10298511,2,3,3,3,Good,1.570798673,In,46,0.078276288,0.905759762
10299043,2,3,3,3,Good,3.589357128,In,47,0.345745486,0.664363759
10299062,2,3,2,3,Good,2.469748039,In,44,0.324073084,-0.354967511
10299304,3,3,3,3,Good,2.619632773,In,79,0.130071865,0.841999918
10299369,2,3,3,3,Good,2.004487249,In,3,0.168285231,0.828006525
10299615,2,3,1,3,Good,2.519086863,Outside AD,63,0.640109292,0.521120112
10299790,2,3,3,3,Good,2.403152975,In,8,0.221047859,0.531510914
10300855,2,3,3,3,Good,1.91854595,In,8,0.203101981,0.608767274
10303105,2,3,3,3,Good,2.32346711,In,79,0.174846637,0.839925578
10303642,2,3,3,3,Good,2.265971718,In,33,0.145439265,0.79302785
10303681,2,3,3,3,Good,2.998057234,In,55,0.235226684,0.698492765
10303709,2,3,2,3,Good,2.681951248,In,49,0.480558352,0.341224446
10305411,2,3,3,3,Good,2.6943895,In,70,0.20080784,0.612337067
10308660,2,3,3,3,Good,2.023597312,In,8,0.209731089,0.51666108
10308857,2,3,3,3,Good,2.730437363,In,49,0.235862071,0.515952747
10309690,2,3,3,3,Good,3.130357504,In,49,0.268183713,0.502333187
10311016,2,3,2,3,Good,2.994092616,In,44,0.354306068,-0.309823651
10311460,2,3,3,3,Good,3.314555715,In,79,0.264582315,0.672194526
10311938,2,3,3,3,Good,3.297149553,In,87,0.318846444,0.63416365
10314051,2,3,3,3,Good,2.537536658,In,31,0.241421166,0.671562723
10314415,2,3,3,3,Good,2.668135735,In,1,0.181786554,0.78619358
10316940,2,3,3,3,Good,3.138752212,In,72,0.184365214,0.825666037
10317484,2,3,3,3,Good,2.90534062,In,79,0.172889338,0.795960349
10317864,2,3,3,3,Good,2.081897773,In,51,0.288036789,0.702178492
10319685,2,3,3,3,Good,2.181062039,In,3,0.243730544,0.745812173
10319806,3,3,1,3,Good,3.420937053,Outside AD,63,0.465796276,0.509954799
10320419,2,3,3,3,Good,2.878443343,In,36,0.390147661,0.594903822
10321076,2,3,3,3,Good,1.495249358,In,11,0.245525827,0.571718875
10321081,2,3,3,3,Good,1.692433008,In,31,0.158657106,0.78858764
10322905,2,3,3,3,Good,2.373561169,In,78,0.168104307,0.807472986
10324137,2,3,3,3,Good,2.749927926,In,70,0.217763493,0.576412328
10324271,2,3,3,3,Good,3.393663077,In,87,0.380474928,0.56563804
10327530,2,3,3,3,Good,1.721458229,In,46,0.164041294,0.755037265
10334090,2,3,2,3,Good,3.564021445,In,58,0.455288584,0.689805999
10335783,2,3,3,3,Good,3.170637344,In,70,0.268725017,0.578959651
10337543,2,3,3,3,Good,2.686896081,In,12,0.196370788,0.647314393
10338440,2,3,3,3,Good,2.695569483,In,79,0.098224207,0.878422071
10341055,2,3,3,3,Good,2.731666653,In,56,0.17109084,0.85887715
10342085,2,3,3,3,Good,3.380783933,In,56,0.300661524,0.78330146
10342442,2,3,3,3,Good,2.030350874,In,51,0.287180276,0.784872076
10344432,2,3,3,3,Good,2.926955324,In,80,0.189327349,0.828303331
10347102,2,3,3,3,Good,2.147428524,In,13,0.230998207,0.229439165
10347257,3,3,1,3,Good,2.76462777,Outside AD,63,0.347196897,0.566575202
10347479,2,3,3,3,Good,3.006697111,In,36,0.314021237,0.490314032
10349393,2,3,3,3,Good,2.862089439,In,37,0.261830497,0.739230366
10351066,2,3,3,3,Good,2.979406118,In,78,0.198582423,0.78101933
10355231,2,3,3,3,Good,3.351942893,In,6,0.342441401,0.465743117
10355232,3,3,3,3,Good,2.497035228,In,79,0.135232027,0.839427756
10357078,2,3,3,3,Good,3.003878847,In,12,0.262090634,0.57972103
10360194,2,3,2,3,Good,2.687817799,In,51,0.436282805,0.56497355
10361732,2,3,3,3,Good,3.123302146,In,79,0.161298605,0.80710863
10361788,2,3,1,3,Good,2.987321895,Outside AD,63,0.421769303,0.625235079
10363048,2,3,3,3,Good,2.639776949,In,79,0.039342748,0.951635655
10364034,2,3,3,3,Good,1.976510368,In,33,0.078452842,0.882178378
10365247,2,3,3,3,Good,2.317220315,In,13,0.213474285,0.354207153
10365829,2,3,3,3,Good,2.764699034,In,36,0.440695264,0.464137863
10368697,3,3,1,3,Good,2.236515942,Outside AD,51,0.399735655,0.691109109
10368732,2,3,3,3,Good,2.986165096,In,79,0.227512738,0.789572157
10368944,2,3,3,3,Good,2.157605438,In,8,0.121642559,0.72489106
10372522,2,3,3,3,Good,2.694880696,In,70,0.206275732,0.6003276
10379298,2,3,3,3,Good,1.858215005,In,8,0.170698677,0.666714077
10382395,2,3,3,3,Good,2.495876387,In,8,0.2180244,0.615582263
10387525,2,3,3,3,Good,3.042439484,In,72,0.090113388,0.940222709
10387801,2,3,3,3,Good,2.064078391,In,8,0.168398756,0.620662242
10390455,2,3,3,3,Good,2.414959173,In,44,0.306864836,-0.048346356
10390647,3,3,3,3,Good,3.167728403,In,49,0.263660329,0.598017327
10400456,2,3,3,3,Good,2.313769729,In,91,0.41847276,0.623377066
10402511,2,3,3,3,Good,2.716532051,In,80,0.054159002,0.965494016
10404212,3,3,1,3,Good,3.230604447,Outside AD,63,0.208609699,0.841905295
10405091,2,3,3,3,Good,2.817418506,In,12,0.206214095,0.652803964
10406333,3,3,3,3,Good,1.866629708,In,46,0.077355867,0.891928298
10406522,2,3,3,3,Good,1.658702337,In,31,0.190497086,0.701270629
10408428,2,3,3,3,Good,1.649375183,In,31,0.177905589,0.762684828
10408433,2,3,3,3,Good,2.526234564,In,70,0.311195594,0.514389946
10409277,2,3,1,3,Good,3.133323275,Outside AD,44,0.457055399,-0.473841589
10410833,3,3,3,3,Good,2.103238834,In,3,0.191950204,0.797302012
10412287,2,3,3,3,Good,2.712770156,In,36,0.233170289,0.689714111
10412933,2,3,3,3,Good,3.314422929,In,37,0.369155582,0.516566152
10413582,2,3,3,3,Good,2.350692948,In,6,0.058456704,0.916707752
10414598,2,3,3,3,Good,3.324635689,In,87,0.307670502,0.650032488
10417140,2,3,3,3,Good,2.377729898,In,8,0.181341529,0.638958359
10417929,2,3,3,3,Good,3.602229083,In,36,0.370821513,0.475345471
10422671,2,3,3,3,Good,2.03554845,In,8,0.232364364,0.6079215
10424193,2,3,3,3,Good,2.285958522,In,8,0.300476044,0.408606607
10425668,2,3,3,3,Good,2.468572535,In,59,0.129573259,0.747253003
10431092,2,3,3,3,Good,2.945727593,In,47,0.276153788,0.759156584
10431797,2,3,3,3,Good,3.13912692,In,55,0.244503381,0.686033201
10433453,2,3,1,3,Good,2.61640141,Outside AD,91,0.349543664,0.675083963
10433966,2,3,3,3,Good,2.924263955,In,72,0.206211553,0.838052397
10434382,2,3,3,3,Good,1.935760364,In,69,0.225334861,0.767024713
10435205,3,3,3,3,Good,1.78969249,In,4,0.092017075,0.900764016
10436264,2,3,3,3,Good,2.173819552,In,78,0.137142822,0.865875945
10436465,2,3,3,3,Good,2.292261456,In,78,0.18867249,0.778970969
10436959,2,3,3,3,Good,2.33344439,In,55,0.035341086,0.949163917
10437758,2,3,3,3,Good,2.531252483,In,3,0.319039902,0.688324686
10438956,3,3,3,3,Good,3.473057483,In,63,0.343394013,0.623760892
10439014,2,3,3,3,Good,2.110387809,In,12,0.188162914,0.758260251
10439609,2,3,3,3,Good,2.440923794,In,1,0.227136482,0.828444706
10451809,2,3,1,3,Good,3.121435825,Outside AD,56,0.457184132,0.689663415
10452242,2,3,3,3,Good,3.572034308,In,80,0.325775991,0.682483184
10453872,3,3,2,3,Good,2.606407455,In,51,0.357421758,0.636494895
10456241,2,3,3,3,Good,2.302574484,In,36,0.377209972,0.619409115
10457249,3,3,3,3,Good,1.524872869,In,22,0.124921989,0.860976732
10457518,3,3,2,3,Good,1.962094712,In,51,0.219771196,0.803473298
10458959,2,3,3,3,Good,1.969227259,In,10,0.32419303,0.592844212
10459154,2,3,3,3,Good,2.109587791,In,33,0.041477533,0.929932047
10459202,3,3,2,3,Good,2.108175957,In,51,0.243927548,0.747900949
10459782,2,3,3,3,Good,3.109635805,In,44,0.299582659,0.005828027
10460281,2,3,3,3,Good,1.99790123,In,33,0.077950349,0.892455891
10462492,2,3,3,3,Good,3.523479345,In,19,0.422868081,0.587413266
10462974,2,3,3,3,Good,2.021398882,In,8,0.197344869,0.676748867
10468408,2,3,3,3,Good,3.377533804,In,79,0.295218138,0.69898532
10470177,3,3,3,3,Good,2.233737207,In,51,0.234770408,0.727811783
10470633,2,3,3,3,Good,2.678832241,In,36,0.207314138,0.744951237
10471717,3,2,1,3,Good,3.907087527,Outside AD,63,0.36560928,0.596931896
10472402,2,3,3,3,Good,1.919724311,In,4,0.23179156,0.761718802
10472656,3,3,3,3,Good,2.197909908,In,34,0.294692842,0.738883146
10474528,2,3,3,3,Good,2.520415582,In,8,0.238554922,0.571565276
10474732,2,3,3,3,Good,2.401604313,In,8,0.376943676,0.375825171
10475608,2,3,3,3,Good,2.139798985,In,8,0.283068186,0.395251535
10475730,2,3,2,3,Good,2.479228068,In,44,0.313167191,-0.366801161
10476659,3,3,3,3,Good,2.111629397,In,78,0.233381468,0.754950403
10479379,2,3,3,3,Good,2.092237888,In,33,0.129063943,0.812185214
10479468,3,3,3,3,Good,3.20993431,In,72,0.230683,0.781323113
10479798,3,3,3,3,Good,2.180769957,In,3,0.193018676,0.814095188
10480887,2,3,3,3,Good,2.442637476,In,36,0.394493654,0.529414399
10482019,2,3,3,3,Good,2.802477195,In,3,0.305160796,0.712031736
10482105,2,3,3,3,Good,2.808216611,In,56,0.347003025,0.735401708
10482795,3,3,3,3,Good,1.93891461,In,12,0.0872138,0.857091792
10483750,2,3,1,3,Good,3.356742071,Outside AD,58,0.444850927,0.671614502
10486175,2,3,3,3,Good,2.186497279,In,70,0.209165155,0.638499757
10493374,2,3,3,3,Good,2.790760106,In,6,0.202044337,0.669066111
10494283,2,3,1,3,Good,3.031535443,Outside AD,44,0.539559788,-4.236266691
10495286,2,3,3,3,Good,1.974212504,In,33,0.13387965,0.851561409
10495336,2,3,3,3,Good,2.920035606,In,8,0.333072335,0.360108627
10497291,3,3,3,3,Good,2.272966617,In,10,0.169116699,0.781485616
10498931,2,3,3,3,Good,1.946194501,In,10,0.154816218,0.82419821
10500218,2,3,3,3,Good,3.508095209,In,6,0.389774021,0.429596236
10500662,2,3,3,3,Good,2.099727952,In,33,0.092253316,0.872773474
10500814,3,3,3,3,Good,2.417760823,In,78,0.168889458,0.809865601
10500931,2,3,3,3,Good,3.491800283,In,79,0.287662108,0.66862862
10500979,2,3,1,3,Good,2.780840171,Outside AD,91,0.233168335,0.760905164
10501911,3,3,3,3,Good,3.095015834,In,47,0.347438564,0.768184719
10502591,2,3,3,3,Good,1.972031544,In,8,0.279344528,0.504805422
10502687,2,3,3,3,Good,2.504737765,In,1,0.245934577,0.782920618
10503249,2,3,3,3,Good,2.508863151,In,1,0.218575836,0.840886051
10503306,2,3,3,3,Good,2.744978507,In,79,0.120705557,0.856500407
10503728,2,3,3,3,Good,2.909903996,In,79,0.161961778,0.799876028
10503809,2,3,3,3,Good,3.139326064,In,19,0.400286938,0.547791709
10503987,3,3,3,3,Good,2.104600988,In,28,0.225806428,0.784740854
10504169,2,3,2,3,Good,2.026493522,In,8,0.365016925,0.367026455
10504181,2,3,1,3,Good,3.230605348,Outside AD,44,0.470399827,-0.586175524
10504334,2,3,3,3,Good,2.161095376,In,13,0.221375919,0.33576301
10505297,3,3,3,3,Good,2.588855224,In,72,0.151769297,0.868633264
10505421,2,3,1,3,Good,2.435886977,Outside AD,8,0.555623091,0.075998387
10505902,2,3,3,3,Good,1.69435337,In,8,0.082013574,0.849552656
10506024,2,3,3,3,Good,2.118186969,In,26,0.072717262,0.895903888
10506059,3,3,3,3,Good,2.297869588,In,72,0.181893521,0.841104445
10506432,2,3,3,3,Good,2.8237123,In,59,0.220059543,0.589802659
10506952,2,3,3,3,Good,2.476690328,In,8,0.228306729,0.565370632
10507725,2,3,3,3,Good,2.160754944,In,79,0.102639286,0.893770112
10508818,2,3,3,3,Good,2.851222945,In,55,0.160281191,0.807427581
10509241,3,3,1,3,Good,2.320933661,Outside AD,51,0.424654687,0.63289209
10509312,2,3,3,3,Good,2.005544018,In,8,0.266116141,0.588583789
10509837,2,3,3,3,Good,3.143607416,In,55,0.246722563,0.617498219
10515117,2,3,2,3,Good,2.440605414,In,44,0.28447785,-0.301061247
10516321,2,3,3,3,Good,2.401634597,In,1,0.220623963,0.840112134
10517033,2,3,3,3,Good,2.962648438,In,19,0.342050696,0.715018317
10517738,2,3,3,3,Good,2.382740938,In,3,0.244481089,0.741808684
10518158,2,3,3,3,Good,2.566752572,In,1,0.22984886,0.809402128
10520209,2,3,3,3,Good,2.363995881,In,36,0.44877999,0.428568229
10521093,2,3,3,3,Good,2.95137445,In,54,0.361135159,0.50587296
10521442,2,3,3,3,Good,2.87921186,In,31,0.351793742,0.589467218
10521945,2,3,3,3,Good,2.231802805,In,8,0.147802569,0.679336074
10522385,3,3,3,3,Good,1.51118547,In,22,0.122138582,0.877071622
10523660,2,3,3,3,Good,2.249193976,In,49,0.313598903,0.296528569
10524534,2,3,3,3,Good,2.271778389,In,26,0.127192901,0.797133697
10525654,2,3,3,3,Good,2.48037285,In,33,0.176968266,0.764536181
10526333,2,3,3,3,Good,2.287589759,In,12,0.197226418,0.65287339
10527506,2,3,3,3,Good,2.917760978,In,12,0.245454943,0.641682218
10528159,3,3,3,3,Good,1.685095042,In,22,0.240067665,0.722346147
10528313,3,3,3,3,Good,2.256416994,In,46,0.198799792,0.760914435
10528345,3,3,3,3,Good,1.983643775,In,28,0.201874108,0.816161214
10529392,3,3,3,3,Good,2.087353941,In,28,0.243573482,0.716395899
10529452,2,3,3,3,Good,2.429292651,In,72,0.180782084,0.843283141
10529928,2,3,2,3,Good,2.446051574,In,8,0.376167911,0.317278197
10530258,3,3,3,3,Good,2.613545075,In,10,0.262355207,0.706981731
10530623,2,3,3,3,Good,3.547061274,In,87,0.320860011,0.640042685
10531381,2,3,3,3,Good,2.072424998,In,8,0.204359868,0.507239801
10531404,3,3,1,3,Good,2.561330086,Outside AD,63,0.313728017,0.647127424
10531584,3,3,3,3,Good,1.826205932,In,4,0.211737379,0.810340929
10531746,2,3,3,3,Good,2.412358734,In,44,0.290184769,-0.261204763
10531788,2,3,3,3,Good,2.438350357,In,8,0.408825399,0.411431915
10531870,2,3,3,3,Good,1.856769828,In,19,0.186407411,0.802671128
10531995,2,3,3,3,Good,2.914109225,In,8,0.346159904,0.452641647
10540102,2,3,3,3,Good,3.413422546,In,55,0.34322277,0.584058746
10546053,2,3,3,3,Good,1.258270369,In,68,0.106956363,0.859796695
10548322,3,3,3,3,Good,2.38286318,In,3,0.268261108,0.716379856
10548555,2,3,3,3,Good,2.568707276,In,3,0.223445206,0.769801474
10549707,2,3,1,3,Good,2.535249925,Outside AD,91,0.344738199,0.667733459
10549832,2,3,3,3,Good,2.572954258,In,1,0.222675121,0.831101418
10550830,2,3,3,3,Good,1.578426012,In,10,0.221085017,0.771059455
10550985,2,3,3,3,Good,2.023842718,In,8,0.230044776,0.635263062
10551583,2,3,3,3,Good,1.78669912,In,10,0.294242104,0.740481736
10551675,2,3,3,3,Good,2.29504748,In,8,0.19511476,0.575441337
10553082,2,3,3,3,Good,2.77958313,In,44,0.22289893,0.186189009
10553215,2,3,2,3,Good,3.454559157,In,44,0.368730958,-0.519331295
10553900,3,3,3,3,Good,2.507298073,In,72,0.226240432,0.77676798
10553968,3,3,3,3,Good,2.720668464,In,79,0.114335432,0.881954676
10554286,2,3,3,3,Good,2.046977086,In,8,0.230322643,0.567964578
10554366,2,3,1,3,Good,2.217995106,Outside AD,8,0.433089543,0.257703681
10554919,2,3,3,3,Good,2.11709832,In,8,0.379889674,0.579951165
10555493,2,3,3,3,Good,2.043867385,In,36,0.283741532,0.586859746
10555520,2,3,3,3,Good,2.820777744,In,79,0.16926928,0.81501891
10556125,2,3,1,3,Good,2.707404344,Outside AD,91,0.215304203,0.771326386
10556425,2,3,3,3,Good,2.220071227,In,8,0.326512602,0.534656682
10556704,2,3,3,3,Good,2.407550813,In,1,0.220947025,0.834440614
10556745,2,3,3,3,Good,2.192315132,In,8,0.322638389,0.548397568
10567880,2,3,2,3,Good,2.292369088,In,44,0.307187641,-0.04140325
10569293,2,3,3,3,Good,2.199772924,In,8,0.313345993,0.464482348
10569527,2,3,1,3,Good,2.49273534,Outside AD,91,0.274682121,0.747276052
10570076,2,3,3,3,Good,2.78843749,In,79,0.131549724,0.841397555
10570762,3,2,3,3,Good,3.688593081,In,63,0.366131593,0.613313964
10571558,2,3,3,3,Good,2.298193184,In,3,0.203495071,0.763000498
10572832,2,3,3,3,Good,2.859423717,In,55,0.14437592,0.864165454
10573133,2,3,2,3,Good,2.458463426,In,44,0.1766282,-1.846705243
10573359,2,3,2,3,Good,2.87931926,In,8,0.397724472,0.320117673
10573385,2,3,3,3,Good,3.192672163,In,79,0.199961804,0.783831777
10573610,2,3,3,3,Good,2.017012447,In,10,0.232989291,0.775659081
10574347,2,3,3,3,Good,2.860748828,In,49,0.306500716,0.363305445
10575117,2,3,2,3,Good,3.271661835,In,44,0.405513809,-0.438712766
10576455,2,3,3,3,Good,2.36341263,In,13,0.248684966,0.355673995
10577210,2,3,3,3,Good,1.855161768,In,31,0.197695279,0.773212189
10577734,3,3,3,3,Good,1.943907987,In,12,0.08218169,0.89087542
10578381,2,3,3,3,Good,3.059042773,In,36,0.315972641,0.52709553
10578811,2,3,3,3,Good,1.490909837,In,15,0.266355791,0.689035743
10578994,2,3,3,3,Good,2.309432802,In,6,0.02863483,0.955995544
10579134,3,3,3,3,Good,1.977682786,In,4,0.215419599,0.7962756
10579577,2,3,3,3,Good,1.882561756,In,4,0.22234141,0.788382372
10579873,2,3,3,3,Good,2.268392618,In,8,0.309679142,0.406776578
10579957,2,3,3,3,Good,3.016114388,In,59,0.278655145,0.458936951
10579958,3,3,3,3,Good,1.860063526,In,4,0.208338615,0.82546054
10580634,2,3,3,3,Good,2.763256277,In,55,0.125179025,0.812254809
10581542,2,3,3,3,Good,2.645368804,In,1,0.324491716,0.802745252
10586261,2,3,3,3,Good,1.994398978,In,8,0.191350183,0.554733064
10588833,2,3,3,3,Good,2.518960434,In,8,0.335354133,0.516826561
10590036,2,3,3,3,Good,2.335712086,In,8,0.23738527,0.440515173
10590123,2,3,3,3,Good,2.302564797,In,79,0.184333888,0.769153859
10590921,2,3,3,3,Good,3.093717534,In,79,0.250982853,0.769364301
10591194,2,3,3,3,Good,2.203746081,In,8,0.176498465,0.552863463
10591326,2,3,3,3,Good,2.504154208,In,36,0.051137201,0.929845433
10593486,3,3,3,3,Good,1.615918179,In,10,0.123836819,0.872579303
10595825,2,3,3,3,Good,2.676939099,In,49,0.12672052,0.745926205
10595901,2,3,3,3,Good,2.422261627,In,8,0.28198234,0.454994344
10596030,2,3,3,3,Good,2.48936521,In,72,0.19803222,0.803235951
10598564,3,3,3,3,Good,1.780694314,In,18,0.25021654,0.701065153
10598739,2,3,3,3,Good,2.780105815,In,59,0.173843511,0.681578299
10599219,2,3,3,3,Good,2.320314823,In,79,0.224751933,0.764562332
10599223,3,3,3,3,Good,1.542698562,In,30,0.230856523,0.748735553
10599524,2,3,3,3,Good,3.302647925,In,55,0.33748104,0.562699796
10600135,2,3,3,3,Good,2.331911215,In,36,0.12530032,0.850010767
10601603,2,3,3,3,Good,2.424414879,In,33,0.267505181,0.706328511
10601898,2,3,1,3,Good,2.559417634,Outside AD,91,0.294364757,0.678439539
10602534,3,3,3,3,Good,2.361701664,In,72,0.174001427,0.855916135
10602632,3,3,3,3,Good,2.325700599,In,72,0.176593695,0.854072707
10602982,2,3,3,3,Good,1.846098259,In,8,0.105282843,0.760113657
10603271,3,3,3,3,Good,3.335296194,In,70,0.233730398,0.699381955
10603288,2,3,2,3,Good,2.463827281,In,44,0.31269947,-0.343938159
10603308,3,3,1,3,Good,3.300474463,Outside AD,63,0.323081662,0.603957584
10603330,2,3,3,3,Good,3.003539113,In,55,0.215538088,0.66879446
10603650,2,3,2,3,Good,2.524875576,In,44,0.288229654,-0.437125134
10603949,2,3,3,3,Good,2.219709914,In,8,0.167176631,0.669877448
10609957,2,3,3,3,Good,2.694777535,In,55,0.09461034,0.860713324
10612359,2,3,3,3,Good,1.973278601,In,8,0.180644095,0.663846205
10614162,2,3,3,3,Good,2.704151078,In,79,0.077782751,0.908871222
10616677,2,3,3,3,Good,2.685902976,In,79,0.067692408,0.924565928
10617258,2,3,3,3,Good,2.512316212,In,3,0.220598881,0.78441834
10618358,2,3,3,3,Good,2.941827327,In,56,0.263700605,0.84298006
10621720,2,3,3,3,Good,2.670752639,In,36,0.408860787,0.498644345
10621925,2,3,3,3,Good,2.249600207,In,12,0.164594065,0.738357366
10622338,2,3,3,3,Good,2.407908162,In,6,0.096915783,0.841717333
10623709,2,3,3,3,Good,3.05119191,In,70,0.144053585,0.737485472
10624325,2,3,3,3,Good,2.382963152,In,12,0.24511896,0.617319389
10624326,2,3,3,3,Good,2.791716172,In,44,0.247124014,0.006821106
10624921,2,3,3,3,Good,2.429842022,In,12,0.2785505,0.598683452
10625432,2,3,1,3,Good,3.182037714,Outside AD,8,0.558911993,0.108386272
10625498,2,3,3,3,Good,1.852357677,In,13,0.278832324,0.338030013
10625577,2,3,3,3,Good,2.711590382,In,44,0.158227538,-0.395437399
10625920,2,3,3,3,Good,3.603466722,In,87,0.48378222,0.404799418
10626045,2,3,1,3,Good,2.48642506,Outside AD,44,0.330021333,-0.909786256
10626159,2,3,3,3,Good,2.568487702,In,55,0.050856859,0.918493429
10626432,2,3,3,3,Good,3.130677593,In,55,0.209330621,0.759336028
10626517,3,3,3,3,Good,2.244042672,In,46,0.232612667,0.721126122
10626638,2,3,3,3,Good,2.192501714,In,19,0.376193243,0.605210362
10626660,2,3,3,3,Good,3.22163013,In,55,0.240967371,0.755560382
10627088,2,3,3,3,Good,2.174149554,In,12,0.229527051,0.678991991
10629002,2,3,2,3,Good,2.209663408,In,8,0.33441238,0.334910023
10637356,2,3,3,3,Good,2.713300933,In,8,0.271468651,0.39674091
10637837,2,3,3,3,Good,3.176740949,In,78,0.180226111,0.792806773
10638676,2,3,3,3,Good,2.453550363,In,3,0.222866205,0.770533238
10638997,2,3,3,3,Good,2.418438901,In,55,0.185605236,0.773602065
10641036,3,3,3,3,Good,3.609462197,In,63,0.311355085,0.627815216
10641167,2,3,3,3,Good,2.291483654,In,26,0.085141795,0.863735373
10641880,2,3,3,3,Good,1.576022345,In,8,0.117282891,0.792540048
10642247,2,3,3,3,Good,2.178540007,In,59,0.106374058,0.814392853
10642427,2,3,3,3,Good,1.873007316,In,10,0.206465125,0.718459678
10642895,3,3,3,3,Good,2.160949541,In,34,0.251022392,0.817947893
10643039,3,3,3,3,Good,2.160949541,In,34,0.251022392,0.817947893
10643097,2,3,3,3,Good,2.894231272,In,37,0.273398732,0.706753517
10644204,2,3,3,3,Good,1.948430272,In,19,0.154201115,0.799705151
10645483,2,3,3,3,Good,2.871542071,In,6,0.214481244,0.604025552
10646221,2,3,3,3,Good,2.251304855,In,13,0.296815469,0.282214824
10646454,2,3,3,3,Good,2.115512314,In,33,0.051057204,0.910765474
10646809,3,3,1,3,Good,2.388494559,Outside AD,63,0.371048977,0.609678246
10646845,2,3,3,3,Good,3.176609665,In,55,0.242862495,0.684357982
10647981,2,3,3,3,Good,3.394923409,In,44,0.347976442,-0.560352663
10648258,2,3,1,3,Good,2.665248946,Outside AD,63,0.488539752,0.536972793
10648567,2,3,3,3,Good,2.932049125,In,79,0.19096076,0.76080729
10649456,2,3,3,3,Good,2.058693712,In,36,0.285423418,0.564258317
10649599,2,3,3,3,Good,2.498434495,In,1,0.231634448,0.806261924
10650055,2,3,1,3,Good,3.43899005,Outside AD,51,0.537043166,0.590953242
10650433,2,3,3,3,Good,2.440063227,In,8,0.224749032,0.620948042
10650626,2,3,3,3,Good,1.282391903,In,69,0.102394306,0.896466931
10650669,2,3,3,3,Good,2.724156076,In,3,0.316071345,0.698642334
10651407,2,3,3,3,Good,3.048650516,In,80,0.275662142,0.754128012
10660155,2,3,3,3,Good,2.380440898,In,59,0.092090457,0.812846881
10660861,2,3,3,3,Good,1.765771572,In,10,0.070726596,0.942196742
10663727,3,3,3,3,Good,3.41293121,In,79,0.274230658,0.657163898
10663914,2,3,3,3,Good,2.436199903,In,79,0.128686959,0.862581778
10666673,3,3,3,3,Good,2.564958874,In,72,0.248267871,0.74578556
10667055,2,3,3,3,Good,2.809283217,In,59,0.177014072,0.661475187
10667068,2,3,3,3,Good,2.282959829,In,31,0.208007226,0.751466586
10668342,3,3,1,3,Good,2.537770618,Outside AD,63,0.313757607,0.648867061
10668465,2,3,3,3,Good,2.54744116,In,79,0.136225371,0.840001746
10668538,2,3,3,3,Good,2.29340972,In,70,0.188094669,0.696947036
10668635,2,3,3,3,Good,2.700896925,In,8,0.281318566,0.543463086
10668774,3,3,1,3,Good,2.428886705,Outside AD,63,0.353624698,0.612916327
10669803,2,3,3,3,Good,1.912956091,In,8,0.19030545,0.632667818
10669899,2,3,1,3,Good,2.713540588,Outside AD,91,0.328004611,0.679590656
10669986,2,3,3,3,Good,3.223818015,In,70,0.2531491,0.506159282
10670010,3,3,3,3,Good,2.708995037,In,79,0.08746466,0.890321827
10670015,2,3,3,3,Good,2.458831295,In,3,0.225818475,0.767533537
10671564,2,3,3,3,Good,2.554691743,In,1,0.220776526,0.828253263
10671823,2,3,3,3,Good,2.988990689,In,56,0.137154715,0.901803889
10671899,2,3,2,3,Good,2.368444408,In,91,0.454297017,0.466831811
10672107,2,3,2,3,Good,2.348894156,In,91,0.447208728,0.48137273
10672619,3,3,3,3,Good,3.283194989,In,80,0.339069684,0.666607103
10672967,3,3,3,3,Good,2.716942848,In,49,0.275329016,0.575873633
10673194,2,3,3,3,Good,3.238673776,In,70,0.254010697,0.604627232
10673502,3,3,3,3,Good,2.046752976,In,33,0.109010838,0.824247234
10674224,3,3,3,3,Good,3.475273075,In,47,0.388499297,0.681969963
10674454,2,3,3,3,Good,1.986920606,In,36,0.169873865,0.792204662
10674507,3,3,3,3,Good,3.167901054,In,49,0.242053821,0.62663972
10674797,2,3,3,3,Good,2.201768348,In,44,0.249369266,-0.291052841
10674875,2,3,3,3,Good,2.303721005,In,6,0.068441956,0.889337376
10674909,2,3,3,3,Good,2.138412795,In,8,0.236461063,0.574157534
10684135,2,3,3,3,Good,3.318188957,In,79,0.190543649,0.784000517
10686902,2,3,3,3,Good,2.260980953,In,13,0.225058006,0.38684497
10687703,3,3,3,3,Good,1.960311632,In,4,0.153554806,0.827476731
10687714,2,3,3,3,Good,2.272082213,In,33,0.2288307,0.776158408
10689738,2,3,3,3,Good,2.439093042,In,1,0.229075478,0.807875825
10689832,2,3,3,3,Good,1.776876578,In,69,0.138822086,0.824565852
10690006,2,3,3,3,Good,2.068671472,In,8,0.240113893,0.521620274
10690422,2,3,3,3,Good,2.949494352,In,78,0.239430929,0.762477535
10691176,2,3,3,3,Good,2.389564489,In,1,0.222001275,0.834988722
10691901,2,3,3,3,Good,2.644786505,In,8,0.312665055,0.312211165
10694216,2,3,1,3,Good,2.288019786,Outside AD,63,0.420572116,0.559831708
10694367,2,3,3,3,Good,2.487176057,In,1,0.216053898,0.862201966
10694930,2,3,3,3,Good,2.33781944,In,1,0.233717715,0.820848973
10695332,3,3,3,3,Good,2.293966597,In,57,0.228354343,0.708356748
10696169,2,3,3,3,Good,2.764881017,In,56,0.285716308,0.763498672
10696225,2,3,3,3,Good,2.677687486,In,80,0.210661168,0.809058763
10696868,3,3,1,3,Good,2.536917597,Outside AD,63,0.322634733,0.6466037
10697885,3,3,3,3,Good,1.75828393,In,51,0.115380329,0.89403996
10698164,2,3,3,3,Good,1.956673007,In,8,0.173942867,0.591609891
10698207,2,3,3,3,Good,2.01464367,In,10,0.283437024,0.702869478
10698650,2,3,2,3,Good,2.911811516,In,44,0.376397162,-0.405362072
10699162,2,3,3,3,Good,2.025941247,In,33,0.096147896,0.876303153
10699575,2,3,3,3,Good,2.251780507,In,3,0.126799731,0.873862775
10699757,2,3,3,3,Good,2.160710745,In,8,0.340468112,0.552619066
10699830,2,3,3,3,Good,2.10525892,In,36,0.225525343,0.665243538
10706936,2,3,3,3,Good,1.84579577,In,61,0.147528656,0.805130806
10708728,2,3,3,3,Good,2.857277233,In,36,0.265908889,0.686803279
10713069,2,3,3,3,Good,1.996181647,In,8,0.189127541,0.601867667
10713070,2,3,3,3,Good,2.587470129,In,70,0.371914907,0.553228642
10713524,2,3,1,3,Good,2.460165958,Outside AD,8,0.607128096,0.011659261
10715302,2,3,3,3,Good,2.218463664,In,8,0.146430451,0.665458718
10715499,3,3,3,3,Good,3.327675092,In,79,0.250375669,0.656893057
10715919,3,3,3,3,Good,2.188895448,In,72,0.211912593,0.801902233
10716458,2,3,3,3,Good,3.393237436,In,78,0.227922658,0.791014452
10716527,2,3,3,3,Good,2.18631595,In,8,0.321449993,0.559059841
10717195,2,3,1,3,Good,2.807042767,Outside AD,44,0.481777372,-0.400835453
10717533,2,3,3,3,Good,2.316057592,In,36,0.45486107,0.424531804
10717800,2,3,3,3,Good,2.714171311,In,12,0.302393682,0.593362933
10718119,2,3,3,3,Good,1.45263905,In,28,0.140838079,0.899650796
10719290,2,3,3,3,Good,2.530321825,In,1,0.218437218,0.839922055
10721188,2,3,3,3,Good,2.762225386,In,79,0.115711952,0.859046395
10721988,2,3,3,3,Good,3.120422824,In,13,0.316977879,0.319024216
10722139,2,3,3,3,Good,2.823926627,In,59,0.286483831,0.550008897
10722823,2,3,3,3,Good,2.388033311,In,49,0.12133171,0.74765393
10722833,2,3,3,3,Good,3.499606023,In,87,0.294129179,0.676672252
10723165,2,3,3,3,Good,2.402422199,In,6,0.094763435,0.863386045
10730452,3,3,3,3,Good,1.588750423,In,4,0.232742005,0.736085578
10731776,2,3,3,3,Good,2.381011325,In,26,0.148112923,0.793981121
10735027,3,3,3,3,Good,2.498344993,In,72,0.12234706,0.913748227
10737090,2,3,2,3,Good,2.23889922,In,8,0.425064381,0.270497168
10737359,2,3,1,3,Good,2.636631028,Outside AD,91,0.331781992,0.684330789
10738967,2,3,3,3,Good,2.161093874,In,8,0.272777642,0.57740101
10739391,2,3,3,3,Good,2.319043453,In,55,0.059898563,0.932362014
10739811,3,3,1,3,Good,2.369346754,Outside AD,63,0.375397551,0.600841741
10740039,2,3,3,3,Good,1.407566999,In,17,0.075744902,0.890001289
10740297,2,3,3,3,Good,3.02308143,In,19,0.255540447,0.719993415
10740302,2,3,3,3,Good,1.958892107,In,33,0.078819928,0.8778447
10740727,2,3,2,3,Good,3.362221702,In,91,0.377878395,0.663656933
10741596,2,3,2,3,Good,2.520565006,In,44,0.325212684,-0.430682025
10744087,2,3,3,3,Good,2.412724838,In,8,0.198667637,0.55854215
10745157,2,3,3,3,Good,2.272740961,In,8,0.386911466,0.523937241
10745507,2,3,3,3,Good,2.755178129,In,79,0.108802993,0.872770265
10745563,2,3,3,3,Good,2.808697589,In,80,0.232607187,0.793838862
10745843,2,3,3,3,Good,2.879902035,In,79,0.171972245,0.791641134
10746388,2,3,3,3,Good,1.804176201,In,31,0.224281144,0.790234272
10746625,3,3,2,3,Good,2.818455535,In,70,0.195689883,0.711430246
10746825,2,3,3,3,Good,2.37746138,In,31,0.201360957,0.738273736
10758192,2,3,3,3,Good,3.179557816,In,70,0.234146846,0.541834458
10759152,3,3,3,3,Good,2.448717598,In,72,0.225071033,0.822238348
10759703,2,3,3,3,Good,3.428961929,In,44,0.383023225,0.004911888
10762796,2,3,3,3,Good,2.768326545,In,79,0.242721616,0.73060293
10763072,2,3,3,3,Good,2.771082258,In,6,0.151552088,0.742195996
10763452,2,3,3,3,Good,2.800818483,In,6,0.167639896,0.693856765
10764900,3,3,1,3,Good,2.851736155,Outside AD,63,0.344275644,0.607687785
10764976,2,3,3,3,Good,3.434108717,In,55,0.330490029,0.551173038
10765112,2,3,1,3,Good,2.830110239,Outside AD,91,0.28367815,0.721747006
10765153,2,3,3,3,Good,3.568790752,In,87,0.303529878,0.715611987
10765614,2,3,1,3,Good,3.096981319,Outside AD,91,0.197871741,0.809566551
10766060,2,3,3,3,Good,2.443593396,In,12,0.228608339,0.635284878
10767099,2,3,3,3,Good,2.067629824,In,8,0.322439022,0.569510426
10767562,2,3,3,3,Good,1.692032577,In,31,0.145669639,0.836275917
10767637,2,3,2,3,Good,2.845050342,In,44,0.405095429,-0.333595491
10767855,2,3,1,3,Good,2.762389166,Outside AD,63,0.455538744,0.530436833
10767876,2,3,3,3,Good,2.218522335,In,1,0.134696454,0.887695511
10768348,2,3,1,3,Good,2.7476891,Outside AD,91,0.443355103,0.539926698
10768403,2,3,3,3,Good,2.783867077,In,1,0.235246265,0.803939513
10768550,3,3,3,3,Good,2.654200761,In,12,0.255878714,0.630984079
10769070,3,3,3,3,Good,2.316417631,In,12,0.2254832,0.65393532
10769106,2,3,3,3,Good,1.919986394,In,13,0.197989708,0.43644613
10769251,2,3,3,3,Good,2.762168665,In,80,0.260885944,0.757967395
10769552,2,3,2,3,Good,3.276248521,In,56,0.432536467,0.732403444
10769782,2,3,3,3,Good,2.339565818,In,55,0.099817901,0.879164592
10770376,2,3,3,3,Good,1.97377193,In,31,0.140491486,0.823094588
10770516,3,3,3,3,Good,2.543994982,In,72,0.244275977,0.7523679
10770681,2,3,3,3,Good,2.944985386,In,70,0.195070889,0.664325221
10778469,2,3,3,3,Good,2.489982913,In,8,0.211497267,0.664502947
10781687,2,3,3,3,Good,2.647529627,In,55,0.09588886,0.858816271
10782518,3,3,3,3,Good,2.12422339,In,28,0.209353555,0.788352222
10783757,2,3,3,3,Good,2.596150338,In,78,0.134421777,0.862715998
10785138,2,3,3,3,Good,2.389644676,In,19,0.12751887,0.859220366
10785453,2,3,3,3,Good,2.853725865,In,55,0.175094119,0.729161006
10785656,2,3,3,3,Good,2.717197372,In,47,0.363511466,0.597132429
10787093,3,3,1,3,Good,3.516159751,Outside AD,91,0.357324217,0.65544479
10788426,2,3,3,3,Good,3.153951142,In,47,0.217590619,0.786946238
10789697,2,3,3,3,Good,2.630060411,In,78,0.203984777,0.739122805
10789883,2,3,3,3,Good,2.356421072,In,49,0.086841432,0.823404476
10790224,2,3,3,3,Good,2.260473964,In,37,0.178132761,0.797050911
10791135,2,3,3,3,Good,2.587688436,In,1,0.348853227,0.724752449
10791193,3,3,1,3,Good,2.242737295,Outside AD,51,0.402473617,0.682432405
10791524,2,3,3,3,Good,2.514385548,In,70,0.091317117,0.84787229
10791738,2,3,3,3,Good,2.29239408,In,6,0.039723196,0.934221834
10792038,2,3,3,3,Good,2.412425683,In,55,0.165037883,0.823726273
10792156,2,3,3,3,Good,2.551266576,In,55,0.12418765,0.825550678
10792249,2,3,3,3,Good,3.218690238,In,1,0.280034023,0.721851076
10792853,2,3,3,3,Good,1.933845694,In,33,0.095935268,0.857601073
10793143,2,3,3,3,Good,2.281483722,In,3,0.171738841,0.80063522
10793382,3,2,1,3,Good,3.648873196,Outside AD,91,0.354245934,0.666052683
10793873,2,3,3,3,Good,2.72060477,In,47,0.347882421,0.611861119
10793890,2,3,3,3,Good,1.803497918,In,26,0.093674939,0.849868768
10794144,2,3,3,3,Good,1.79259075,In,69,0.162462238,0.789270688
10794766,2,3,2,3,Good,2.377935528,In,8,0.435962071,0.250984546
10800304,2,3,3,3,Good,2.462321159,In,8,0.217722606,0.64827743
10806215,3,3,3,3,Good,2.831088196,In,47,0.220211833,0.779011462
10806463,2,3,3,3,Good,3.384198275,In,36,0.396663427,0.420873756
10807116,3,3,3,3,Good,2.96011978,In,51,0.308858157,0.73515658
10807507,2,3,3,3,Good,2.500978111,In,6,0.127375416,0.763652973
10809054,2,3,3,3,Good,2.4924745,In,19,0.201988814,0.77426767
10809073,2,3,3,3,Good,2.632100826,In,79,0.111338937,0.833087082
10809772,2,3,1,3,Good,3.017382589,Outside AD,91,0.16218954,0.818771587
10810513,3,2,1,3,Good,3.674333623,Outside AD,63,0.62663012,0.34937363
10811382,3,3,3,3,Good,2.557476672,In,10,0.221098863,0.769059971
10811655,2,3,3,3,Good,2.41298075,In,31,0.207419081,0.769106777
10812631,2,3,3,3,Good,2.866105282,In,1,0.170175261,0.847477601
10813243,2,3,3,3,Good,2.109808068,In,8,0.264945251,0.452379316
10813595,2,3,3,3,Good,3.043440332,In,37,0.268627194,0.723152899
10813629,3,3,3,3,Good,2.749953376,In,78,0.125113884,0.877975931
10813683,2,3,3,3,Good,2.936566721,In,37,0.227388797,0.723782034
10814601,3,3,3,3,Good,2.45129997,In,79,0.155858155,0.825233801
10815531,2,3,3,3,Good,2.06791971,In,4,0.096066784,0.88790359
10815661,2,3,3,3,Good,3.256762347,In,1,0.248388906,0.741938487
10816314,2,3,3,3,Good,2.304791024,In,79,0.122362257,0.867166472
10816729,2,3,3,3,Good,2.005549413,In,46,0.049271586,0.91586661
10817302,3,3,3,3,Good,1.624118861,In,22,0.242490614,0.723582844
10817590,2,3,3,3,Good,3.432163122,In,56,0.353613878,0.769367244
10818230,3,3,3,3,Good,1.858977061,In,46,0.108816892,0.871565006
10818708,2,3,3,3,Good,2.436452663,In,79,0.102866482,0.878187977
10818709,3,3,3,3,Good,2.52730573,In,78,0.222715708,0.74125608
10829187,2,3,3,3,Good,2.302056084,In,10,0.224318103,0.786609173
10830265,2,3,3,3,Good,2.171161194,In,59,0.141944599,0.757032095
10830985,2,3,3,3,Good,2.422365262,In,79,0.181032397,0.799622017
10831150,2,3,3,3,Good,2.439442876,In,79,0.15343966,0.826939603
10832307,2,3,3,3,Good,2.994567105,In,79,0.20618695,0.726288357
10833633,2,3,3,3,Good,3.32802926,In,55,0.297849613,0.524066928
10834146,2,3,3,3,Good,2.989897097,In,70,0.262508795,0.500130604
10835011,3,3,3,3,Good,2.862817284,In,49,0.159759057,0.711887433
10835134,3,3,3,3,Good,1.749925843,In,4,0.06979631,0.920682622
10835175,2,3,3,3,Good,2.666218637,In,70,0.289669673,0.654048818
10836172,3,3,2,3,Good,2.461016044,In,63,0.304201936,0.654088453
10836580,2,3,3,3,Good,2.839086088,In,49,0.239941729,0.553002369
10837417,2,3,3,3,Good,2.87613867,In,44,0.195668033,-0.082116266
10837805,3,3,2,3,Good,3.001185923,In,63,0.233650887,0.750984774
10837975,2,3,3,3,Good,2.943152016,In,44,0.284448305,-0.559976003
10838237,2,3,3,3,Good,1.602182059,In,1,0.170843087,0.82462957
10838979,3,3,3,3,Good,1.524978739,In,3,0.19300247,0.757286039
10839097,2,3,3,3,Good,2.597451499,In,78,0.17827403,0.818474822
10839754,2,3,3,3,Good,2.44368556,In,79,0.092437027,0.919573246
10839955,2,3,3,3,Good,1.978931373,In,13,0.078141049,0.646670996
10840471,3,3,3,3,Good,2.478047685,In,80,0.273698247,0.71025953
10840557,2,3,3,3,Good,2.966864649,In,79,0.17903535,0.786670862
10840687,2,3,3,3,Good,3.155434099,In,55,0.277155814,0.628269073
10840780,3,3,3,3,Good,2.084238807,In,46,0.222750403,0.782808978
10840963,2,3,3,3,Good,2.929149578,In,44,0.182339842,0.252584652
10841163,2,3,3,3,Good,3.04573082,In,49,0.222371055,0.535571683
10841556,2,3,3,3,Good,2.397720641,In,79,0.114528472,0.876357023
10841636,2,3,3,3,Good,2.913644582,In,59,0.269594206,0.556473335
10841730,3,3,3,3,Good,2.898584352,In,79,0.139418667,0.835242613
10842035,2,3,3,3,Good,2.646959071,In,59,0.167499592,0.726623348
10853141,2,3,3,3,Good,2.771092618,In,55,0.199679452,0.695308602
10854769,3,3,2,3,Good,2.752109419,In,63,0.196814346,0.756085889
10858891,3,3,3,3,Good,1.837313798,In,4,0.106148073,0.902907345
10861317,2,3,1,3,Good,3.026299875,Outside AD,91,0.370668616,0.685055474
10862422,2,3,3,3,Good,3.312711103,In,1,0.275920954,0.712041765
10863286,2,3,3,3,Good,2.970258246,In,56,0.202759215,0.846417603
10863738,3,3,3,3,Good,1.549535849,In,4,0.228980602,0.759156497
10864258,2,3,3,3,Good,1.591513621,In,69,0.235512035,0.749712184
10865067,3,3,3,3,Good,1.676035391,In,22,0.238975225,0.731577792
10865275,3,3,3,3,Good,1.65266701,In,4,0.237523941,0.73003267
10865286,2,3,3,3,Good,1.88896677,In,46,0.244540989,0.672176825
10865617,3,3,3,3,Good,1.550136747,In,30,0.230688197,0.747291792
10869333,2,3,2,3,Good,2.566428002,In,91,0.31144742,0.769300923
10869689,2,3,3,3,Good,2.124086221,In,10,0.198739958,0.732086934
10871480,2,3,3,3,Good,2.51391153,In,79,0.162947921,0.81890558
10871661,2,3,3,3,Good,2.015105139,In,46,0.056297735,0.920921245
10871718,2,3,3,3,Good,2.064714919,In,12,0.146006505,0.757078144
10872512,2,3,3,3,Good,2.849899695,In,12,0.246968618,0.622712224
10872792,2,3,3,3,Good,2.238001462,In,49,0.088027941,0.819932182
10873119,2,3,3,3,Good,1.905792389,In,10,0.118574995,0.868547735
10873391,2,3,2,3,Good,2.754319679,In,91,0.402809537,0.621416313
10873765,2,3,3,3,Good,2.516299434,In,12,0.260253308,0.528511484
10874466,2,3,3,3,Good,1.550327413,In,10,0.176527034,0.851158056
10875758,3,3,3,3,Good,1.734947774,In,10,0.210816629,0.729929729
10875861,2,3,3,3,Good,2.523433381,In,79,0.060071458,0.927351059
10881324,2,3,3,3,Good,1.74339124,In,4,0.105244162,0.881093546
10882209,2,3,3,3,Good,2.823196745,In,34,0.156467934,0.86653177
10882561,2,3,3,3,Good,3.059698928,In,19,0.247655319,0.773078825
10883743,2,3,3,3,Good,3.145099681,In,80,0.332972569,0.741636816
10884005,2,3,3,3,Good,3.16740425,In,55,0.29857752,0.556972673
10884691,2,3,3,3,Good,3.25170835,In,58,0.396047157,0.648413562
10884785,2,3,3,3,Good,2.681704737,In,70,0.198517337,0.714375405
10885040,2,3,3,3,Good,2.465129003,In,70,0.095492714,0.862719308
10885663,2,3,3,3,Good,2.554662037,In,70,0.092529824,0.870761556
10886609,3,3,3,3,Good,1.444645012,In,62,0.224568357,0.765972514
10887150,2,3,3,3,Good,1.816060252,In,10,0.24981722,0.719752632
10892452,2,3,3,3,Good,1.862657368,In,46,0.242121302,0.686553733
10893425,2,3,3,3,Good,2.741345893,In,49,0.161386349,0.55006636
10895121,3,3,3,3,Good,1.859067197,In,57,0.059724609,0.925751986
10895235,3,3,3,3,Good,2.802541149,In,34,0.196683348,0.803146186
10895354,3,3,3,3,Good,2.703025698,In,80,0.206410332,0.793787694
10895366,2,3,3,3,Good,2.151056013,In,70,0.233865911,0.723899255
10895926,2,3,3,3,Good,3.585686911,In,79,0.288810588,0.713278024
10896522,3,3,3,3,Good,2.12613195,In,49,0.303058633,0.515771273
10907984,2,3,3,3,Good,2.517634776,In,59,0.178895921,0.655224236
10915937,3,3,1,3,Good,3.455947772,Outside AD,63,0.407955646,0.56315077
10917870,2,3,3,3,Good,3.219224925,In,80,0.237211657,0.73439765
10940226,2,3,3,3,Good,2.591084649,In,1,0.236144703,0.795101441
10974311,2,3,3,3,Good,2.719875629,In,80,0.193802009,0.805156926
10981890,2,3,3,3,Good,2.538823373,In,3,0.228940486,0.768953817
10996158,2,3,3,3,Good,2.342555114,In,1,0.346485118,0.705789407
11035837,3,3,3,3,Good,1.826858631,In,11,0.261087607,0.66493242
11091825,3,3,3,3,Good,1.608754439,In,3,0.207241195,0.751035753
11123962,2,3,3,3,Good,1.491813295,In,3,0.372651538,0.659815759
11443057,2,3,3,3,Good,1.688037099,In,3,0.333204673,0.653736693
11474776,2,3,3,3,Good,2.894629761,In,80,0.326242827,0.655087163
11552959,3,3,3,3,Good,2.868594546,In,80,0.195922861,0.789988055
11718506,2,3,3,3,Good,2.000011505,In,33,0.251749026,0.692052262
11952594,3,3,3,3,Good,2.237460326,In,78,0.202407243,0.790108982
11952648,2,3,3,3,Good,2.515920075,In,78,0.129923428,0.870974517
11962432,3,3,3,3,Good,2.091868615,In,78,0.24576599,0.7335671
11962602,3,3,3,3,Good,2.309667235,In,46,0.22985555,0.740730346
12010410,2,3,1,3,Good,3.551984756,Outside AD,91,0.45089699,0.569007334
12270580,2,3,3,3,Good,3.615478972,In,80,0.347694137,0.659785181
12270582,2,3,3,3,Good,2.701794607,In,78,0.188479504,0.791409897
12270588,2,3,3,3,Good,2.826828771,In,72,0.233736373,0.7974973
12337637,2,3,3,3,Good,2.705016734,In,79,0.133744313,0.860036289
12337644,2,3,3,3,Good,2.814131124,In,72,0.173317997,0.850895903
12411067,2,3,1,3,Good,2.678992875,Outside AD,91,0.393186861,0.601339367
12510740,2,3,3,3,Good,2.264706181,In,44,0.200914521,-0.308287406
12537775,2,3,3,3,Good,3.269071814,In,1,0.257624574,0.730144295
12545293,2,3,3,3,Good,1.737298469,In,10,0.141960923,0.830662088
12627543,2,3,3,3,Good,1.519017998,In,10,0.142995188,0.896458159
12924739,3,3,3,3,Good,2.009377289,In,10,0.266999206,0.665428563
12967693,2,3,3,3,Good,1.835893973,In,54,0.170895633,0.813677804
13151324,2,3,3,3,Good,1.730350194,In,31,0.193981027,0.794210225
13151326,2,3,3,3,Good,3.070523023,In,34,0.191726339,0.83536232
13291760,2,3,3,3,Good,3.143646999,In,34,0.187666077,0.840851699
13408847,3,3,3,3,Good,3.279132461,In,34,0.270169516,0.759003739
13408851,2,3,3,3,Good,2.039942569,In,33,0.266985381,0.614350163
13431771,2,3,3,3,Good,2.310950552,In,1,0.229696415,0.795536977
13505423,2,3,3,3,Good,2.522413521,In,1,0.199740448,0.836792332
13505432,2,3,3,3,Good,1.98248564,In,56,0.350134992,0.725092369
13505443,3,3,3,3,Good,2.218949484,In,3,0.269430277,0.712856055
13505492,2,3,3,3,Good,2.633547464,In,59,0.201971607,0.65787776
13570327,2,3,3,3,Good,2.403839926,In,55,0.107557383,0.854212591
13633917,3,3,1,3,Good,2.745162799,Outside AD,51,0.488105106,0.59951828
13643752,3,3,2,3,Good,2.700954814,In,47,0.406640054,0.670019476
13709842,3,3,2,3,Good,2.84583266,In,63,0.431611562,0.52268668
13782272,3,3,3,3,Good,1.685578211,In,4,0.243336675,0.71297252
13827739,2,3,3,3,Good,1.911434946,In,4,0.229414414,0.752788064
13827740,2,3,3,3,Good,3.214578482,In,6,0.34313558,0.513327469
13827741,2,3,3,3,Good,2.561201297,In,6,0.246040608,0.691983701
13827742,3,3,3,3,Good,1.924055044,In,10,0.293206974,0.642462596
13827744,2,3,3,3,Good,1.856858029,In,69,0.138373112,0.832155244
13827747,3,3,3,3,Good,2.044302559,In,12,0.088530235,0.855024892
13839658,3,3,3,3,Good,1.860887227,In,46,0.084099642,0.885361882
13907618,2,3,3,3,Good,2.009314632,In,4,0.133475198,0.832959166
14008173,2,3,3,3,Good,2.392210179,In,56,0.354287249,0.69013416
14010416,2,3,3,3,Good,1.868967435,In,3,0.132782123,0.87850223
14031446,2,3,3,3,Good,1.851872399,In,4,0.146788984,0.814633183
14032485,2,3,3,3,Good,2.727785896,In,51,0.375285354,0.644805115
14032486,3,3,3,3,Good,2.249743822,In,72,0.421399772,0.662568397
14121742,2,3,3,3,Good,2.095169934,In,70,0.24014893,0.591414359
14243253,3,3,3,3,Good,2.446423421,In,12,0.271912714,0.575362489
14401888,3,3,3,3,Good,1.623141527,In,4,0.23352379,0.737513682
14419658,3,3,3,3,Good,1.596392687,In,4,0.23094771,0.744925518
14453170,2,3,3,3,Good,2.281624279,In,70,0.189853121,0.743071721
14512871,2,3,3,3,Good,2.749161469,In,19,0.267731835,0.704935399
14534038,2,3,3,3,Good,2.756841964,In,80,0.17712189,0.838221079
14598624,2,3,3,3,Good,2.900709432,In,80,0.320083196,0.722275375
14618226,2,3,3,3,Good,2.50221464,In,3,0.212584276,0.797465426
14619014,2,3,3,3,Good,2.953892228,In,80,0.328159643,0.738884886
14721515,2,3,3,3,Good,2.824044494,In,3,0.356606798,0.645778465
14751805,2,3,3,3,Good,2.413099534,In,79,0.1697053,0.810638555
14848719,2,3,3,3,Good,2.21481666,In,19,0.373890442,0.672357548
14848720,2,3,3,3,Good,3.245019765,In,72,0.145373013,0.903847308
14848723,2,3,3,3,Good,2.110075172,In,3,0.291174936,0.737867764
15176907,3,3,3,3,Good,3.090789201,In,80,0.324581347,0.688939619
15250469,2,3,3,3,Good,2.565766676,In,36,0.368517093,0.585330124
15250540,2,3,3,3,Good,3.596221768,In,80,0.375184873,0.626993064
15250560,3,3,3,3,Good,3.401833247,In,34,0.330210547,0.775628609
15353044,2,3,3,3,Good,3.007459946,In,80,0.310462593,0.729159906
15407961,2,3,3,3,Good,2.940228518,In,51,0.378692253,0.642378583
15606735,2,3,3,3,Good,3.059650708,In,34,0.071256854,0.950939706
15752804,2,3,3,3,Good,3.228302326,In,72,0.134432808,0.918751099
15869148,2,3,3,3,Good,2.843267446,In,19,0.315919848,0.66388491
15994514,2,3,3,3,Good,2.293120005,In,19,0.157918537,0.820037675
16084950,2,3,3,3,Good,2.293548118,In,19,0.297733908,0.726603987
16226212,2,3,3,3,Good,2.818827632,In,1,0.332273046,0.748342983
16273880,2,3,3,3,Good,2.403676185,In,79,0.089661736,0.89734323
16481605,2,3,3,3,Good,1.954628404,In,56,0.346126767,0.732987113
16645593,2,3,1,3,Good,3.472594198,Outside AD,63,0.474428709,0.504637153
16645594,3,3,3,3,Good,2.956853541,In,79,0.204868987,0.788059554
16645658,2,3,3,3,Good,2.59972251,In,79,0.148875272,0.82539753
17297009,2,3,3,3,Good,2.71885621,In,80,0.22261798,0.769992135
17297010,2,3,3,3,Good,2.000348397,In,59,0.265362041,0.637650908
17297011,2,3,3,3,Good,2.186418489,In,10,0.175114094,0.787253174
17297012,2,3,3,3,Good,2.212125651,In,10,0.194240088,0.755619815
17297013,2,3,3,3,Good,2.114573874,In,10,0.169661819,0.807190651
17297014,2,3,3,3,Good,2.020123557,In,10,0.130221395,0.837447304
17607517,2,3,1,3,Good,3.625125945,Outside AD,1,0.432479792,0.646565128
17765055,2,3,3,3,Good,2.207151291,In,49,0.115772546,0.785835311
17765062,2,3,3,3,Good,2.592342627,In,80,0.267310973,0.733118205
17765066,2,3,3,3,Good,3.054959414,In,79,0.160224755,0.858049146
17765071,2,3,3,3,Good,2.918251859,In,47,0.18136369,0.847005096
17765091,2,3,3,3,Good,3.586634628,In,79,0.292195917,0.710073123
17778353,2,3,3,3,Good,1.660782322,In,8,0.147673409,0.700689959
17778369,2,3,3,3,Good,2.09592022,In,59,0.251219785,0.651243636
17792405,2,3,3,3,Good,2.35833149,In,49,0.237055778,0.44094282
17792410,3,3,3,3,Good,2.155298272,In,12,0.225776395,0.679636414
17797176,3,3,3,3,Good,2.261272067,In,72,0.213462937,0.794298212
17843498,3,2,3,3,Good,3.887107598,In,47,0.317487139,0.769729035
18172662,2,3,3,3,Good,2.180010845,In,37,0.133165748,0.867288614
18327850,2,3,3,3,Good,2.351657309,In,79,0.091896419,0.895182086
18327862,2,3,3,3,Good,2.578696857,In,79,0.035987221,0.954959927
18327866,2,3,3,3,Good,2.010486155,In,49,0.217251183,0.522242538
18361636,2,3,3,3,Good,2.14281811,In,33,0.06239481,0.890848238
18401315,2,3,3,3,Good,1.713455271,In,10,0.103228866,0.900546616
18417504,3,3,3,3,Good,2.241990547,In,12,0.217832898,0.687564943
18432304,2,3,3,3,Good,2.314940054,In,70,0.217167476,0.638490368
18510120,2,3,3,3,Good,1.785081706,In,10,0.048989197,0.953736566
18515461,2,3,3,3,Good,2.143254858,In,31,0.282834782,0.653277593
18515463,2,3,3,3,Good,1.907685853,In,31,0.221242413,0.711128469
18515464,2,3,3,3,Good,1.923309534,In,10,0.242768246,0.72607236
18515534,2,3,3,3,Good,1.807454723,In,31,0.177196211,0.778948422
18522620,2,3,1,3,Good,2.954163734,Outside AD,44,0.291651911,-0.576162488
18522626,2,3,3,3,Good,2.403406201,In,49,0.253788608,0.35488916
18615995,2,3,3,3,Good,1.959730048,In,31,0.128407569,0.831110446
18619997,2,3,3,3,Good,1.918858909,In,31,0.164998506,0.779382131
18704197,2,3,3,3,Good,1.741377926,In,69,0.21205142,0.811300974
18710895,2,3,3,3,Good,2.111991383,In,59,0.248334255,0.667100134
18731167,2,3,3,3,Good,1.804799445,In,10,0.250633784,0.720259555
18782863,2,3,3,3,Good,1.957859574,In,31,0.111569629,0.873775437
18782894,2,3,3,3,Good,2.021868977,In,78,0.26590513,0.718080539
18793673,2,3,1,3,Good,2.943779722,Outside AD,44,0.340650538,-2.300778521
18947814,2,3,3,3,Good,2.748387663,In,1,0.267151532,0.769140054
18956392,2,3,3,3,Good,3.077026268,In,1,0.228881069,0.795678929
18956394,3,3,1,3,Good,2.850726454,Outside AD,12,0.394654536,0.444954027
18957587,2,3,3,3,Good,2.979264536,In,1,0.200171819,0.851272675
18995614,3,3,3,3,Good,3.004067601,In,51,0.341578332,0.631361154
18995615,2,3,3,3,Good,2.884720809,In,56,0.198077437,0.850424344
18995616,2,3,3,3,Good,3.201119852,In,72,0.131209589,0.925105856
18995618,3,3,3,3,Good,2.495613432,In,79,0.099903783,0.886975299
18996639,2,3,3,3,Good,2.446452113,In,1,0.122807414,0.868354533
19010642,2,3,3,3,Good,2.90012794,In,80,0.195919144,0.796330702
19070378,2,3,3,3,Good,2.580559117,In,13,0.209739405,0.374423245
19070382,2,3,3,3,Good,2.772787049,In,12,0.203059154,0.704384278
19070384,2,3,3,3,Good,3.348827312,In,1,0.260102451,0.723437519
19088388,2,3,3,3,Good,2.11080518,In,79,0.107051818,0.883082704
19092019,2,3,1,3,Good,2.987288778,Outside AD,91,0.318942872,0.721167681
19092021,2,3,3,3,Good,2.532402795,In,72,0.166452386,0.86650788
19092022,2,3,3,3,Good,2.057082311,In,10,0.243888919,0.756105148
19099802,2,3,3,3,Good,3.104226667,In,70,0.177469261,0.636759259
19133378,2,3,3,3,Good,2.219793802,In,70,0.203390357,0.652141709
19133379,2,3,3,3,Good,2.906612462,In,70,0.270618669,0.582110346
19133380,3,3,3,3,Good,1.622448415,In,4,0.234234974,0.733457686
19133382,3,3,3,3,Good,1.643703205,In,4,0.02994699,0.965689992
19133384,2,3,3,3,Good,1.841601422,In,31,0.197080779,0.758694701
19133385,2,3,3,3,Good,3.439732625,In,78,0.242454434,0.714532472
19349612,2,3,3,3,Good,3.395455244,In,79,0.217241984,0.80356678
19366135,2,3,3,3,Good,2.107008648,In,10,0.21850663,0.771692346
19366138,3,3,2,3,Good,2.582156133,In,63,0.153720477,0.832262615
19366141,3,2,3,3,Good,4.112259128,In,63,0.405040988,0.601056171
19366148,2,3,3,3,Good,2.042419398,In,70,0.339725875,0.618103891
19366153,2,3,3,3,Good,2.226544787,In,70,0.244288857,0.698384507
19366155,3,3,2,3,Good,3.250532126,In,63,0.309213126,0.613726893
19366169,2,3,3,3,Good,2.529779997,In,13,0.293318068,0.11899933
19366171,2,3,3,3,Good,2.31480638,In,6,0.12065682,0.801165156
19366176,2,3,3,3,Good,3.065195305,In,1,0.239823473,0.792616623
19366177,2,3,3,3,Good,2.546936427,In,79,0.025730982,0.96522408
19366195,2,3,3,3,Good,3.462776948,In,6,0.378004508,0.418360546
19366203,2,3,3,3,Good,2.718454865,In,72,0.198002304,0.834034518
19366207,2,3,3,3,Good,2.623777885,In,49,0.322025082,0.543289399
19366213,3,3,3,3,Good,2.424143437,In,72,0.190743067,0.823410064
19366222,2,3,3,3,Good,2.305398698,In,78,0.197926241,0.771570736
19366225,2,3,3,3,Good,2.086306982,In,4,0.107086845,0.87559545
19366226,3,3,3,3,Good,3.392094404,In,49,0.256694676,0.509982741
19366230,3,3,3,3,Good,3.622190993,In,47,0.262936194,0.800253254
19366233,2,3,3,3,Good,2.268942579,In,59,0.064982144,0.871608879
19366234,2,3,3,3,Good,1.836242031,In,4,0.213856776,0.807705342
19377165,3,3,3,3,Good,2.645850551,In,80,0.157123781,0.836858936
19378367,2,3,3,3,Good,2.211173988,In,1,0.116876746,0.878881808
19428442,2,3,3,3,Good,2.248390654,In,1,0.165008422,0.840493029
19431362,2,3,3,3,Good,2.461499348,In,1,0.119168478,0.869993798
19598225,2,3,3,3,Good,2.330275628,In,1,0.061505709,0.935307859
19598227,2,3,3,3,Good,2.251358713,In,1,0.077019291,0.917126557
19710934,2,3,3,3,Good,2.397641516,In,79,0.114599748,0.876280704
19710936,2,3,3,3,Good,2.409332371,In,79,0.104676223,0.89081384
19710941,2,3,3,3,Good,2.35236918,In,79,0.139444952,0.861834495
19710943,2,3,3,3,Good,2.116482834,In,33,0.059012165,0.903902028
19710944,2,3,3,3,Good,2.91049497,In,44,0.288397575,-0.014480316
19738350,2,3,3,3,Good,2.808672728,In,1,0.239593915,0.79892229
19739464,3,2,3,3,Good,3.952305553,In,87,0.388077259,0.519791664
19758721,2,3,3,3,Good,3.217775375,In,55,0.274784081,0.6322118
19777095,2,3,3,3,Good,3.3510113,In,1,0.275108919,0.772337669
19786005,2,3,3,3,Good,3.073113567,In,80,0.141586146,0.856359012
19786009,3,3,3,3,Good,1.983863135,In,4,0.219858553,0.782104689
19789192,2,3,3,3,Good,2.588688122,In,79,0.013927279,0.983403899
19802957,2,3,3,3,Good,2.88425769,In,55,0.153321188,0.816495028
19825579,2,3,3,3,Good,2.359375337,In,33,0.235220911,0.730957195
19825585,2,3,3,3,Good,2.932974013,In,78,0.133890131,0.855586924
19825593,2,3,3,3,Good,2.291043356,In,1,0.110909563,0.893890059
19847270,3,3,3,3,Good,2.162202496,In,46,0.222838261,0.777763594
19856932,2,3,3,3,Good,2.341887592,In,1,0.140411986,0.881047599
19871381,3,3,3,3,Good,1.97701783,In,4,0.2205252,0.779314814
19873557,2,3,3,3,Good,2.901292286,In,80,0.157710389,0.849267562
19880497,2,3,3,3,Good,2.485975999,In,79,0.065250508,0.922375051
19890132,3,3,3,3,Good,1.979471868,In,4,0.2115682,0.80412553
19892662,3,3,3,3,Good,2.005998203,In,4,0.227160035,0.76591227
19899539,2,3,3,3,Good,2.294369163,In,1,0.104259156,0.900647069
19899933,2,3,3,3,Good,2.447051881,In,6,0.233971148,0.757929312
19913378,2,3,3,3,Good,3.146272587,In,78,0.260769117,0.737217486
19913381,2,3,3,3,Good,2.350610007,In,33,0.235146178,0.740168663
19956668,3,3,3,3,Good,2.627065037,In,79,0.119671374,0.880472704
19967669,2,3,3,3,Good,2.532910996,In,79,0.075687882,0.908058293
19967671,2,3,3,3,Good,2.945836257,In,80,0.149896134,0.848846235
19967672,3,3,3,3,Good,2.130875873,In,78,0.228456646,0.774172786
19967673,2,3,3,3,Good,2.421300128,In,79,0.122782704,0.880921083
19967674,2,3,3,3,Good,2.360862565,In,79,0.138180995,0.876258414
19967676,2,3,3,3,Good,2.084657279,In,78,0.228694026,0.771398994
19967680,2,3,3,3,Good,2.685550484,In,79,0.068131634,0.91369841
19967681,2,3,3,3,Good,2.389827244,In,79,0.132928254,0.885364505
19967682,2,3,3,3,Good,3.095434445,In,80,0.198947702,0.807452643
19967684,2,3,3,3,Good,2.407271324,In,79,0.117199504,0.901646798
19967686,2,3,3,3,Good,2.86279172,In,78,0.157164569,0.833150239
19979202,2,3,3,3,Good,2.387951369,In,79,0.118741245,0.874436456
19986965,2,3,3,3,Good,1.866214303,In,4,0.21183523,0.820463347
19987039,2,3,3,3,Good,2.973562877,In,78,0.147001942,0.840241535
19987040,2,3,3,3,Good,2.395658774,In,79,0.135334568,0.876541266
19987043,3,3,3,3,Good,3.167112061,In,80,0.174175186,0.804515861
19987047,2,3,3,3,Good,2.505948676,In,79,0.046295945,0.944990927
19987049,2,3,3,3,Good,2.414377501,In,79,0.11933187,0.891171921
20032859,2,1,1,2,Moderate,4.593065212,Outside AD,87,0.588240177,0.3238942
20037358,2,2,2,2,Moderate,4.263204696,In,70,0.472687935,0.29840698
20037359,2,2,2,2,Moderate,4.170484487,In,87,0.259548564,0.729739317
20068012,2,2,1,2,Moderate,3.934005057,Outside AD,70,0.383671769,0.459677686
20070601,2,1,1,2,Moderate,5.482708253,Outside AD,87,0.642435194,0.634589116
20130391,2,1,3,2,Moderate,4.719596352,In,87,0.472993066,0.481600969
20133588,2,2,1,2,Moderate,4.096697588,Outside AD,87,0.339723372,0.720891202
20135279,2,2,2,2,Moderate,3.823222776,In,87,0.30557754,0.698464139
20136015,2,2,2,2,Moderate,3.654786138,In,1,0.365188011,0.701662911
20151183,2,2,1,2,Moderate,4.019494608,Outside AD,91,0.47803294,0.601940054
20209418,2,2,2,2,Moderate,3.692234633,In,79,0.416383128,0.590652491
20213909,2,2,1,2,Moderate,3.699439612,Outside AD,91,0.398428558,0.696301757
20228372,2,2,3,2,Moderate,3.748855582,In,87,0.264495386,0.647093307
20228373,2,2,3,2,Moderate,3.931687948,In,87,0.201244192,0.782925957
20228374,2,1,1,2,Moderate,5.978674076,Outside AD,91,0.654217742,0.60045737
20228375,2,1,1,2,Moderate,4.668665594,Outside AD,91,0.47790327,0.582787922
20234602,2,2,1,2,Moderate,4.253855985,Outside AD,63,0.577937593,0.354814787
20239895,2,2,3,2,Moderate,3.717079303,In,79,0.299498326,0.64738584
20239896,2,2,2,2,Moderate,4.158597423,In,87,0.164232239,0.815505287
20239898,2,2,3,2,Moderate,3.666389309,In,34,0.369272686,0.738303285
20249643,2,2,1,2,Moderate,4.236143972,Outside AD,87,0.334117767,0.733896948
20249645,2,2,3,2,Moderate,3.842364866,In,78,0.359358822,0.644757235
20258575,2,1,1,2,Moderate,4.912161698,Outside AD,91,0.432888043,0.617769364
20271876,2,1,1,2,Moderate,4.585021579,Outside AD,91,0.477590835,0.590514412
20274196,2,2,2,2,Moderate,3.795682729,In,1,0.393792324,0.720626318
20278520,2,1,3,2,Moderate,4.527828905,In,87,0.500379547,0.442715472
20278521,2,2,1,2,Moderate,4.237933558,Outside AD,91,0.435548668,0.595908058
20316266,2,2,1,2,Moderate,3.694779993,Outside AD,91,0.314618579,0.715247912
20316268,2,2,2,2,Moderate,4.008975075,In,87,0.330831428,0.650677574
20318290,1,3,1,2,Moderate,3.627353692,Outside AD,91,0.426849307,0.716577579
20345133,2,2,1,2,Moderate,3.774017452,Outside AD,63,0.577809397,0.638876212
20356520,2,2,3,2,Moderate,4.099979213,In,87,0.501564601,0.4301403
20383696,2,1,1,2,Moderate,4.50740652,Outside AD,87,0.438395124,0.626288854
20392449,2,2,2,2,Moderate,3.789434844,In,87,0.306997047,0.615017941
20392454,2,2,3,2,Moderate,3.828279135,In,80,0.39582427,0.625873944
20392456,2,2,1,2,Moderate,4.417945435,Outside AD,87,0.231607019,0.769548046
20392460,2,2,2,2,Moderate,4.213494538,In,87,0.36777466,0.614804931
20400267,2,1,1,2,Moderate,4.688120332,Outside AD,87,0.401322244,0.627633115
20429671,2,2,1,2,Moderate,4.450570245,Outside AD,91,0.581342049,0.49469879
20447384,2,2,1,2,Moderate,4.295135928,Outside AD,91,0.495099553,0.585343864
20454321,2,2,1,2,Moderate,4.230530735,Outside AD,63,0.569213336,0.361704437
20461727,2,2,2,2,Moderate,4.223601113,In,34,0.408755227,0.72725456
20463471,2,2,3,2,Moderate,3.712164088,In,80,0.335259036,0.689475981
20479560,2,2,3,2,Moderate,4.472164465,In,87,0.446445504,0.584181332
20479561,2,2,1,2,Moderate,4.270503256,Outside AD,87,0.401295634,0.603496377
20479562,2,2,3,2,Moderate,3.802761605,In,80,0.409905457,0.602304243
20479563,2,2,1,2,Moderate,4.201162487,Outside AD,91,0.426109798,0.597127738
20479564,2,2,1,2,Moderate,4.178904873,Outside AD,87,0.297077269,0.72749154
20479565,3,1,1,2,Moderate,4.62879011,Outside AD,63,0.668224039,0.459711113
20479567,2,2,3,2,Moderate,3.969056431,In,80,0.380926174,0.620958958
20479570,2,1,1,2,Moderate,4.546806097,Outside AD,87,0.326931228,0.693267096
20508811,2,2,2,2,Moderate,3.985189931,In,87,0.397167753,0.582679679
20512206,2,2,1,2,Moderate,4.416396411,Outside AD,91,0.468563598,0.643248326
20512214,2,1,1,2,Moderate,4.517031648,Outside AD,91,0.473485433,0.612374194
20512232,2,2,2,2,Moderate,4.036950957,In,87,0.189344144,0.769069981
20512241,2,2,1,2,Moderate,4.190487659,Outside AD,70,0.528964915,0.341665406
20512258,2,2,1,2,Moderate,3.799773026,Outside AD,91,0.233230032,0.771106742
20512263,2,2,3,2,Moderate,3.671788953,In,87,0.250872936,0.697882857
20520963,2,1,1,2,Moderate,4.487339149,Outside AD,91,0.473351732,0.609540123
20520974,2,2,2,2,Moderate,4.163010211,In,87,0.289070295,0.668849077
20520989,2,2,3,2,Moderate,3.714507303,In,87,0.309247653,0.608785834
20520991,1,3,1,2,Moderate,3.511147758,Outside AD,91,0.635043242,0.559659071
20520992,2,2,2,2,Moderate,4.142757917,In,87,0.205814725,0.710964711
20521006,2,2,3,2,Moderate,4.243331953,In,87,0.35599068,0.546266299
20521028,2,2,2,2,Moderate,4.215351859,In,87,0.190475015,0.746184495
20521031,2,2,3,2,Moderate,4.206333686,In,87,0.338757347,0.560984737
20521034,2,2,2,2,Moderate,4.070994573,In,87,0.326074707,0.582618298
20521036,2,2,2,2,Moderate,3.930498707,In,87,0.236963821,0.714591508
20521037,2,2,2,2,Moderate,4.382422579,In,87,0.21605909,0.700776169
20521051,2,2,3,2,Moderate,3.793047817,In,87,0.211138794,0.75697123
20521055,2,2,3,2,Moderate,4.181379118,In,87,0.341021171,0.531080356
20521068,2,2,3,2,Moderate,4.244633246,In,87,0.354412763,0.541889044
20521073,2,2,2,2,Moderate,4.083924766,In,87,0.444810807,0.413885391
20521074,2,2,3,2,Moderate,3.732247789,In,44,0.398233642,-0.071599746
20521080,2,2,3,2,Moderate,3.809537822,In,87,0.221180565,0.715398752
20521090,2,2,3,2,Moderate,4.408906872,In,87,0.339760117,0.532368306
20521094,2,2,3,2,Moderate,3.894689179,In,87,0.216900675,0.730824437
20521099,2,2,2,2,Moderate,4.44469388,In,87,0.216521136,0.69576402
20521100,2,2,2,2,Moderate,3.74023429,In,1,0.381273615,0.712049775
20521104,2,2,2,2,Moderate,4.12881976,In,87,0.294283161,0.614552498
20521114,2,2,3,2,Moderate,3.801780048,In,87,0.211617419,0.795317132
20521116,2,2,3,2,Moderate,3.65744687,In,87,0.328558667,0.604461647
20521137,2,2,2,2,Moderate,3.668356863,In,1,0.370648311,0.732971261
20521145,2,2,3,2,Moderate,4.135239797,In,87,0.30958,0.592629044
20521151,2,2,1,2,Moderate,3.874439429,Outside AD,91,0.469441673,0.690121719
20521152,2,2,3,2,Moderate,3.726167385,In,34,0.228888248,0.854006289
20521159,2,2,3,2,Moderate,4.10528209,In,87,0.399198641,0.570996599
20521165,2,2,3,2,Moderate,3.902465118,In,1,0.439764795,0.60228037
20521166,2,2,3,2,Moderate,3.962016349,In,87,0.436053727,0.53752954
20521175,2,2,3,2,Moderate,4.108856807,In,87,0.39790331,0.572485915
20521185,2,2,3,2,Moderate,3.95744835,In,56,0.317636276,0.77187474
20521187,2,2,3,2,Moderate,4.3480486,In,34,0.403607304,0.709646501
20521199,2,2,2,2,Moderate,3.647937814,In,79,0.357351938,0.726670018
20521200,2,2,2,2,Moderate,3.930503536,In,87,0.200794575,0.76000038
20521201,2,2,3,2,Moderate,3.644101179,In,87,0.450938676,0.446473995
20521211,2,2,2,2,Moderate,4.064286222,In,87,0.266138206,0.723269347
20521214,2,2,1,2,Moderate,3.669301342,Outside AD,1,0.404234952,0.688322134
20521218,2,2,3,2,Moderate,3.698204009,In,79,0.294550361,0.698146582
20521222,2,2,1,2,Moderate,3.65625473,Outside AD,1,0.396969995,0.700305677
20521223,2,2,2,2,Moderate,4.023878511,In,87,0.25930933,0.752590458
20521229,2,2,2,2,Moderate,4.090276284,In,87,0.256350385,0.724874161
